{"credit":"MadewithBlockbench","texture_size":[64,64],"textures":{"0":"master_bedroom_furniture_v1:master_bedroom_picture_frame","particle":"master_bedroom_furniture_v1:master_bedroom_picture_frame"},"elements":[{"from":[5,21,16],"to":[11,24,16],"rotation":{"angle":0,"axis":"y","origin":[0,16,0]},"faces":{"north":{"uv":[0.5,6.5,2,5.75],"texture":"#0"},"east":{"uv":[0.5,5.75,0.625,5.5],"texture":"#0"},"south":{"uv":[2,6.5,0.5,5.75],"texture":"#0"},"west":{"uv":[0.5,5.75,0.625,5.5],"texture":"#0"},"up":{"uv":[4,5.5,0.5,5.375],"texture":"#0"},"down":{"uv":[4,5.375,0.5,5.5],"texture":"#0"}}},{"from":[1,2,15],"to":[2,20,15.5],"rotation":{"angle":0,"axis":"y","origin":[16,0,0]},"faces":{"north":{"uv":[0.375,5.125,0.125,9.625],"texture":"#0"},"east":{"uv":[0.5,5.125,0.375,9.625],"texture":"#0"},"south":{"uv":[0.375,5.125,0.125,9.625],"texture":"#0"},"west":{"uv":[0.5,5.125,0.375,9.625],"texture":"#0"}}},{"from":[1,1,15.5],"to":[15,21,16],"faces":{"north":{"uv":[3.5,0,7,5],"texture":"#0"},"east":{"uv":[0,5,0.125,10],"texture":"#0"},"south":{"uv":[10.5,0,14,5],"texture":"#0"},"west":{"uv":[0,5,0.125,10],"texture":"#0"},"up":{"uv":[3.625,5.125,0.125,5],"texture":"#0"},"down":{"uv":[3.625,5,0.125,5.125],"texture":"#0"}}},{"from":[1,1,15],"to":[15,2,15.5],"faces":{"north":{"uv":[0.5,5.125,4,5.375],"texture":"#0"},"east":{"uv":[0.5,5.5,0.625,5.75],"texture":"#0"},"south":{"uv":[0.5,5.125,4,5.375],"texture":"#0"},"west":{"uv":[0.5,5.5,0.625,5.75],"texture":"#0"},"up":{"uv":[4,5.5,0.5,5.375],"texture":"#0"},"down":{"uv":[4,5.375,0.5,5.5],"texture":"#0"}}},{"from":[14,2,15],"to":[15,20,15.5],"faces":{"north":{"uv":[0.125,5.125,0.375,9.625],"texture":"#0"},"east":{"uv":[0.375,5.125,0.5,9.625],"texture":"#0"},"south":{"uv":[0.125,5.125,0.375,9.625],"texture":"#0"},"west":{"uv":[0.375,5.125,0.5,9.625],"texture":"#0"}}},{"from":[1,20,15],"to":[15,21,15.5],"rotation":{"angle":0,"axis":"y","origin":[0,16,0]},"faces":{"north":{"uv":[0.5,5.375,4,5.125],"texture":"#0"},"east":{"uv":[0.5,5.75,0.625,5.5],"texture":"#0"},"south":{"uv":[0.5,5.375,4,5.125],"texture":"#0"},"west":{"uv":[0.5,5.75,0.625,5.5],"texture":"#0"},"up":{"uv":[4,5.5,0.5,5.375],"texture":"#0"},"down":{"uv":[4,5.375,0.5,5.5],"texture":"#0"}}},{"from":[20,20,16],"to":[26,23,16],"rotation":{"angle":0,"axis":"y","origin":[0,16,0]},"faces":{"north":{"uv":[0.5,6.5,2,5.75],"texture":"#0"},"east":{"uv":[0.5,5.75,0.625,5.5],"texture":"#0"},"south":{"uv":[2,6.5,0.5,5.75],"texture":"#0"},"west":{"uv":[0.5,5.75,0.625,5.5],"texture":"#0"},"up":{"uv":[4,5.5,0.5,5.375],"texture":"#0"},"down":{"uv":[4,5.375,0.5,5.5],"texture":"#0"}}},{"from":[16,1,15],"to":[17,19,15.5],"rotation":{"angle":0,"axis":"y","origin":[16,0,0]},"faces":{"north":{"uv":[0.375,5.125,0.125,9.625],"texture":"#0"},"east":{"uv":[0.5,5.125,0.375,9.625],"texture":"#0"},"south":{"uv":[0.375,5.125,0.125,9.625],"texture":"#0"},"west":{"uv":[0.5,5.125,0.375,9.625],"texture":"#0"}}},{"from":[16,0,15.5],"to":[30,20,16],"faces":{"north":{"uv":[0,0,3.5,5],"texture":"#0"},"east":{"uv":[0,5,0.125,10],"texture":"#0"},"south":{"uv":[10.5,0,14,5],"texture":"#0"},"west":{"uv":[0,5,0.125,10],"texture":"#0"},"up":{"uv":[3.625,5.125,0.125,5],"texture":"#0"},"down":{"uv":[3.625,5,0.125,5.125],"texture":"#0"}}},{"from":[16,0,15],"to":[30,1,15.5],"faces":{"north":{"uv":[0.5,5.125,4,5.375],"texture":"#0"},"east":{"uv":[0.5,5.5,0.625,5.75],"texture":"#0"},"south":{"uv":[0.5,5.125,4,5.375],"texture":"#0"},"west":{"uv":[0.5,5.5,0.625,5.75],"texture":"#0"},"up":{"uv":[4,5.5,0.5,5.375],"texture":"#0"},"down":{"uv":[4,5.375,0.5,5.5],"texture":"#0"}}},{"from":[29,1,15],"to":[30,19,15.5],"faces":{"north":{"uv":[0.125,5.125,0.375,9.625],"texture":"#0"},"east":{"uv":[0.375,5.125,0.5,9.625],"texture":"#0"},"south":{"uv":[0.125,5.125,0.375,9.625],"texture":"#0"},"west":{"uv":[0.375,5.125,0.5,9.625],"texture":"#0"}}},{"from":[16,19,15],"to":[30,20,15.5],"rotation":{"angle":0,"axis":"y","origin":[0,16,0]},"faces":{"north":{"uv":[0.5,5.375,4,5.125],"texture":"#0"},"east":{"uv":[0.5,5.75,0.625,5.5],"texture":"#0"},"south":{"uv":[0.5,5.375,4,5.125],"texture":"#0"},"west":{"uv":[0.5,5.75,0.625,5.5],"texture":"#0"},"up":{"uv":[4,5.5,0.5,5.375],"texture":"#0"},"down":{"uv":[4,5.375,0.5,5.5],"texture":"#0"}}},{"from":[-14,1,15],"to":[-13,19,15.5],"rotation":{"angle":0,"axis":"y","origin":[16,0,0]},"faces":{"north":{"uv":[0.375,5.125,0.125,9.625],"texture":"#0"},"east":{"uv":[0.5,5.125,0.375,9.625],"texture":"#0"},"south":{"uv":[0.375,5.125,0.125,9.625],"texture":"#0"},"west":{"uv":[0.5,5.125,0.375,9.625],"texture":"#0"}}},{"from":[-14,0,15.5],"to":[0,20,16],"faces":{"north":{"uv":[7,0,10.5,5],"texture":"#0"},"east":{"uv":[0,5,0.125,10],"texture":"#0"},"south":{"uv":[10.5,0,14,5],"texture":"#0"},"west":{"uv":[0,5,0.125,10],"texture":"#0"},"up":{"uv":[3.625,5.125,0.125,5],"texture":"#0"},"down":{"uv":[3.625,5,0.125,5.125],"texture":"#0"}}},{"from":[-14,0,15],"to":[0,1,15.5],"faces":{"north":{"uv":[0.5,5.125,4,5.375],"texture":"#0"},"east":{"uv":[0.5,5.5,0.625,5.75],"texture":"#0"},"south":{"uv":[0.5,5.125,4,5.375],"texture":"#0"},"west":{"uv":[0.5,5.5,0.625,5.75],"texture":"#0"},"up":{"uv":[4,5.5,0.5,5.375],"texture":"#0"},"down":{"uv":[4,5.375,0.5,5.5],"texture":"#0"}}},{"from":[-1,1,15],"to":[0,19,15.5],"faces":{"north":{"uv":[0.125,5.125,0.375,9.625],"texture":"#0"},"east":{"uv":[0.375,5.125,0.5,9.625],"texture":"#0"},"south":{"uv":[0.125,5.125,0.375,9.625],"texture":"#0"},"west":{"uv":[0.375,5.125,0.5,9.625],"texture":"#0"}}},{"from":[-14,19,15],"to":[0,20,15.5],"rotation":{"angle":0,"axis":"y","origin":[0,16,0]},"faces":{"north":{"uv":[0.5,5.375,4,5.125],"texture":"#0"},"east":{"uv":[0.5,5.75,0.625,5.5],"texture":"#0"},"south":{"uv":[0.5,5.375,4,5.125],"texture":"#0"},"west":{"uv":[0.5,5.75,0.625,5.5],"texture":"#0"},"up":{"uv":[4,5.5,0.5,5.375],"texture":"#0"},"down":{"uv":[4,5.375,0.5,5.5],"texture":"#0"}}},{"from":[-10,20,16],"to":[-4,23,16],"rotation":{"angle":0,"axis":"y","origin":[0,16,0]},"faces":{"north":{"uv":[0.5,6.5,2,5.75],"texture":"#0"},"east":{"uv":[0.5,5.75,0.625,5.5],"texture":"#0"},"south":{"uv":[2,6.5,0.5,5.75],"texture":"#0"},"west":{"uv":[0.5,5.75,0.625,5.5],"texture":"#0"},"up":{"uv":[4,5.5,0.5,5.375],"texture":"#0"},"down":{"uv":[4,5.375,0.5,5.5],"texture":"#0"}}}],"gui_light":"front","display":{"thirdperson_righthand":{"rotation":[67.5,0,0],"translation":[0,2,-0.25],"scale":[0.25305,0.25305,0.25305]},"thirdperson_lefthand":{"rotation":[67.5,0,0],"translation":[0,2,-0.25],"scale":[0.25305,0.25305,0.25305]},"firstperson_righthand":{"translation":[-1.75,3.25,1],"scale":[0.27117,0.27117,0.27117]},"firstperson_lefthand":{"translation":[-1.75,3.25,1],"scale":[0.27117,0.27117,0.27117]},"ground":{"translation":[0,3,-1.75],"scale":[0.25,0.25,0.25]},"gui":{"rotation":[30,225,0],"translation":[1.75,-1.75,0],"scale":[0.3518,0.3518,0.3518]},"head":{"translation":[0,-28.75,0],"scale":[0,0,0]},"fixed":{"translation":[-0.5,-4.25,-16],"scale":[2,2,2]}}}