{"credit":"MadewithBlockbench","texture_size":[32,32],"textures":{"0":"master_bedroom_furniture_v1:master_bedroom_vase","particle":"master_bedroom_furniture_v1:master_bedroom_vase"},"elements":[{"from":[3,0,7],"to":[7,4,11],"rotation":{"angle":-45,"axis":"y","origin":[5,3.25,8]},"faces":{"north":{"uv":[6.5,2,8.5,4],"texture":"#0"},"east":{"uv":[6.5,2,8.5,4],"texture":"#0"},"south":{"uv":[6.5,2,8.5,4],"texture":"#0"},"west":{"uv":[6.5,2,8.5,4],"texture":"#0"},"up":{"uv":[8.5,2,6.5,0],"texture":"#0"},"down":{"uv":[8.5,0,6.5,2],"texture":"#0"}}},{"from":[3.5,4,7.5],"to":[6.5,5,10.5],"rotation":{"angle":-45,"axis":"y","origin":[5,3.25,8]},"faces":{"north":{"uv":[5,4,6.5,4.5],"texture":"#0"},"east":{"uv":[5,4,6.5,4.5],"texture":"#0"},"south":{"uv":[5,4,6.5,4.5],"texture":"#0"},"west":{"uv":[5,4,6.5,4.5],"texture":"#0"},"up":{"uv":[6.5,4,5,2.5],"texture":"#0"}}},{"from":[8,1,8],"to":[14,6,14],"rotation":{"angle":22.5,"axis":"y","origin":[11,4.25,11]},"faces":{"north":{"uv":[0,3,3,5.5],"texture":"#0"},"east":{"uv":[0,3,3,5.5],"texture":"#0"},"south":{"uv":[0,3,3,5.5],"texture":"#0"},"west":{"uv":[0,3,3,5.5],"texture":"#0"},"up":{"uv":[3,3,0,0],"texture":"#0"},"down":{"uv":[3,0,0,3],"texture":"#0"}}},{"from":[9.5,6,9.5],"to":[12.5,10,12.5],"rotation":{"angle":22.5,"axis":"y","origin":[11,4.25,11]},"faces":{"north":{"uv":[3,1.5,4.5,3.5],"texture":"#0"},"east":{"uv":[3,1.5,4.5,3.5],"texture":"#0"},"south":{"uv":[3,1.5,4.5,3.5],"texture":"#0"},"west":{"uv":[3,1.5,4.5,3.5],"texture":"#0"},"up":{"uv":[4.5,1.5,3,0],"texture":"#0"}}},{"from":[9,0,9],"to":[13,1,13],"rotation":{"angle":22.5,"axis":"y","origin":[11,4.25,11]},"faces":{"north":{"uv":[4.5,2,6.5,2.5],"texture":"#0"},"east":{"uv":[4.5,2,6.5,2.5],"texture":"#0"},"south":{"uv":[4.5,2,6.5,2.5],"texture":"#0"},"west":{"uv":[4.5,2,6.5,2.5],"texture":"#0"},"down":{"uv":[6.5,0,4.5,2],"texture":"#0"}}}],"gui_light":"front","display":{"thirdperson_righthand":{"rotation":[67.5,24.5,0],"translation":[0,3,2.5],"scale":[0.52727,0.52727,0.52727]},"thirdperson_lefthand":{"rotation":[67.5,-24.5,0],"translation":[0,3,2.25],"scale":[0.52727,0.52727,0.52727]},"firstperson_righthand":{"translation":[-4.25,6.5,1.5],"scale":[0.60359,0.60359,0.60359]},"firstperson_lefthand":{"translation":[-1.75,6.5,1.5],"scale":[0.60359,0.60359,0.60359]},"ground":{"translation":[0.75,6.75,0],"scale":[0.72266,0.72266,0.72266]},"gui":{"rotation":[30,225,0],"translation":[1.75,1.75,0],"scale":[0.82375,0.82375,0.82375]},"head":{"translation":[0,-30.25,0],"scale":[0,0,0]},"fixed":{"rotation":[-90,0,0],"translation":[0,-3.25,-16],"scale":[2,2,2]}}}