{"credit":"MadewithBlockbench","texture_size":[64,64],"textures":{"0":"master_bedroom_furniture_v1:master_bedroom_work_table","particle":"master_bedroom_furniture_v1:master_bedroom_work_table"},"elements":[{"from":[-16,14,0],"to":[16,16,16],"faces":{"north":{"uv":[0,4,8,4.5],"texture":"#0"},"east":{"uv":[0,4.5,4,5],"texture":"#0"},"south":{"uv":[0,4,8,4.5],"texture":"#0"},"west":{"uv":[0,4.5,4,5],"texture":"#0"},"up":{"uv":[8,4,0,0],"texture":"#0"},"down":{"uv":[8,0,0,4],"texture":"#0"}}},{"from":[-14,10,1.5],"to":[-5,14,14.5],"faces":{"north":{"uv":[2.25,7,4.5,8],"texture":"#0"},"east":{"uv":[2.25,5,5.5,6],"texture":"#0"},"south":{"uv":[2.25,6,4.5,7],"texture":"#0"},"west":{"uv":[5.5,5,2.25,6],"texture":"#0"},"down":{"uv":[2.25,5,0,8.25],"texture":"#0"}}},{"from":[13,0,1],"to":[15,14,3],"faces":{"north":{"uv":[8,0,8.5,3.5],"texture":"#0"},"east":{"uv":[8,0,8.5,3.5],"texture":"#0"},"south":{"uv":[8,0,8.5,3.5],"texture":"#0"},"west":{"uv":[8,0,8.5,3.5],"texture":"#0"},"down":{"uv":[8.5,3.5,8,4],"texture":"#0"}}},{"from":[13,0,13],"to":[15,14,15],"rotation":{"angle":0,"axis":"y","origin":[0,0,16]},"faces":{"north":{"uv":[8.5,0,8,3.5],"texture":"#0"},"east":{"uv":[8.5,0,8,3.5],"texture":"#0"},"south":{"uv":[8.5,0,8,3.5],"texture":"#0"},"west":{"uv":[8.5,0,8,3.5],"texture":"#0"},"down":{"uv":[8.5,4,8,3.5],"texture":"#0"}}},{"from":[-15,0,13],"to":[-13,14,15],"rotation":{"angle":0,"axis":"y","origin":[16,0,16]},"faces":{"north":{"uv":[8,0,8.5,3.5],"texture":"#0"},"east":{"uv":[8,0,8.5,3.5],"texture":"#0"},"south":{"uv":[8,0,8.5,3.5],"texture":"#0"},"west":{"uv":[8,0,8.5,3.5],"texture":"#0"},"down":{"uv":[8,4,8.5,3.5],"texture":"#0"}}},{"from":[-15,0,1],"to":[-13,14,3],"rotation":{"angle":0,"axis":"y","origin":[16,0,0]},"faces":{"north":{"uv":[8.5,0,8,3.5],"texture":"#0"},"east":{"uv":[8.5,0,8,3.5],"texture":"#0"},"south":{"uv":[8.5,0,8,3.5],"texture":"#0"},"west":{"uv":[8.5,0,8,3.5],"texture":"#0"},"down":{"uv":[8,3.5,8.5,4],"texture":"#0"}}},{"from":[10,16,10],"to":[13,17,13],"rotation":{"angle":-22.5,"axis":"y","origin":[11.5,21.25,11.5]},"faces":{"north":{"uv":[0,11.75,0.75,12],"texture":"#0"},"east":{"uv":[0,11.75,0.75,12],"texture":"#0"},"south":{"uv":[0,11.75,0.75,12],"texture":"#0"},"west":{"uv":[0,11.75,0.75,12],"texture":"#0"},"up":{"uv":[0.75,11.75,0,11],"texture":"#0"}}},{"from":[11,17,11],"to":[12,27,12],"rotation":{"angle":-22.5,"axis":"y","origin":[11.5,21.25,11.5]},"faces":{"north":{"uv":[0,8.25,0.25,10.75],"texture":"#0"},"east":{"uv":[0,8.25,0.25,10.75],"texture":"#0"},"south":{"uv":[0,8.25,0.25,10.75],"texture":"#0"},"west":{"uv":[0,8.25,0.25,10.75],"texture":"#0"},"up":{"uv":[0.25,11,0,10.75],"texture":"#0"}}},{"from":[9,26,9],"to":[14,26,14],"rotation":{"angle":-22.5,"axis":"y","origin":[11.5,21.25,11.5]},"faces":{"up":{"uv":[1.5,9.5,0.25,8.25],"texture":"#0"},"down":{"uv":[1.5,8.25,0.25,9.5],"texture":"#0"}}},{"from":[9,21,9],"to":[14,27,9],"rotation":{"angle":-22.5,"axis":"y","origin":[11.5,21.25,11.5]},"faces":{"north":{"uv":[0.25,9.5,1.5,11],"texture":"#0"},"south":{"uv":[0.25,9.5,1.5,11],"texture":"#0"}}},{"from":[8.96194,21,9.19134],"to":[8.96194,27,14.19134],"rotation":{"angle":-22.5,"axis":"y","origin":[11.96194,24,11.69134]},"faces":{"east":{"uv":[0.25,9.5,1.5,11],"texture":"#0"},"west":{"uv":[0.25,9.5,1.5,11],"texture":"#0"}}},{"from":[14.03714,21,8.80828],"to":[14.03714,27,13.80828],"rotation":{"angle":-22.5,"axis":"y","origin":[11.03714,24,11.30828]},"faces":{"east":{"uv":[0.25,9.5,1.5,11],"texture":"#0"},"west":{"uv":[0.25,9.5,1.5,11],"texture":"#0"}}},{"from":[9.19172,21,14.03714],"to":[14.19172,27,14.03714],"rotation":{"angle":-22.5,"axis":"y","origin":[11.69172,24,11.03714]},"faces":{"north":{"uv":[0.25,9.5,1.5,11],"texture":"#0"},"south":{"uv":[0.25,9.5,1.5,11],"texture":"#0"}}},{"from":[-12,16,11],"to":[-9,19,14],"rotation":{"angle":-22.5,"axis":"y","origin":[-10.5,19.25,12.5]},"faces":{"north":{"uv":[4.5,6,5.25,6.75],"texture":"#0"},"east":{"uv":[4.5,6,5.25,6.75],"texture":"#0"},"south":{"uv":[4.5,6,5.25,6.75],"texture":"#0"},"west":{"uv":[4.5,6,5.25,6.75],"texture":"#0"},"up":{"uv":[5.25,7.5,4.5,6.75],"texture":"#0"}}},{"from":[-12,19,12],"to":[-9,23,12],"rotation":{"angle":-22.5,"axis":"y","origin":[-10.5,19.25,12.5]},"faces":{"north":{"uv":[1.5,8.25,2.25,9.25],"texture":"#0"},"south":{"uv":[2.25,8.25,1.5,9.25],"texture":"#0"}}},{"from":[-12,19,13],"to":[-9,23,13],"rotation":{"angle":-22.5,"axis":"y","origin":[-10.5,19.25,12.5]},"faces":{"north":{"uv":[2.25,8.25,1.5,9.25],"texture":"#0"},"south":{"uv":[1.5,8.25,2.25,9.25],"texture":"#0"}}},{"from":[-10,19,11],"to":[-10,23,14],"rotation":{"angle":-22.5,"axis":"y","origin":[-10.5,21,12.5]},"faces":{"east":{"uv":[1.5,8.25,2.25,9.25],"texture":"#0"},"west":{"uv":[2.25,8.25,1.5,9.25],"texture":"#0"}}},{"from":[-11,19,11],"to":[-11,23,14],"rotation":{"angle":-22.5,"axis":"y","origin":[-10.5,21,12.5]},"faces":{"east":{"uv":[2.25,8.25,1.5,9.25],"texture":"#0"},"west":{"uv":[1.5,8.25,2.25,9.25],"texture":"#0"}}}],"gui_light":"front","display":{"thirdperson_righthand":{"rotation":[67.5,0,0],"translation":[1.75,1.25,-1],"scale":[0.27727,0.27727,0.27727]},"thirdperson_lefthand":{"rotation":[67.5,0,0],"translation":[-2.25,1.25,-1],"scale":[0.27727,0.27727,0.27727]},"firstperson_righthand":{"translation":[2.63,1.45,1.13],"scale":[0.38508,0.38508,0.38508]},"firstperson_lefthand":{"translation":[-3.12,1.45,1.13],"scale":[0.38508,0.38508,0.38508]},"ground":{"translation":[4.5,3.25,0],"scale":[0.42188,0.42188,0.42188]},"gui":{"rotation":[30,225,0],"translation":[-2,-2,0],"scale":[0.37055,0.37055,0.37055]},"head":{"rotation":[0,180,0],"translation":[0,-30.5,0],"scale":[0,0,0]},"fixed":{"rotation":[-90,0,0],"translation":[0,0,-16],"scale":[2,2,2]}}}