{"credit":"MadewithBlockbench","texture_size":[32,32],"textures":{"0":"theme_park_decoration_v1:tp_pennants2_texture","particle":"theme_park_decoration_v1:tp_pennants2_texture"},"elements":[{"from":[0,0.25,4],"to":[16,0.25,14],"faces":{"north":{"uv":[0,0,8,0],"texture":"#0"},"east":{"uv":[0,0,5,0],"texture":"#0"},"south":{"uv":[0,0,8,0],"texture":"#0"},"west":{"uv":[0,0,5,0],"texture":"#0"},"up":{"uv":[8,5,0,0],"texture":"#0"},"down":{"uv":[8,0,0,5],"texture":"#0"}}},{"from":[0,0,13.5],"to":[16,0.5,14],"faces":{"north":{"uv":[8,1.25,16,1],"texture":"#0"},"east":{"uv":[8,2,8.25,2.25],"texture":"#0"},"south":{"uv":[16,1.25,8,1],"texture":"#0"},"west":{"uv":[8,2.5,8.25,2.75],"texture":"#0"},"up":{"uv":[16,1.25,8,1],"texture":"#0"},"down":{"uv":[16,1.25,8,1],"texture":"#0"}}}],"gui_light":"front","display":{"thirdperson_righthand":{"rotation":[-25,0,0],"translation":[0,2.25,-2.25],"scale":[0.38477,0.38477,0.38477]},"thirdperson_lefthand":{"rotation":[-25,0,0],"translation":[0,2.25,-2.25],"scale":[0.38477,0.38477,0.38477]},"firstperson_righthand":{"rotation":[90,180,-50],"translation":[2.25,1,-0.75],"scale":[0.49023,0.49023,0.49023]},"firstperson_lefthand":{"rotation":[90,180,-50],"translation":[2.25,1,-0.75],"scale":[0.49023,0.49023,0.49023]},"ground":{"rotation":[-90,0,0],"translation":[0,2,-6],"scale":[0.8,0.8,0.8]},"gui":{"rotation":[-90,0,0],"translation":[0,-2.5,0],"scale":[0.94726,0.94726,0.94726]},"head":{"rotation":[90,180,0],"translation":[0,-30.4,0],"scale":[1.6,1.6,1.6]},"fixed":{"rotation":[-90,0,0],"translation":[0,0,-16],"scale":[2,2,2]}}}