{"credit":"Made with Blockbench","textures":{"3":"furnituresplus:furnituresplus/gray_wool","4":"furnituresplus:furnituresplus/iron_block"},"elements":[{"from":[0,14.3,0],"to":[16,16,13.5],"rotation":{"angle":0,"axis":"y","origin":[16,4,0]},"faces":{"north":{"uv":[16,2,8,3],"texture":"#4"},"east":{"uv":[16,3,8,4],"texture":"#4"},"south":{"uv":[16,3,0,4],"texture":"#4"},"west":{"uv":[16,3,8,4],"texture":"#4"},"up":{"uv":[16,0,0,16],"texture":"#4"},"down":{"uv":[16,8,8,16],"texture":"#4"}}},{"from":[-0.1,16,0.1],"to":[15.9,16.1,13.4],"rotation":{"angle":0,"axis":"y","origin":[16,4,0]},"faces":{"north":{"uv":[16,2,8,3],"texture":"#3"},"east":{"uv":[16,2,8,3],"texture":"#3"},"south":{"uv":[16,2,8,3],"texture":"#3"},"west":{"uv":[16,2,8,3],"texture":"#3"},"up":{"uv":[16,0,0,16],"texture":"#3"},"down":{"uv":[16,8,8,16],"texture":"#3"}}},{"from":[0.1,9.6,0],"to":[16,14.3,13.3],"rotation":{"angle":0,"axis":"y","origin":[0,4,0]},"faces":{"north":{"uv":[0,0,16,16],"texture":"#4"},"east":{"uv":[0,0,16,16],"texture":"#4"},"south":{"uv":[0,0,16,16],"texture":"#4"},"west":{"uv":[0,0,16,16],"texture":"#4"},"up":{"uv":[0,0,12,11],"texture":"#4"},"down":{"uv":[0,0,12,11],"texture":"#4"}}},{"from":[6.4,11.7,12.2],"to":[9.6,12.4,13.9],"rotation":{"angle":0,"axis":"y","origin":[0,4,0]},"faces":{"north":{"uv":[7,1,8.2,2.3],"texture":"#3"},"east":{"uv":[7,1,8,1.3],"texture":"#3"},"south":{"uv":[7,1,8.2,1.3],"texture":"#3"},"west":{"uv":[7,1,8,1.3],"texture":"#3"},"up":{"uv":[7,1,8.2,2],"texture":"#3"},"down":{"uv":[7,1,8.2,2],"texture":"#3"}}},{"from":[0.1,4.8,0],"to":[16,9.5,13.3],"rotation":{"angle":0,"axis":"y","origin":[0,4,0]},"faces":{"north":{"uv":[0,0,16,16],"texture":"#4"},"east":{"uv":[0,0,16,16],"texture":"#4"},"south":{"uv":[0,0,16,16],"texture":"#4"},"west":{"uv":[0,0,16,16],"texture":"#4"},"up":{"uv":[0,0,12,11],"texture":"#4"},"down":{"uv":[0,0,12,11],"texture":"#4"}}},{"from":[6.4,6.9,12.2],"to":[9.6,7.6,13.9],"rotation":{"angle":0,"axis":"y","origin":[0,4,0]},"faces":{"north":{"uv":[7,1,8.2,2.3],"texture":"#3"},"east":{"uv":[7,1,8,1.3],"texture":"#3"},"south":{"uv":[7,1,8.2,1.3],"texture":"#3"},"west":{"uv":[7,1,8,1.3],"texture":"#3"},"up":{"uv":[7,1,8.2,2],"texture":"#3"},"down":{"uv":[7,1,8.2,2],"texture":"#3"}}},{"from":[0.1,0,0],"to":[16,4.7,13.3],"rotation":{"angle":0,"axis":"y","origin":[0,4,0]},"faces":{"north":{"uv":[0,0,16,16],"texture":"#4"},"east":{"uv":[0,0,16,16],"texture":"#4"},"south":{"uv":[0,0,16,16],"texture":"#4"},"west":{"uv":[0,0,16,16],"texture":"#4"},"up":{"uv":[0,0,12,11],"texture":"#4"},"down":{"uv":[0,0,12,11],"texture":"#4"}}},{"from":[6.4,2.1,12.2],"to":[9.6,2.8,13.9],"rotation":{"angle":0,"axis":"y","origin":[0,4,0]},"faces":{"north":{"uv":[7,1,8.2,2.3],"texture":"#3"},"east":{"uv":[7,1,8,1.3],"texture":"#3"},"south":{"uv":[7,1,8.2,1.3],"texture":"#3"},"west":{"uv":[7,1,8,1.3],"texture":"#3"},"up":{"uv":[7,1,8.2,2],"texture":"#3"},"down":{"uv":[7,1,8.2,2],"texture":"#3"}}}],"display":{"thirdperson_righthand":{"rotation":[75,45,0],"translation":[0,2.5,0],"scale":[0.375,0.375,0.375]},"thirdperson_lefthand":{"rotation":[75,45,0],"translation":[0,2.5,0],"scale":[0.375,0.375,0.375]},"firstperson_righthand":{"rotation":[0,45,0],"scale":[0.4,0.4,0.4]},"firstperson_lefthand":{"rotation":[0,45,0],"scale":[0.4,0.4,0.4]},"ground":{"translation":[0,2,0],"scale":[0.5,0.5,0.5]},"gui":{"rotation":[30,45,0],"translation":[0,-0.6,0],"scale":[0.5,0.5,0.5]},"head":{"translation":[0,-30.4,0],"scale":[1.6,1.6,1.6]},"fixed":{"rotation":[-90,180,0],"translation":[0,0,-14],"scale":[2.01,2.01,2.01]}}}