{"credit":"MadewithBlockbench","textures":{"0":"elitecreatures:knight_animated_weapon_set/texture2","1":"elitecreatures:knight_animated_weapon_set/texture5","2":"elitecreatures:knight_animated_weapon_set/shining","3":"elitecreatures:knight_animated_weapon_set/sinhing1","particle":"elitecreatures:knight_animated_weapon_set/texture2"},"elements":[{"from":[7,-7,7],"to":[9,25,9],"rotation":{"angle":0,"axis":"y","origin":[17,0,10]},"faces":{"north":{"uv":[0,0,1,16],"texture":"#0"},"east":{"uv":[1,0,2,16],"texture":"#0"},"south":{"uv":[0,0,1,16],"texture":"#0"},"west":{"uv":[1,0,2,16],"texture":"#0"},"up":{"uv":[3,1,2,0],"texture":"#0"},"down":{"uv":[3,1,2,2],"texture":"#0"}}},{"from":[3,-0.5,7],"to":[4,23,9],"rotation":{"angle":0,"axis":"y","origin":[17,0,10]},"faces":{"north":{"uv":[8.125,0,7.625,11.75],"texture":"#0"},"east":{"uv":[3,2,2,13.75],"texture":"#0"},"south":{"uv":[7.625,0,8.125,11.75],"texture":"#0"},"west":{"uv":[3,2,2,13.75],"texture":"#0"},"up":{"uv":[6.125,16,5.625,15],"texture":"#0"},"down":{"uv":[5.625,16,5.125,15],"texture":"#0"}}},{"from":[2,1.5,7],"to":[3,22,9],"rotation":{"angle":0,"axis":"y","origin":[17,0,10]},"faces":{"north":{"uv":[9.625,0,9.125,10.25],"texture":"#0"},"east":{"uv":[9.125,0,8.125,10.25],"texture":"#0"},"south":{"uv":[9.125,0,9.625,10.25],"texture":"#0"},"west":{"uv":[9.125,0,8.125,10.25],"texture":"#0"},"up":{"uv":[7.625,12.75,7.125,13.75],"texture":"#0"},"down":{"uv":[8.125,11.75,7.625,12.75],"texture":"#0"}}},{"from":[-1,15.5,7],"to":[0,21,9],"rotation":{"angle":0,"axis":"y","origin":[17,0,10]},"faces":{"north":{"uv":[11.625,9.75,11.125,12.5],"texture":"#0"},"east":{"uv":[11.125,10.25,10.125,13],"texture":"#0"},"south":{"uv":[11.125,9.75,11.625,12.5],"texture":"#0"},"west":{"uv":[10.125,13,9.125,15.75],"texture":"#0"},"up":{"uv":[12.125,8.75,11.625,9.75],"texture":"#0"},"down":{"uv":[12.125,9.75,11.625,8.75],"texture":"#0"}}},{"from":[4,-2.5,7],"to":[5,23,9],"rotation":{"angle":0,"axis":"y","origin":[17,0,10]},"faces":{"north":{"uv":[7.625,0,7.125,12.75],"texture":"#0"},"east":{"uv":[7.125,0,6.125,12.75],"texture":"#0"},"south":{"uv":[7.125,0,7.625,12.75],"texture":"#0"},"west":{"uv":[7.125,0,6.125,12.75],"texture":"#0"},"up":{"uv":[6.625,12.75,6.125,13.75],"texture":"#0"},"down":{"uv":[7.125,13.75,6.625,12.75],"texture":"#0"}}},{"from":[1,3.5,7],"to":[2,22,9],"rotation":{"angle":0,"axis":"y","origin":[17,0,10]},"faces":{"north":{"uv":[11.125,0,10.625,9.25],"texture":"#0"},"east":{"uv":[10.625,0,9.625,9.25],"texture":"#0"},"south":{"uv":[10.625,0,11.125,9.25],"texture":"#0"},"west":{"uv":[10.625,0,9.625,9.25],"texture":"#0"},"up":{"uv":[10.625,10.25,10.125,9.25],"texture":"#0"},"down":{"uv":[10.125,10.25,9.625,9.25],"texture":"#0"}}},{"from":[5,-4.5,7],"to":[6,24,9],"rotation":{"angle":0,"axis":"y","origin":[17,0,10]},"faces":{"north":{"uv":[6.125,0,5.625,14.25],"texture":"#0"},"east":{"uv":[5.625,0,4.625,14.25],"texture":"#0"},"south":{"uv":[5.625,0,6.125,14.25],"texture":"#0"},"west":{"uv":[5.625,0,4.625,14.25],"texture":"#0"},"up":{"uv":[5.125,16,4.625,15],"texture":"#0"},"down":{"uv":[4.625,16,4.125,15],"texture":"#0"}}},{"from":[6,-6,7],"to":[7,24,9],"rotation":{"angle":0,"axis":"y","origin":[17,0,10]},"faces":{"north":{"uv":[4.625,0,4.125,15],"texture":"#0"},"east":{"uv":[4.125,0,3.125,15],"texture":"#0"},"south":{"uv":[4.125,0,4.625,15],"texture":"#0"},"west":{"uv":[4.125,0,3.125,15],"texture":"#0"},"up":{"uv":[3.625,15,3.125,16],"texture":"#0"},"down":{"uv":[4.125,15,3.625,16],"texture":"#0"}}},{"from":[0,5.5,7],"to":[1,21,9],"rotation":{"angle":0,"axis":"y","origin":[17,0,10]},"faces":{"north":{"uv":[12.625,0,12.125,7.75],"texture":"#0"},"east":{"uv":[12.125,0,11.125,7.75],"texture":"#0"},"south":{"uv":[12.125,0,12.625,7.75],"texture":"#0"},"west":{"uv":[12.125,0,11.125,7.75],"texture":"#0"},"up":{"uv":[12.125,8.75,11.625,7.75],"texture":"#0"},"down":{"uv":[11.625,8.75,11.125,7.75],"texture":"#0"}}},{"from":[-1,7.5,7],"to":[0,13,9],"rotation":{"angle":0,"axis":"y","origin":[17,0,10]},"faces":{"north":{"uv":[12.625,7.75,12.125,10.5],"texture":"#0"},"east":{"uv":[9.125,10.25,8.125,13],"texture":"#0"},"south":{"uv":[12.125,7.75,12.625,10.5],"texture":"#0"},"west":{"uv":[10.125,10.25,9.125,13],"texture":"#0"},"up":{"uv":[11.625,8.75,11.125,9.75],"texture":"#0"},"down":{"uv":[11.125,10.25,10.625,9.25],"texture":"#0"}}},{"from":[16,7.5,7],"to":[17,13,9],"rotation":{"angle":0,"axis":"y","origin":[1,0,10]},"faces":{"north":{"uv":[12.125,7.75,12.625,10.5],"texture":"#0"},"east":{"uv":[9.125,10.25,10.125,13],"texture":"#0"},"south":{"uv":[12.625,7.75,12.125,10.5],"texture":"#0"},"west":{"uv":[8.125,10.25,9.125,13],"texture":"#0"},"up":{"uv":[11.125,8.75,11.625,9.75],"texture":"#0"},"down":{"uv":[10.625,10.25,11.125,9.25],"texture":"#0"}}},{"from":[15,5.5,7],"to":[16,21,9],"rotation":{"angle":0,"axis":"y","origin":[1,0,10]},"faces":{"north":{"uv":[12.125,0,12.625,7.75],"texture":"#0"},"east":{"uv":[11.125,0,12.125,7.75],"texture":"#0"},"south":{"uv":[12.625,0,12.125,7.75],"texture":"#0"},"west":{"uv":[11.125,0,12.125,7.75],"texture":"#0"},"up":{"uv":[11.625,8.75,12.125,7.75],"texture":"#0"},"down":{"uv":[11.125,8.75,11.625,7.75],"texture":"#0"}}},{"from":[9,-6,7],"to":[10,24,9],"rotation":{"angle":0,"axis":"y","origin":[1,0,10]},"faces":{"north":{"uv":[4.125,0,4.625,15],"texture":"#0"},"east":{"uv":[3.125,0,4.125,15],"texture":"#0"},"south":{"uv":[4.625,0,4.125,15],"texture":"#0"},"west":{"uv":[3.125,0,4.125,15],"texture":"#0"},"up":{"uv":[3.125,15,3.625,16],"texture":"#0"},"down":{"uv":[3.625,15,4.125,16],"texture":"#0"}}},{"from":[10,-4.5,7],"to":[11,24,9],"rotation":{"angle":0,"axis":"y","origin":[1,0,10]},"faces":{"north":{"uv":[5.625,0,6.125,14.25],"texture":"#0"},"east":{"uv":[4.625,0,5.625,14.25],"texture":"#0"},"south":{"uv":[6.125,0,5.625,14.25],"texture":"#0"},"west":{"uv":[4.625,0,5.625,14.25],"texture":"#0"},"up":{"uv":[4.625,16,5.125,15],"texture":"#0"},"down":{"uv":[4.125,16,4.625,15],"texture":"#0"}}},{"from":[14,3.5,7],"to":[15,22,9],"rotation":{"angle":0,"axis":"y","origin":[1,0,10]},"faces":{"north":{"uv":[10.625,0,11.125,9.25],"texture":"#0"},"east":{"uv":[9.625,0,10.625,9.25],"texture":"#0"},"south":{"uv":[11.125,0,10.625,9.25],"texture":"#0"},"west":{"uv":[9.625,0,10.625,9.25],"texture":"#0"},"up":{"uv":[10.125,10.25,10.625,9.25],"texture":"#0"},"down":{"uv":[9.625,10.25,10.125,9.25],"texture":"#0"}}},{"from":[11,-2.5,7],"to":[12,23,9],"rotation":{"angle":0,"axis":"y","origin":[1,0,10]},"faces":{"north":{"uv":[7.125,0,7.625,12.75],"texture":"#0"},"east":{"uv":[6.125,0,7.125,12.75],"texture":"#0"},"south":{"uv":[7.625,0,7.125,12.75],"texture":"#0"},"west":{"uv":[6.125,0,7.125,12.75],"texture":"#0"},"up":{"uv":[6.125,12.75,6.625,13.75],"texture":"#0"},"down":{"uv":[6.625,13.75,7.125,12.75],"texture":"#0"}}},{"from":[16,15.5,7],"to":[17,21,9],"rotation":{"angle":0,"axis":"y","origin":[1,0,10]},"faces":{"north":{"uv":[11.125,9.75,11.625,12.5],"texture":"#0"},"east":{"uv":[9.125,13,10.125,15.75],"texture":"#0"},"south":{"uv":[11.625,9.75,11.125,12.5],"texture":"#0"},"west":{"uv":[10.125,10.25,11.125,13],"texture":"#0"},"up":{"uv":[11.625,8.75,12.125,9.75],"texture":"#0"},"down":{"uv":[11.625,10.75,12.125,9.75],"texture":"#0"}}},{"from":[13,1.5,7],"to":[14,22,9],"rotation":{"angle":0,"axis":"y","origin":[1,0,10]},"faces":{"north":{"uv":[9.125,0,9.625,10.25],"texture":"#0"},"east":{"uv":[8.125,0,9.125,10.25],"texture":"#0"},"south":{"uv":[9.625,0,9.125,10.25],"texture":"#0"},"west":{"uv":[8.125,0,9.125,10.25],"texture":"#0"},"up":{"uv":[7.125,12.75,7.625,13.75],"texture":"#0"},"down":{"uv":[7.625,11.75,8.125,12.75],"texture":"#0"}}},{"from":[12,-0.5,7],"to":[13,23,9],"rotation":{"angle":0,"axis":"y","origin":[1,0,10]},"faces":{"north":{"uv":[7.625,0,8.125,11.75],"texture":"#0"},"east":{"uv":[2,2,3,13.75],"texture":"#0"},"south":{"uv":[8.125,0,7.625,11.75],"texture":"#0"},"west":{"uv":[2,2,3,13.75],"texture":"#0"},"up":{"uv":[5.625,16,6.125,15],"texture":"#0"},"down":{"uv":[5.125,16,5.625,15],"texture":"#0"}}},{"from":[16.5,21.8,6.5],"to":[17.5,24.8,9.5],"rotation":{"angle":45,"axis":"z","origin":[18,23,7]},"faces":{"north":{"uv":[14.5,12.5,14,14],"texture":"#1"},"east":{"uv":[11,13,12.5,14.5],"texture":"#1"},"south":{"uv":[14,12.5,14.5,14],"texture":"#1"},"west":{"uv":[12.5,13,14,14.5],"texture":"#1"},"up":{"uv":[11,12.5,12.5,13],"rotation":90,"texture":"#1"},"down":{"uv":[12.5,12.5,14,13],"rotation":270,"texture":"#1"}}},{"from":[13.5,23,5.5],"to":[17.5,24,10.5],"rotation":{"angle":0,"axis":"y","origin":[18.5,15,4]},"faces":{"north":{"uv":[2,13,0,13.5],"texture":"#1"},"east":{"uv":[0,13.5,2.5,14],"texture":"#1"},"south":{"uv":[0,13,2,13.5],"texture":"#1"},"west":{"uv":[2.5,13.5,5,14],"texture":"#1"},"up":{"uv":[2.5,14,5,16],"rotation":90,"texture":"#1"},"down":{"uv":[0,14,2.5,16],"rotation":270,"texture":"#1"}}},{"from":[13,20.4,5],"to":[15,23.4,11],"rotation":{"angle":-22.5,"axis":"z","origin":[14.5,21.5,7]},"faces":{"north":{"uv":[12,14.5,11,16],"texture":"#1"},"east":{"uv":[8,14.5,11,16],"texture":"#1"},"south":{"uv":[11,14.5,12,16],"texture":"#1"},"west":{"uv":[5,14.5,8,16],"texture":"#1"},"up":{"uv":[5,13.5,8,14.5],"rotation":90,"texture":"#1"},"down":{"uv":[8,13.5,11,14.5],"rotation":270,"texture":"#1"}}},{"from":[13.5,22.8,6],"to":[16.5,24.8,10],"rotation":{"angle":45,"axis":"z","origin":[18,23,7]},"faces":{"north":{"uv":[16,13,14.5,14],"texture":"#1"},"east":{"uv":[14,15,16,16],"texture":"#1"},"south":{"uv":[14.5,13,16,14],"texture":"#1"},"west":{"uv":[14,14,16,15],"texture":"#1"},"up":{"uv":[12,14.5,14,16],"rotation":90,"texture":"#1"},"down":{"uv":[12,14.5,14,16],"rotation":270,"texture":"#1"}}},{"from":[15.8,19.3,6.5],"to":[16.8,22.3,9.5],"rotation":{"angle":22.5,"axis":"z","origin":[18,23,7]},"faces":{"north":{"uv":[14.5,11,14,12.5],"texture":"#1"},"east":{"uv":[14.5,11.5,16,13],"texture":"#1"},"south":{"uv":[14,11,14.5,12.5],"texture":"#1"},"west":{"uv":[14.5,10,16,11.5],"texture":"#1"},"up":{"uv":[14.5,9.5,16,10],"rotation":90,"texture":"#1"},"down":{"uv":[14.5,9.5,16,10],"rotation":270,"texture":"#1"}}},{"from":[13.5,21.1,4.5],"to":[15.5,23.1,6],"rotation":{"angle":45,"axis":"z","origin":[16.5,22,20.5]},"faces":{"north":{"uv":[14,10,16,8],"rotation":90,"texture":"#3"},"east":{"uv":[16,6.5,14,5],"rotation":180,"texture":"#3"},"south":{"uv":[16,8,14,10],"texture":"#3"},"west":{"uv":[14,8,16,6.5],"rotation":180,"texture":"#3"},"up":{"uv":[14,6.5,16,5],"rotation":180,"texture":"#3"},"down":{"uv":[14,8,16,6.5],"rotation":180,"texture":"#3"}}},{"from":[0.5,21.1,4.5],"to":[2.5,23.1,6],"rotation":{"angle":-45,"axis":"z","origin":[-0.5,22,20.5]},"faces":{"north":{"uv":[14,8,16,10],"rotation":90,"texture":"#3"},"east":{"uv":[16,8,14,6.5],"rotation":180,"texture":"#3"},"south":{"uv":[14,8,16,10],"texture":"#3"},"west":{"uv":[14,6.5,16,5],"rotation":180,"texture":"#3"},"up":{"uv":[16,6.5,14,5],"rotation":180,"texture":"#3"},"down":{"uv":[16,8,14,6.5],"rotation":180,"texture":"#3"}}},{"from":[-1.5,21.8,6.5],"to":[-0.5,24.8,9.5],"rotation":{"angle":-45,"axis":"z","origin":[-2,23,7]},"faces":{"north":{"uv":[14,12.5,14.5,14],"texture":"#1"},"east":{"uv":[14,13,12.5,14.5],"texture":"#1"},"south":{"uv":[14.5,12.5,14,14],"texture":"#1"},"west":{"uv":[12.5,13,11,14.5],"texture":"#1"},"up":{"uv":[11,13,12.5,12.5],"rotation":90,"texture":"#1"},"down":{"uv":[12.5,13,14,12.5],"rotation":270,"texture":"#1"}}},{"from":[-1.5,23,5.5],"to":[2.5,24,10.5],"rotation":{"angle":0,"axis":"y","origin":[-2.5,15,4]},"faces":{"north":{"uv":[0,13,2,13.5],"texture":"#1"},"east":{"uv":[5,13.5,2.5,14],"texture":"#1"},"south":{"uv":[2,13,0,13.5],"texture":"#1"},"west":{"uv":[2.5,13.5,0,14],"texture":"#1"},"up":{"uv":[2.5,16,5,14],"rotation":90,"texture":"#1"},"down":{"uv":[0,16,2.5,14],"rotation":270,"texture":"#1"}}},{"from":[1,20.4,5],"to":[3,23.4,11],"rotation":{"angle":22.5,"axis":"z","origin":[1.5,21.5,7]},"faces":{"north":{"uv":[11,14.5,12,16],"texture":"#1"},"east":{"uv":[8,14.5,5,16],"texture":"#1"},"south":{"uv":[12,14.5,11,16],"texture":"#1"},"west":{"uv":[11,14.5,8,16],"texture":"#1"},"up":{"uv":[5,14.5,8,13.5],"rotation":90,"texture":"#1"},"down":{"uv":[8,14.5,11,13.5],"rotation":270,"texture":"#1"}}},{"from":[-0.5,22.8,6],"to":[2.5,24.8,10],"rotation":{"angle":-45,"axis":"z","origin":[-2,23,7]},"faces":{"north":{"uv":[14.5,13,16,14],"texture":"#1"},"east":{"uv":[16,14,14,15],"texture":"#1"},"south":{"uv":[16,13,14.5,14],"texture":"#1"},"west":{"uv":[16,15,14,16],"texture":"#1"},"up":{"uv":[12,16,14,14.5],"rotation":90,"texture":"#1"},"down":{"uv":[12,16,14,14.5],"rotation":270,"texture":"#1"}}},{"from":[-0.8,19.3,6.5],"to":[0.2,22.3,9.5],"rotation":{"angle":-22.5,"axis":"z","origin":[-2,23,7]},"faces":{"north":{"uv":[14,11,14.5,12.5],"texture":"#1"},"east":{"uv":[16,10,14.5,11.5],"texture":"#1"},"south":{"uv":[14.5,11,14,12.5],"texture":"#1"},"west":{"uv":[16,11.5,14.5,13],"texture":"#1"},"up":{"uv":[14.5,10,16,9.5],"rotation":90,"texture":"#1"},"down":{"uv":[14.5,10,16,9.5],"rotation":270,"texture":"#1"}}},{"from":[9,2,5.9],"to":[15,11,5.9],"rotation":{"angle":0,"axis":"y","origin":[17,0,0]},"faces":{"north":{"uv":[6,0,0,9],"texture":"#2"},"east":{"uv":[0,0,0,9],"texture":"#2"},"south":{"uv":[0,0,6,9],"texture":"#2"},"west":{"uv":[0,0,0,9],"texture":"#2"},"up":{"uv":[6.5,0,0,0],"texture":"#2"},"down":{"uv":[6.5,0,0,0],"texture":"#2"}}},{"from":[1,14,5.9],"to":[7,23,5.9],"rotation":{"angle":0,"axis":"y","origin":[1,0,0]},"faces":{"north":{"uv":[0,0,6,9],"texture":"#2"},"east":{"uv":[0,0,0,9],"texture":"#2"},"south":{"uv":[6,0,0,9],"texture":"#2"},"west":{"uv":[0,0,0,9],"texture":"#2"},"up":{"uv":[0,0,6.5,0],"texture":"#2"},"down":{"uv":[0,0,6.5,0],"texture":"#2"}}}],"gui_light":"front","display":{"thirdperson_righthand":{"rotation":[78,-90,-17.34],"translation":[2.5,-2.5,2],"scale":[0.7,0.7,0.7]},"thirdperson_lefthand":{"rotation":[78,-90,-17.34],"translation":[2.5,-2.5,2],"scale":[0.7,0.7,0.7]},"firstperson_righthand":{"translation":[-1,2,0.5],"scale":[0.45898,0.45898,0.45898]},"firstperson_lefthand":{"translation":[-1,2,0.5],"scale":[0.45898,0.45898,0.45898]},"ground":{"translation":[0,8,0],"scale":[0.5,0.5,0.5]},"gui":{"translation":[0,-0.5,-2],"scale":[0.47656,0.47656,0.47656]},"head":{"translation":[0,-19,-0.25],"scale":[0,0,0]},"fixed":{"translation":[0,-0.75,-2.5],"scale":[1.34258,1.34258,1.34258]}},"groups":[{"name":"group","origin":[0,0,0],"color":0,"children":[0,1,2,3,4,5,6,7,8,9,10,11,12,13,14,15,16,17,18,19,20,21,22,23,24,25,26,27,28,29,30,31,32]}]}