{"credit":"Made by samus2002","textures":{"1":"mount_2:rpg_mount_2_texture/horse_glacial"},"elements":[{"name":"Neck","from":[4,9.36612,2.92678],"to":[12,17.36612,13.92678],"rotation":{"angle":-22.5,"axis":"x","origin":[8,13,8]},"faces":{"north":{"uv":[2,5.5,2.5,6],"texture":"#1"},"east":{"uv":[3.625,4.4375,4.3125,4.9375],"texture":"#1"},"south":{"uv":[4.8125,5.5,5.3125,6],"texture":"#1"},"west":{"uv":[0.625,4.5,1.3125,5],"texture":"#1"},"up":{"uv":[5.0625,3.5625,4.5625,2.875],"texture":"#1"},"down":{"uv":[0.5,4.625,0,5.3125],"texture":"#1"}}},{"name":"Neck","from":[4,17.36612,2.92678],"to":[4,25.36612,13.92678],"rotation":{"angle":-22.5,"axis":"x","origin":[8,13,8]},"faces":{"north":{"uv":[3.0625,7.3125,3.0625,7.8125],"texture":"#1"},"east":{"uv":[5.0625,4.6875,4.375,5.1875],"texture":"#1"},"south":{"uv":[3.125,7.3125,3.125,7.8125],"texture":"#1"},"west":{"uv":[4.375,4.6875,5.0625,5.1875],"texture":"#1"},"up":{"uv":[3.1875,8,3.1875,7.3125],"texture":"#1"},"down":{"uv":[3.25,7.3125,3.25,8],"texture":"#1"}}},{"name":"Neck","from":[7,-0.63388,13.92678],"to":[9,9.36612,16.92678],"rotation":{"angle":-22.5,"axis":"x","origin":[8,13,8]},"faces":{"north":{"uv":[4.0625,6.9375,4.1875,7.5625],"texture":"#1"},"east":{"uv":[0,6.8125,0.1875,7.4375],"texture":"#1"},"south":{"uv":[0.6875,7,0.8125,7.625],"texture":"#1"},"west":{"uv":[5.4375,6.8125,5.625,7.4375],"texture":"#1"},"up":{"uv":[5.25,7.375,5.125,7.1875],"texture":"#1"},"down":{"uv":[6,7.1875,5.875,7.375],"texture":"#1"}}},{"name":"Neck","from":[-0.5,7.26186,2.64197],"to":[16.5,7.26186,17.64197],"rotation":{"angle":-45,"axis":"x","origin":[8,13,8]},"faces":{"north":{"uv":[7.25,3.9375,8.3125,3.9375],"texture":"#1"},"east":{"uv":[7.25,4,8.1875,4],"texture":"#1"},"south":{"uv":[7.125,1.4375,8.1875,1.4375],"texture":"#1"},"west":{"uv":[7.1875,4.625,8.125,4.625],"texture":"#1"},"up":{"uv":[2.5,0.9375,1.4375,0],"rotation":180,"texture":"#1"},"down":{"uv":[2.5,0,1.4375,0.9375],"rotation":180,"texture":"#1"}}},{"name":"Neck","from":[-0.5,3.26186,2.64197],"to":[16.5,3.26186,17.64197],"rotation":{"angle":-45,"axis":"x","origin":[8,13,8]},"faces":{"north":{"uv":[7.25,3.9375,8.3125,3.9375],"texture":"#1"},"east":{"uv":[7.25,4,8.1875,4],"texture":"#1"},"south":{"uv":[7.125,1.4375,8.1875,1.4375],"texture":"#1"},"west":{"uv":[7.1875,4.625,8.125,4.625],"texture":"#1"},"up":{"uv":[2.5,0.9375,1.4375,0],"rotation":180,"texture":"#1"},"down":{"uv":[2.5,0,1.4375,0.9375],"rotation":180,"texture":"#1"}}},{"name":"Neck","from":[4.5,-1.63388,4.92678],"to":[11.5,9.36612,13.92678],"rotation":{"angle":-22.5,"axis":"x","origin":[8,13,8]},"faces":{"north":{"uv":[4.75,1.5,5.1875,2.1875],"texture":"#1"},"east":{"uv":[3.75,3.6875,4.3125,4.375],"texture":"#1"},"south":{"uv":[2.125,4.75,2.5625,5.4375],"texture":"#1"},"west":{"uv":[0,3.875,0.5625,4.5625],"texture":"#1"},"up":{"uv":[5.8125,6.0625,5.375,5.5],"texture":"#1"},"down":{"uv":[6,2.1875,5.5625,2.75],"texture":"#1"}}},{"name":"Neck","from":[5,11.36612,-4.07322],"to":[11,16.36612,2.92678],"rotation":{"angle":-22.5,"axis":"x","origin":[8,13,8]},"faces":{"north":{"uv":[6.5625,6.75,6.9375,7.0625],"texture":"#1"},"east":{"uv":[6.5625,1.5,7,1.8125],"texture":"#1"},"south":{"uv":[5,6.8125,5.375,7.125],"texture":"#1"},"west":{"uv":[6.5625,6,7,6.3125],"texture":"#1"},"up":{"uv":[1.375,6.3125,1,5.875],"texture":"#1"},"down":{"uv":[1.8125,5.875,1.4375,6.3125],"texture":"#1"}}},{"name":"Neck","from":[5,16.36612,-4.07322],"to":[5,21.36612,2.92678],"rotation":{"angle":-22.5,"axis":"x","origin":[8,13,8]},"faces":{"north":{"uv":[6.4375,2.9375,6.4375,3.25],"texture":"#1"},"east":{"uv":[1.1875,6.625,0.75,6.9375],"texture":"#1"},"south":{"uv":[0.25,6.8125,0.25,7.125],"texture":"#1"},"west":{"uv":[0.75,6.625,1.1875,6.9375],"texture":"#1"},"up":{"uv":[7.3125,6.4375,7.3125,6],"texture":"#1"},"down":{"uv":[6.25,7.3125,6.25,7.75],"texture":"#1"}}},{"name":"Neck","from":[11,16.36612,-4.07322],"to":[11,21.36612,2.92678],"rotation":{"angle":-22.5,"axis":"x","origin":[8,13,8]},"faces":{"north":{"uv":[6.4375,2.9375,6.4375,3.25],"texture":"#1"},"east":{"uv":[1.1875,6.625,0.75,6.9375],"texture":"#1"},"south":{"uv":[0.25,6.8125,0.25,7.125],"texture":"#1"},"west":{"uv":[0.75,6.625,1.1875,6.9375],"texture":"#1"},"up":{"uv":[7.3125,6.4375,7.3125,6],"texture":"#1"},"down":{"uv":[6.25,7.3125,6.25,7.75],"texture":"#1"}}},{"name":"Neck","from":[12,17.36612,2.92678],"to":[12,25.36612,13.92678],"rotation":{"angle":-22.5,"axis":"x","origin":[8,13,8]},"faces":{"north":{"uv":[3.0625,7.3125,3.0625,7.8125],"texture":"#1"},"east":{"uv":[5.0625,4.6875,4.375,5.1875],"texture":"#1"},"south":{"uv":[3.125,7.3125,3.125,7.8125],"texture":"#1"},"west":{"uv":[4.375,4.6875,5.0625,5.1875],"texture":"#1"},"up":{"uv":[3.1875,8,3.1875,7.3125],"texture":"#1"},"down":{"uv":[3.25,7.3125,3.25,8],"texture":"#1"}}},{"name":"Neck","from":[7,17.36612,6.92678],"to":[9,20.36612,16.92678],"rotation":{"angle":-22.5,"axis":"x","origin":[8,13,8]},"faces":{"north":{"uv":[4.8125,5.25,4.9375,5.4375],"texture":"#1"},"east":{"uv":[6.875,1.875,7.5,2.0625],"texture":"#1"},"south":{"uv":[3.8125,6.25,3.9375,6.4375],"texture":"#1"},"west":{"uv":[6.875,2.125,7.5,2.3125],"texture":"#1"},"up":{"uv":[2.125,7.375,2,6.75],"texture":"#1"},"down":{"uv":[5.8125,6.8125,5.6875,7.4375],"texture":"#1"}}},{"name":"Neck","from":[5.9429,17.60208,9.22972],"to":[8.9429,22.60208,10.22972],"rotation":{"angle":22.5,"axis":"z","origin":[8,13,8]},"faces":{"north":{"uv":[1.625,6.375,1.8125,6.6875],"texture":"#1"},"east":{"uv":[0.9375,3.0625,1,3.375],"texture":"#1"},"south":{"uv":[7.0625,6,7.25,6.3125],"texture":"#1"},"west":{"uv":[3.625,4,3.6875,4.3125],"texture":"#1"},"up":{"uv":[2.5625,3.9375,2.375,3.875],"texture":"#1"},"down":{"uv":[2.8125,3.875,2.625,3.9375],"texture":"#1"}}},{"name":"Neck","from":[7.0571,17.60208,9.22972],"to":[10.0571,22.60208,10.22972],"rotation":{"angle":-22.5,"axis":"z","origin":[8,13,8]},"faces":{"north":{"uv":[7.0625,6.375,7.25,6.6875],"texture":"#1"},"east":{"uv":[5.125,3.0625,5.1875,3.375],"texture":"#1"},"south":{"uv":[7,7.0625,7.1875,7.375],"texture":"#1"},"west":{"uv":[0.4375,5.375,0.5,5.6875],"texture":"#1"},"up":{"uv":[4.5,1.5625,4.3125,1.5],"texture":"#1"},"down":{"uv":[1.5625,4.5,1.375,4.5625],"texture":"#1"}}},{"name":"Neck","from":[6.975,9.36612,13.92678],"to":[9.025,17.36612,16.92678],"rotation":{"angle":-22.5,"axis":"x","origin":[8,13,8]},"faces":{"north":{"uv":[0.875,7,1,7.5],"texture":"#1"},"east":{"uv":[3.3125,6.9375,3.5,7.4375],"texture":"#1"},"south":{"uv":[1.0625,7,1.1875,7.5],"texture":"#1"},"west":{"uv":[6.9375,3.375,7.125,3.875],"texture":"#1"},"up":{"uv":[6.1875,7.375,6.0625,7.1875],"texture":"#1"},"down":{"uv":[7.375,0,7.25,0.1875],"texture":"#1"}}},{"name":"Neck","from":[5,9.36612,-4.07322],"to":[11,11.36612,2.92678],"rotation":{"angle":-22.5,"axis":"x","origin":[8,13,8]},"faces":{"north":{"uv":[7.125,5.0625,7.5,5.1875],"texture":"#1"},"east":{"uv":[2,2.8125,2.4375,2.9375],"texture":"#1"},"south":{"uv":[7.125,5.25,7.5,5.375],"texture":"#1"},"west":{"uv":[7,1,7.4375,1.125],"texture":"#1"},"up":{"uv":[6.25,5.625,5.875,5.1875],"texture":"#1"},"down":{"uv":[6.25,5.6875,5.875,6.125],"texture":"#1"}}}],"gui_light":"front","display":{"gui":{"rotation":[0,90,0],"translation":[-0.5,-1.75,0],"scale":[0.55,0.55,0.55]}}}