{"credit":"Made with Blockbench","texture_size":[32,16],"textures":{"0":"elitecreatures:japan_armor/richsamurai_hat","particle":"elitecreatures:japan_armor/richsamurai_hat"},"elements":[{"name":"osnova","from":[3,0,3],"to":[13,10,13],"faces":{"north":{"uv":[2,4,4,8],"texture":"#0"},"east":{"uv":[0,4,2,8],"texture":"#0"},"south":{"uv":[6,4,8,8],"texture":"#0"},"west":{"uv":[4,4,6,8],"texture":"#0"},"up":{"uv":[4,4,2,0],"texture":"#0"},"down":{"uv":[4,0,6,4],"texture":"#0"}}},{"name":"front","from":[3,0,3],"to":[3,10,13],"faces":{"north":{"uv":[2,4,4,8],"texture":"#0"},"east":{"uv":[6,4,4,8],"texture":"#0"},"south":{"uv":[6,4,8,8],"texture":"#0"},"west":{"uv":[4,4,6,8],"texture":"#0"},"up":{"uv":[4,4,2,0],"texture":"#0"},"down":{"uv":[4,0,6,4],"texture":"#0"}}},{"name":"front","from":[3,0,13],"to":[13,10,13],"faces":{"north":{"uv":[8,4,6,8],"texture":"#0"},"east":{"uv":[0,4,2,8],"texture":"#0"},"south":{"uv":[6,4,8,8],"texture":"#0"},"west":{"uv":[4,4,6,8],"texture":"#0"},"up":{"uv":[4,4,2,0],"texture":"#0"},"down":{"uv":[4,0,6,4],"texture":"#0"}}},{"name":"front","from":[13,0,3],"to":[13,10,13],"faces":{"north":{"uv":[2,4,4,8],"texture":"#0"},"east":{"uv":[0,4,2,8],"texture":"#0"},"south":{"uv":[6,4,8,8],"texture":"#0"},"west":{"uv":[2,4,0,8],"texture":"#0"},"up":{"uv":[4,4,2,0],"texture":"#0"},"down":{"uv":[4,0,6,4],"texture":"#0"}}},{"name":"front","from":[3,0,3],"to":[13,10,3],"faces":{"north":{"uv":[2,4,4,8],"texture":"#0"},"east":{"uv":[0,4,2,8],"texture":"#0"},"south":{"uv":[4,4,2,8],"texture":"#0"},"west":{"uv":[4,4,6,8],"texture":"#0"},"up":{"uv":[4,4,2,0],"texture":"#0"},"down":{"uv":[4,0,6,4],"texture":"#0"}}},{"name":"up","from":[3,10,3],"to":[13,10,13],"faces":{"north":{"uv":[2,4,4,8],"texture":"#0"},"east":{"uv":[0,4,2,8],"texture":"#0"},"south":{"uv":[6,4,8,8],"texture":"#0"},"west":{"uv":[4,4,6,8],"texture":"#0"},"up":{"uv":[4,4,2,0],"texture":"#0"},"down":{"uv":[4,0,2,4],"texture":"#0"}}},{"name":"down","from":[3,0,3],"to":[13,0,13],"faces":{"north":{"uv":[2,0,4,4],"texture":"#0"},"east":{"uv":[0,4,2,8],"texture":"#0"},"south":{"uv":[6,4,8,8],"texture":"#0"},"west":{"uv":[4,4,6,8],"texture":"#0"},"up":{"uv":[4,4,6,0],"texture":"#0"},"down":{"uv":[4,0,6,4],"texture":"#0"}}},{"name":"osnova","from":[2.5,-0.5,2.5],"to":[13.5,10.5,13.5],"faces":{"north":{"uv":[10,4,12,8],"texture":"#0"},"east":{"uv":[8,4,10,8],"texture":"#0"},"south":{"uv":[14,4,16,8],"texture":"#0"},"west":{"uv":[12,4,14,8],"texture":"#0"},"up":{"uv":[12,4,10,0],"texture":"#0"},"down":{"uv":[12,0,14,4],"texture":"#0"}}},{"name":"front","from":[2.5,-0.5,2.5],"to":[2.5,10.5,13.5],"faces":{"north":{"uv":[10,4,12,8],"texture":"#0"},"east":{"uv":[14,4,12,8],"texture":"#0"},"south":{"uv":[14,4,16,8],"texture":"#0"},"west":{"uv":[12,4,14,8],"texture":"#0"},"up":{"uv":[12,4,10,0],"texture":"#0"},"down":{"uv":[12,0,14,4],"texture":"#0"}}},{"name":"front","from":[13.5,-0.5,2.5],"to":[13.5,10.5,13.5],"faces":{"north":{"uv":[10,4,12,8],"texture":"#0"},"east":{"uv":[8,4,10,8],"texture":"#0"},"south":{"uv":[14,4,16,8],"texture":"#0"},"west":{"uv":[10,4,8,8],"texture":"#0"},"up":{"uv":[12,4,10,0],"texture":"#0"},"down":{"uv":[12,0,14,4],"texture":"#0"}}},{"name":"front","from":[2.5,-0.5,2.5],"to":[13.5,10.5,2.5],"faces":{"north":{"uv":[10,4,12,8],"texture":"#0"},"east":{"uv":[8,4,10,8],"texture":"#0"},"south":{"uv":[12,4,10,8],"texture":"#0"},"west":{"uv":[12,4,14,8],"texture":"#0"},"up":{"uv":[12,4,10,0],"texture":"#0"},"down":{"uv":[12,0,14,4],"texture":"#0"}}},{"name":"front","from":[2.5,-0.5,13.5],"to":[13.5,10.5,13.5],"faces":{"north":{"uv":[16,4,14,8],"texture":"#0"},"east":{"uv":[8,4,10,8],"texture":"#0"},"south":{"uv":[14,4,16,8],"texture":"#0"},"west":{"uv":[12,4,14,8],"texture":"#0"},"up":{"uv":[12,4,10,0],"texture":"#0"},"down":{"uv":[12,0,14,4],"texture":"#0"}}},{"name":"up","from":[2.5,10.5,2.5],"to":[13.5,10.5,13.5],"faces":{"north":{"uv":[10,4,12,8],"texture":"#0"},"east":{"uv":[8,4,10,8],"texture":"#0"},"south":{"uv":[14,4,16,8],"texture":"#0"},"west":{"uv":[12,4,14,8],"texture":"#0"},"up":{"uv":[12,4,10,0],"texture":"#0"},"down":{"uv":[12,0,10,4],"texture":"#0"}}},{"name":"down","from":[2.5,-0.5,2.5],"to":[13.5,-0.5,13.5],"faces":{"north":{"uv":[10,4,12,8],"texture":"#0"},"east":{"uv":[8,4,10,8],"texture":"#0"},"south":{"uv":[14,4,16,8],"texture":"#0"},"west":{"uv":[12,4,14,8],"texture":"#0"},"up":{"uv":[12,4,14,0],"texture":"#0"},"down":{"uv":[12,0,14,4],"texture":"#0"}}},{"name":"Roga","from":[2.5,8.5,2.775],"to":[13.5,19.5,2.775],"faces":{"north":{"uv":[0,0,2,4],"texture":"#0"},"east":{"uv":[8,4,10,8],"texture":"#0"},"south":{"uv":[2,0,0,4],"texture":"#0"},"west":{"uv":[12,4,14,8],"texture":"#0"},"up":{"uv":[12,4,10,0],"texture":"#0"},"down":{"uv":[12,0,14,4],"texture":"#0"}}},{"name":"osnova","from":[2,-1,2],"to":[14,11,14],"faces":{"north":{"uv":[10,10.075,12,14.075],"texture":"#0"},"east":{"uv":[8,10.075,10,14.075],"texture":"#0"},"south":{"uv":[14,10.075,16,14.075],"texture":"#0"},"west":{"uv":[12,10.075,14,14.075],"texture":"#0"},"up":{"uv":[12,4,10,0],"texture":"#0"},"down":{"uv":[12,0,14,4],"texture":"#0"}}},{"name":"front","from":[2,-1,14],"to":[14,11,14],"faces":{"north":{"uv":[16,10.075,14,14.075],"texture":"#0"},"east":{"uv":[8,10.075,10,14.075],"texture":"#0"},"south":{"uv":[14,10.075,16,14.075],"texture":"#0"},"west":{"uv":[12,10.075,14,14.075],"texture":"#0"},"up":{"uv":[12,4,10,0],"texture":"#0"},"down":{"uv":[12,0,14,4],"texture":"#0"}}},{"name":"front","from":[14,-1,2],"to":[14,11,14],"faces":{"north":{"uv":[10,10.075,12,14.075],"texture":"#0"},"east":{"uv":[8,10.075,10,14.075],"texture":"#0"},"south":{"uv":[14,10.075,16,14.075],"texture":"#0"},"west":{"uv":[10,10.075,8,14.075],"texture":"#0"},"up":{"uv":[12,4,10,0],"texture":"#0"},"down":{"uv":[12,0,14,4],"texture":"#0"}}},{"name":"front","from":[2,-1,2],"to":[2,11,14],"faces":{"north":{"uv":[10,10.075,12,14.075],"texture":"#0"},"east":{"uv":[14,10.075,12,14.075],"texture":"#0"},"south":{"uv":[14,10.075,16,14.075],"texture":"#0"},"west":{"uv":[12,10.075,14,14.075],"texture":"#0"},"up":{"uv":[12,4,10,0],"texture":"#0"},"down":{"uv":[12,0,14,4],"texture":"#0"}}},{"name":"osnova","from":[1.5,-1.5,1.5],"to":[14.5,11.5,14.5],"faces":{"north":{"uv":[2,12,4,16],"texture":"#0"},"east":{"uv":[0,12,2,16],"texture":"#0"},"south":{"uv":[6,12,8,16],"texture":"#0"},"west":{"uv":[4,12,6,16],"texture":"#0"},"up":{"uv":[12,4,10,0],"texture":"#0"},"down":{"uv":[12,0,14,4],"texture":"#0"}}},{"name":"front","from":[1.5,-1.5,14.5],"to":[14.5,11.5,14.5],"faces":{"north":{"uv":[8,12,6,16],"texture":"#0"},"east":{"uv":[0,12,2,16],"texture":"#0"},"south":{"uv":[6,12,8,16],"texture":"#0"},"west":{"uv":[4,12,6,16],"texture":"#0"},"up":{"uv":[12,4,10,0],"texture":"#0"},"down":{"uv":[12,0,14,4],"texture":"#0"}}},{"name":"front","from":[1.5,-1.5,1.5],"to":[1.5,11.5,14.5],"faces":{"north":{"uv":[2,12,4,16],"texture":"#0"},"east":{"uv":[6,12,4,16],"texture":"#0"},"south":{"uv":[6,12,8,16],"texture":"#0"},"west":{"uv":[4,12,6,16],"texture":"#0"},"up":{"uv":[12,4,10,0],"texture":"#0"},"down":{"uv":[12,0,14,4],"texture":"#0"}}},{"name":"front","from":[14.5,-1.5,1.5],"to":[14.5,11.5,14.5],"faces":{"north":{"uv":[2,12,4,16],"texture":"#0"},"east":{"uv":[0,12,2,16],"texture":"#0"},"south":{"uv":[6,12,8,16],"texture":"#0"},"west":{"uv":[2,12,0,16],"texture":"#0"},"up":{"uv":[12,4,10,0],"texture":"#0"},"down":{"uv":[12,0,14,4],"texture":"#0"}}},{"name":"blya","from":[0.5,-6.1,2.3],"to":[15.5,8.9,2.3],"faces":{"north":{"uv":[1.625,8,4.375,13.25],"texture":"#0"},"east":{"uv":[0,12,2,16],"texture":"#0"},"south":{"uv":[4.375,8,1.625,13.25],"texture":"#0"},"west":{"uv":[4,12,6,16],"texture":"#0"},"up":{"uv":[12,4,10,0],"texture":"#0"},"down":{"uv":[12,0,14,4],"texture":"#0"}}}],"gui_light":"front","display":{"thirdperson_righthand":{"rotation":[67.5,0,0],"translation":[0,2.25,1],"scale":[0.3557,0.3557,0.3557]},"thirdperson_lefthand":{"rotation":[67.5,0,0],"translation":[0,2.25,1],"scale":[0.3557,0.3557,0.3557]},"firstperson_righthand":{"translation":[3,3,-0.75],"scale":[0.31664,0.31664,0.31664]},"firstperson_lefthand":{"translation":[3,3,-0.75],"scale":[0.31664,0.31664,0.31664]},"ground":{"translation":[0,6,0],"scale":[0.5,0.5,0.5]},"gui":{"rotation":[30,135,0],"translation":[0,1.75,0],"scale":[0.72852,0.72852,0.72852]},"head":{"translation":[0,4.75,0],"scale":[1.57,1.57,1.57]},"fixed":{"rotation":[-90,0,0],"translation":[0,0,-15.5],"scale":[1.8,1.8,1.8]}},"groups":[{"name":"osnova","origin":[8,8,8],"color":0,"children":[0,1,2,3,4,5,6]},{"name":"osnova 2 layer","origin":[8,8,8],"color":0,"children":[7,8,9,10,11,12,13]},14,{"name":"Japan 3 layer","origin":[8,8,8],"color":0,"children":[15,16,17,18]},{"name":"Japan 4 layer","origin":[8,8,8],"color":0,"children":[19,20,21,22]},23]}