{"credit":"Made by samus2002","textures":{"1":"mount_4:rpg_mount_4_texture/frog_green"},"elements":[{"from":[0.5,14.5,0.5],"to":[15.5,19.5,15.5],"rotation":{"angle":0,"axis":"y","origin":[8,0,19.5]},"faces":{"north":{"uv":[3.125,10.5,5,11.125],"texture":"#1"},"east":{"uv":[0,10.75,1.875,11.375],"texture":"#1"},"south":{"uv":[5.125,10.875,7,11.5],"texture":"#1"},"west":{"uv":[10.875,5.75,12.75,6.375],"texture":"#1"},"up":{"uv":[1.875,1.875,0,0],"texture":"#1"},"down":{"uv":[1.875,2,0,3.875],"texture":"#1"}}},{"from":[-0.5,5.5,-0.5],"to":[16.5,14.5,12.5],"rotation":{"angle":0,"axis":"y","origin":[8,4,3.5]},"faces":{"north":{"uv":[0,7.125,2.125,8.25],"texture":"#1"},"east":{"uv":[0,8.375,1.625,9.5],"texture":"#1"},"south":{"uv":[5.625,7.125,7.75,8.25],"texture":"#1"},"west":{"uv":[3.75,8.375,5.375,9.5],"texture":"#1"},"up":{"uv":[4.125,1.625,2,0],"texture":"#1"},"down":{"uv":[4.125,1.75,2,3.375],"texture":"#1"}}},{"from":[1.7961,15.04328,6.5],"to":[6.7961,20.04328,12.5],"rotation":{"angle":22.5,"axis":"z","origin":[2,12,7.5]},"faces":{"north":{"uv":[0,13.75,0.625,14.375],"texture":"#1"},"east":{"uv":[13.125,11.625,13.875,12.25],"texture":"#1"},"south":{"uv":[0.75,13.75,1.375,14.375],"texture":"#1"},"west":{"uv":[12.875,13.125,13.625,13.75],"texture":"#1"},"up":{"uv":[10,11.125,9.375,10.375],"texture":"#1"},"down":{"uv":[13.875,1.375,13.25,2.125],"texture":"#1"}}},{"from":[9.2039,15.04328,6.5],"to":[14.2039,20.04328,12.5],"rotation":{"angle":-22.5,"axis":"z","origin":[14,12,7.5]},"faces":{"north":{"uv":[13.75,6.875,14.375,7.5],"texture":"#1"},"east":{"uv":[10.625,13.25,11.375,13.875],"texture":"#1"},"south":{"uv":[9.5,13.75,10.125,14.375],"texture":"#1"},"west":{"uv":[1.75,13.5,2.5,14.125],"texture":"#1"},"up":{"uv":[3.25,14.375,2.625,13.625],"texture":"#1"},"down":{"uv":[4,13.625,3.375,14.375],"texture":"#1"}}},{"from":[0.5,8.5,12.5],"to":[15.5,14.5,15.5],"rotation":{"angle":0,"axis":"y","origin":[8,2.5,21]},"faces":{"north":{"uv":[3.125,9.625,5,10.375],"texture":"#1"},"east":{"uv":[3.125,8.5,3.5,9.25],"texture":"#1"},"south":{"uv":[0,9.875,1.875,10.625],"texture":"#1"},"west":{"uv":[12.375,13.625,12.75,14.375],"texture":"#1"},"up":{"uv":[14.75,1.25,12.875,0.875],"texture":"#1"},"down":{"uv":[14.75,6.375,12.875,6.75],"texture":"#1"}}}],"gui_light":"front","display":{"gui":{"rotation":[0,90,0],"translation":[0.25,-3.75,0],"scale":[0.7,0.7,0.7]}},"groups":[{"name":"h_head","origin":[8,4.4,12.65],"rotation":[-5,0,0],"color":0,"children":[0,{"name":"h_jaw","origin":[8,8,10],"color":0,"children":[1]},2,3,4]}]}