{"credit":"MadewithBlockbench","texture_size":[64,64],"textures":{"1":"elitecreatures:roof_decoration_v1/11_roof_flat_texture","particle":"elitecreatures:roof_decoration_v1/11_roof_flat_texture"},"elements":[{"from":[0,0,3.2],"to":[16,6.5,4.2],"rotation":{"angle":45,"axis":"x","origin":[8,0,4.2]},"faces":{"north":{"uv":[4,1.75,8,3.375],"texture":"#1"},"east":{"uv":[1,7,1.25,8.625],"texture":"#1"},"south":{"uv":[8,1.75,4,3.375],"texture":"#1"},"west":{"uv":[1.25,7,1,8.625],"texture":"#1"},"up":{"uv":[8,6.75,4,7],"texture":"#1"},"down":{"uv":[8,6.75,4,7],"texture":"#1"}}},{"from":[12.5,-0.5,2.7],"to":[13,6,3.7],"rotation":{"angle":45,"axis":"x","origin":[8,0,4.2]},"faces":{"north":{"uv":[3,7,3.125,8.625],"texture":"#1"},"east":{"uv":[1.5,7,1.75,8.625],"texture":"#1"},"south":{"uv":[3.25,7,3.375,8.625],"texture":"#1"},"west":{"uv":[1.75,7,1.5,8.625],"texture":"#1"},"up":{"uv":[3.625,7.25,3.5,7],"texture":"#1"},"down":{"uv":[3.875,7,3.75,7.25],"texture":"#1"}}},{"from":[9.5,-0.5,2.7],"to":[10,6,3.7],"rotation":{"angle":45,"axis":"x","origin":[8,0,4.2]},"faces":{"north":{"uv":[3,7,3.125,8.625],"texture":"#1"},"east":{"uv":[1.5,7,1.75,8.625],"texture":"#1"},"south":{"uv":[3.25,7,3.375,8.625],"texture":"#1"},"west":{"uv":[1.75,7,1.5,8.625],"texture":"#1"},"up":{"uv":[3.625,7.25,3.5,7],"texture":"#1"},"down":{"uv":[3.875,7,3.75,7.25],"texture":"#1"}}},{"from":[2.5,-0.5,2.7],"to":[3,6,3.7],"rotation":{"angle":45,"axis":"x","origin":[8,0,4.2]},"faces":{"north":{"uv":[3,7,3.125,8.625],"texture":"#1"},"east":{"uv":[1.5,7,1.75,8.625],"texture":"#1"},"south":{"uv":[3.25,7,3.375,8.625],"texture":"#1"},"west":{"uv":[1.75,7,1.5,8.625],"texture":"#1"},"up":{"uv":[3.625,7.25,3.5,7],"texture":"#1"},"down":{"uv":[3.875,7,3.75,7.25],"texture":"#1"}}},{"from":[5.5,-0.5,2.7],"to":[6,6,3.7],"rotation":{"angle":45,"axis":"x","origin":[8,0,4.2]},"faces":{"north":{"uv":[3,7,3.125,8.625],"texture":"#1"},"east":{"uv":[1.5,7,1.75,8.625],"texture":"#1"},"south":{"uv":[3.25,7,3.375,8.625],"texture":"#1"},"west":{"uv":[1.75,7,1.5,8.625],"texture":"#1"},"up":{"uv":[3.625,7.25,3.5,7],"texture":"#1"},"down":{"uv":[3.875,7,3.75,7.25],"texture":"#1"}}},{"from":[2.5,5.5,1.7],"to":[3,12,2.7],"rotation":{"angle":45,"axis":"x","origin":[8,0,4.2]},"faces":{"north":{"uv":[3,7,3.125,8.625],"texture":"#1"},"east":{"uv":[1.5,7,1.75,8.625],"texture":"#1"},"south":{"uv":[3.25,7,3.375,8.625],"texture":"#1"},"west":{"uv":[1.75,7,1.5,8.625],"texture":"#1"},"up":{"uv":[3.625,7.25,3.5,7],"texture":"#1"},"down":{"uv":[3.875,7,3.75,7.25],"texture":"#1"}}},{"from":[5.5,5.5,1.7],"to":[6,12,2.7],"rotation":{"angle":45,"axis":"x","origin":[8,0,4.2]},"faces":{"north":{"uv":[3,7,3.125,8.625],"texture":"#1"},"east":{"uv":[1.5,7,1.75,8.625],"texture":"#1"},"south":{"uv":[3.25,7,3.375,8.625],"texture":"#1"},"west":{"uv":[1.75,7,1.5,8.625],"texture":"#1"},"up":{"uv":[3.625,7.25,3.5,7],"texture":"#1"},"down":{"uv":[3.875,7,3.75,7.25],"texture":"#1"}}},{"from":[9.5,5.5,1.7],"to":[10,12,2.7],"rotation":{"angle":45,"axis":"x","origin":[8,0,4.2]},"faces":{"north":{"uv":[3,7,3.125,8.625],"texture":"#1"},"east":{"uv":[1.5,7,1.75,8.625],"texture":"#1"},"south":{"uv":[3.25,7,3.375,8.625],"texture":"#1"},"west":{"uv":[1.75,7,1.5,8.625],"texture":"#1"},"up":{"uv":[3.625,7.25,3.5,7],"texture":"#1"},"down":{"uv":[3.875,7,3.75,7.25],"texture":"#1"}}},{"from":[12.5,5.5,1.7],"to":[13,12,2.7],"rotation":{"angle":45,"axis":"x","origin":[8,0,4.2]},"faces":{"north":{"uv":[3,7,3.125,8.625],"texture":"#1"},"east":{"uv":[1.5,7,1.75,8.625],"texture":"#1"},"south":{"uv":[3.25,7,3.375,8.625],"texture":"#1"},"west":{"uv":[1.75,7,1.5,8.625],"texture":"#1"},"up":{"uv":[3.625,7.25,3.5,7],"texture":"#1"},"down":{"uv":[3.875,7,3.75,7.25],"texture":"#1"}}},{"from":[2.5,11.5,0.75],"to":[3,18,1.75],"rotation":{"angle":45,"axis":"x","origin":[8,0,4.2]},"faces":{"north":{"uv":[3,7,3.125,8.625],"texture":"#1"},"east":{"uv":[1.5,7,1.75,8.625],"texture":"#1"},"south":{"uv":[3.25,7,3.375,8.625],"texture":"#1"},"west":{"uv":[1.75,7,1.5,8.625],"texture":"#1"},"up":{"uv":[3.625,7.25,3.5,7],"texture":"#1"},"down":{"uv":[3.875,7,3.75,7.25],"texture":"#1"}}},{"from":[5.5,11.5,0.75],"to":[6,18,1.75],"rotation":{"angle":45,"axis":"x","origin":[8,0,4.2]},"faces":{"north":{"uv":[3,7,3.125,8.625],"texture":"#1"},"east":{"uv":[1.5,7,1.75,8.625],"texture":"#1"},"south":{"uv":[3.25,7,3.375,8.625],"texture":"#1"},"west":{"uv":[1.75,7,1.5,8.625],"texture":"#1"},"up":{"uv":[3.625,7.25,3.5,7],"texture":"#1"},"down":{"uv":[3.875,7,3.75,7.25],"texture":"#1"}}},{"from":[9.5,11.5,0.75],"to":[10,18,1.75],"rotation":{"angle":45,"axis":"x","origin":[8,0,4.2]},"faces":{"north":{"uv":[3,7,3.125,8.625],"texture":"#1"},"east":{"uv":[1.5,7,1.75,8.625],"texture":"#1"},"south":{"uv":[3.25,7,3.375,8.625],"texture":"#1"},"west":{"uv":[1.75,7,1.5,8.625],"texture":"#1"},"up":{"uv":[3.625,7.25,3.5,7],"texture":"#1"},"down":{"uv":[3.875,7,3.75,7.25],"texture":"#1"}}},{"from":[12.5,11.5,0.75],"to":[13,18,1.75],"rotation":{"angle":45,"axis":"x","origin":[8,0,4.2]},"faces":{"north":{"uv":[3,7,3.125,8.625],"texture":"#1"},"east":{"uv":[1.5,7,1.75,8.625],"texture":"#1"},"south":{"uv":[3.25,7,3.375,8.625],"texture":"#1"},"west":{"uv":[1.75,7,1.5,8.625],"texture":"#1"},"up":{"uv":[3.625,7.25,3.5,7],"texture":"#1"},"down":{"uv":[3.875,7,3.75,7.25],"texture":"#1"}}},{"from":[15.498,-0.5,2.7],"to":[15.998,6,3.7],"rotation":{"angle":45,"axis":"x","origin":[8,0,4.2]},"faces":{"north":{"uv":[3,7,3.125,8.625],"texture":"#1"},"east":{"uv":[1.5,7,1.75,8.625],"texture":"#1"},"south":{"uv":[3.25,7,3.375,8.625],"texture":"#1"},"west":{"uv":[1.75,7,1.5,8.625],"texture":"#1"},"up":{"uv":[3.625,7.25,3.5,7],"texture":"#1"},"down":{"uv":[3.875,7,3.75,7.25],"texture":"#1"}}},{"from":[0,-0.09835,-0.70901],"to":[16,0.90165,5.79099],"rotation":{"angle":-22.5,"axis":"x","origin":[9.249,0.65165,2.29099]},"faces":{"north":{"uv":[8,6.75,4,7],"rotation":180,"texture":"#1"},"east":{"uv":[1,7,1.25,8.625],"rotation":270,"texture":"#1"},"south":{"uv":[8,6.75,4,7],"texture":"#1"},"west":{"uv":[1.25,7,1,8.625],"rotation":90,"texture":"#1"},"up":{"uv":[4,1.75,8,3.375],"rotation":180,"texture":"#1"},"down":{"uv":[8,1.75,4,3.375],"texture":"#1"}}},{"from":[2.5,0.40165,-1.20901],"to":[3,1.40165,5.29099],"rotation":{"angle":-22.5,"axis":"x","origin":[9.249,0.65165,2.29099]},"faces":{"north":{"uv":[3.875,7,3.75,7.25],"rotation":180,"texture":"#1"},"east":{"uv":[1.5,7,1.75,8.625],"rotation":270,"texture":"#1"},"south":{"uv":[3.625,7.25,3.5,7],"texture":"#1"},"west":{"uv":[1.75,7,1.5,8.625],"rotation":90,"texture":"#1"},"up":{"uv":[3,7,3.125,8.625],"rotation":180,"texture":"#1"},"down":{"uv":[3.25,7,3.375,8.625],"texture":"#1"}}},{"from":[5.5,0.40165,-1.20901],"to":[6,1.40165,5.29099],"rotation":{"angle":-22.5,"axis":"x","origin":[9.249,0.65165,2.29099]},"faces":{"north":{"uv":[3.875,7,3.75,7.25],"rotation":180,"texture":"#1"},"east":{"uv":[1.5,7,1.75,8.625],"rotation":270,"texture":"#1"},"south":{"uv":[3.625,7.25,3.5,7],"texture":"#1"},"west":{"uv":[1.75,7,1.5,8.625],"rotation":90,"texture":"#1"},"up":{"uv":[3,7,3.125,8.625],"rotation":180,"texture":"#1"},"down":{"uv":[3.25,7,3.375,8.625],"texture":"#1"}}},{"from":[9.5,0.40165,-1.20901],"to":[10,1.40165,5.29099],"rotation":{"angle":-22.5,"axis":"x","origin":[9.249,0.65165,2.29099]},"faces":{"north":{"uv":[3.875,7,3.75,7.25],"rotation":180,"texture":"#1"},"east":{"uv":[1.5,7,1.75,8.625],"rotation":270,"texture":"#1"},"south":{"uv":[3.625,7.25,3.5,7],"texture":"#1"},"west":{"uv":[1.75,7,1.5,8.625],"rotation":90,"texture":"#1"},"up":{"uv":[3,7,3.125,8.625],"rotation":180,"texture":"#1"},"down":{"uv":[3.25,7,3.375,8.625],"texture":"#1"}}},{"from":[12.5,0.40165,-1.20901],"to":[13,1.40165,5.29099],"rotation":{"angle":-22.5,"axis":"x","origin":[9.249,0.65165,2.29099]},"faces":{"north":{"uv":[3.875,7,3.75,7.25],"rotation":180,"texture":"#1"},"east":{"uv":[1.5,7,1.75,8.625],"rotation":270,"texture":"#1"},"south":{"uv":[3.625,7.25,3.5,7],"texture":"#1"},"west":{"uv":[1.75,7,1.5,8.625],"rotation":90,"texture":"#1"},"up":{"uv":[3,7,3.125,8.625],"rotation":180,"texture":"#1"},"down":{"uv":[3.25,7,3.375,8.625],"texture":"#1"}}},{"from":[15.498,0.40165,-1.20901],"to":[15.998,1.40165,5.29099],"rotation":{"angle":-22.5,"axis":"x","origin":[9.249,0.65165,2.29099]},"faces":{"north":{"uv":[3.875,7,3.75,7.25],"rotation":180,"texture":"#1"},"east":{"uv":[1.5,7,1.75,8.625],"rotation":270,"texture":"#1"},"south":{"uv":[3.625,7.25,3.5,7],"texture":"#1"},"west":{"uv":[1.75,7,1.5,8.625],"rotation":90,"texture":"#1"},"up":{"uv":[3,7,3.125,8.625],"rotation":180,"texture":"#1"},"down":{"uv":[3.25,7,3.375,8.625],"texture":"#1"}}},{"from":[15.498,5.5,1.7],"to":[15.998,12,2.7],"rotation":{"angle":45,"axis":"x","origin":[8,0,4.2]},"faces":{"north":{"uv":[3,7,3.125,8.625],"texture":"#1"},"east":{"uv":[1.5,7,1.75,8.625],"texture":"#1"},"south":{"uv":[3.25,7,3.375,8.625],"texture":"#1"},"west":{"uv":[1.75,7,1.5,8.625],"texture":"#1"},"up":{"uv":[3.625,7.25,3.5,7],"texture":"#1"},"down":{"uv":[3.875,7,3.75,7.25],"texture":"#1"}}},{"from":[15.498,11.5,0.75],"to":[15.998,18,1.75],"rotation":{"angle":45,"axis":"x","origin":[8,0,4.2]},"faces":{"north":{"uv":[3,7,3.125,8.625],"texture":"#1"},"east":{"uv":[1.5,7,1.75,8.625],"texture":"#1"},"south":{"uv":[3.25,7,3.375,8.625],"texture":"#1"},"west":{"uv":[1.75,7,1.5,8.625],"texture":"#1"},"up":{"uv":[3.625,7.25,3.5,7],"texture":"#1"},"down":{"uv":[3.875,7,3.75,7.25],"texture":"#1"}}},{"from":[0,5,6.7],"to":[16,11.5,7.7],"rotation":{"angle":45,"axis":"x","origin":[11.5,5,7.7]},"faces":{"north":{"uv":[4,1.75,8,3.375],"texture":"#1"},"east":{"uv":[1,7,1.25,8.625],"texture":"#1"},"south":{"uv":[8,1.75,4,3.375],"texture":"#1"},"west":{"uv":[1.25,7,1,8.625],"texture":"#1"},"up":{"uv":[8,6.75,4,7],"texture":"#1"},"down":{"uv":[8,6.75,4,7],"texture":"#1"}}},{"from":[0.01,10,10.2],"to":[15.99,16.75,11.2],"rotation":{"angle":45,"axis":"x","origin":[15,10,11.2]},"faces":{"north":{"uv":[4,1.75,8,3.375],"texture":"#1"},"east":{"uv":[1,7,1.25,8.625],"texture":"#1"},"south":{"uv":[8,1.75,4,3.375],"texture":"#1"},"west":{"uv":[1.25,7,1,8.625],"texture":"#1"},"up":{"uv":[4,6.5,0,6.25],"texture":"#1"},"down":{"uv":[8,6.75,4,7],"texture":"#1"}}},{"from":[0,14,14],"to":[16,16,16],"faces":{"north":{"uv":[0,5.25,4,5.75],"texture":"#1"},"east":{"uv":[2,7,2.5,7.5],"texture":"#1"},"south":{"uv":[0,5.25,4,5.75],"texture":"#1"},"west":{"uv":[2,7,2.5,7.5],"texture":"#1"},"up":{"uv":[4,6.25,0,5.75],"texture":"#1"},"down":{"uv":[4,6.25,0,5.75],"texture":"#1"}}}],"gui_light":"front","display":{"thirdperson_righthand":{"rotation":[-28.25,0,180],"translation":[0,1,-0.75],"scale":[0.25469,0.25469,0.25469]},"thirdperson_lefthand":{"rotation":[-28.25,0,180],"translation":[0,1,-0.75],"scale":[0.25469,0.25469,0.25469]},"firstperson_righthand":{"translation":[0,2,0],"scale":[0.53055,0.53055,0.53055]},"firstperson_lefthand":{"translation":[0,2,0],"scale":[0.53055,0.53055,0.53055]},"ground":{"translation":[0,5,0],"scale":[0.5,0.5,0.5]},"gui":{"rotation":[30,145,0],"translation":[0,0.25,0],"scale":[0.57297,0.57297,0.57297]},"head":{"scale":[0,0,0]},"fixed":{"translation":[0,0,-16],"scale":[2,2,2]}}}