{"credit":"Made with Blockbench","textures":{"3":"furnituresplus:furnituresplus/acaciagrayfabric","4":"furnituresplus:furnituresplus/acaciaplanksframed"},"elements":[{"from":[0,15,0],"to":[16,16,15],"rotation":{"angle":0,"axis":"y","origin":[16,4,0]},"faces":{"north":{"uv":[16,2,8,3],"texture":"#4"},"east":{"uv":[16,2,8,3],"texture":"#4"},"south":{"uv":[16,2,8,3],"texture":"#4"},"west":{"uv":[16,2,8,3],"texture":"#4"},"up":{"uv":[16,0,0,16],"texture":"#4"},"down":{"uv":[16,8,8,16],"texture":"#4"}}},{"from":[2.2,2.9,0],"to":[13.8,3.9,13.7],"rotation":{"angle":0,"axis":"y","origin":[16,4,0]},"faces":{"north":{"uv":[16,2,8,3],"texture":"#4"},"east":{"uv":[16,2,8,3],"texture":"#4"},"south":{"uv":[16,2,8,3],"texture":"#4"},"west":{"uv":[16,2,8,3],"texture":"#4"},"up":{"uv":[16,0,0,16],"texture":"#4"},"down":{"uv":[16,8,8,16],"texture":"#4"}}},{"from":[3,16,2.2],"to":[13,16.1,12.2],"rotation":{"angle":0,"axis":"y","origin":[16,4,0]},"faces":{"north":{"uv":[16,2,8,3],"texture":"#3"},"east":{"uv":[16,2,8,3],"texture":"#3"},"south":{"uv":[16,2,8,3],"texture":"#3"},"west":{"uv":[16,2,8,3],"texture":"#3"},"up":{"uv":[16,0,0,16],"texture":"#3"},"down":{"uv":[16,8,8,16],"texture":"#3"}}},{"from":[3,4,2.2],"to":[13,4.1,12.2],"rotation":{"angle":0,"axis":"y","origin":[16,4,0]},"faces":{"north":{"uv":[16,2,8,3],"texture":"#3"},"east":{"uv":[16,2,8,3],"texture":"#3"},"south":{"uv":[16,2,8,3],"texture":"#3"},"west":{"uv":[16,2,8,3],"texture":"#3"},"up":{"uv":[16,0,0,16],"texture":"#3"},"down":{"uv":[16,8,8,16],"texture":"#3"}}},{"from":[2.5,11,0],"to":[13.6,15,14],"rotation":{"angle":0,"axis":"y","origin":[0,4,0]},"faces":{"north":{"uv":[0,3,16,8],"texture":"#4"},"east":{"uv":[0,3,16,8],"texture":"#4"},"south":{"uv":[0,3,16,8],"texture":"#4"},"west":{"uv":[0,3,16,8],"texture":"#4"},"up":{"uv":[0,0,12,11],"texture":"#4"},"down":{"uv":[0,0,12,11],"texture":"#4"}}},{"from":[5.9,13.1,13.5],"to":[10.1,13.4,14.5],"rotation":{"angle":0,"axis":"y","origin":[0,4,0]},"faces":{"north":{"uv":[7,2.5,8.2,3.8],"texture":"#3"},"east":{"uv":[7,2.5,8,2.8],"texture":"#3"},"south":{"uv":[7,2.5,8.2,2.8],"texture":"#3"},"west":{"uv":[7,2.5,8,2.8],"texture":"#3"},"up":{"uv":[7,2.5,8.2,3.5],"texture":"#3"},"down":{"uv":[7,2.5,8.2,3.5],"texture":"#3"}}},{"from":[13.8,0,10.5],"to":[15.8,15.5,13.5],"rotation":{"angle":0,"axis":"x","origin":[15,4,16]},"faces":{"north":{"uv":[1,3.8,2,16],"rotation":180,"texture":"#4"},"east":{"uv":[0,0,12.2,2],"rotation":90,"texture":"#4"},"south":{"uv":[1,3.8,2,16],"texture":"#4"},"west":{"uv":[0,4,12.2,6],"rotation":270,"texture":"#4"},"up":{"uv":[0,0,1,2],"texture":"#4"},"down":{"uv":[0,0,1,2],"rotation":180,"texture":"#4"}}},{"from":[13.8,0,0.1],"to":[15.8,15.5,3.1],"rotation":{"angle":0,"axis":"x","origin":[15,4,16]},"faces":{"north":{"uv":[1,3.8,2,16],"rotation":180,"texture":"#4"},"east":{"uv":[0,0,12.2,2],"rotation":90,"texture":"#4"},"south":{"uv":[1,3.8,2,16],"texture":"#4"},"west":{"uv":[0,4,12.2,6],"rotation":270,"texture":"#4"},"up":{"uv":[0,0,1,2],"texture":"#4"},"down":{"uv":[0,0,1,2],"rotation":180,"texture":"#4"}}},{"from":[0.3,0,0.1],"to":[2.3,15.5,3.1],"rotation":{"angle":0,"axis":"x","origin":[15,4,16]},"faces":{"north":{"uv":[1,3.8,2,16],"rotation":180,"texture":"#4"},"east":{"uv":[0,0,12.2,2],"rotation":90,"texture":"#4"},"south":{"uv":[1,3.8,2,16],"texture":"#4"},"west":{"uv":[0,4,12.2,6],"rotation":270,"texture":"#4"},"up":{"uv":[0,0,1,2],"texture":"#4"},"down":{"uv":[0,0,1,2],"rotation":180,"texture":"#4"}}},{"from":[0.3,0,10.5],"to":[2.3,15.5,13.5],"rotation":{"angle":0,"axis":"x","origin":[15,4,16]},"faces":{"north":{"uv":[1,3.8,2,16],"rotation":180,"texture":"#4"},"east":{"uv":[0,0,12.2,2],"rotation":90,"texture":"#4"},"south":{"uv":[1,3.8,2,16],"texture":"#4"},"west":{"uv":[0,4,12.2,6],"rotation":270,"texture":"#4"},"up":{"uv":[0,0,1,2],"texture":"#4"},"down":{"uv":[0,0,1,2],"rotation":180,"texture":"#4"}}}],"display":{"thirdperson_righthand":{"rotation":[75,45,0],"translation":[0,2.5,0],"scale":[0.375,0.375,0.375]},"thirdperson_lefthand":{"rotation":[75,45,0],"translation":[0,2.5,0],"scale":[0.375,0.375,0.375]},"firstperson_righthand":{"rotation":[0,45,0],"scale":[0.4,0.4,0.4]},"firstperson_lefthand":{"rotation":[0,45,0],"scale":[0.4,0.4,0.4]},"ground":{"translation":[0,2,0],"scale":[0.5,0.5,0.5]},"gui":{"rotation":[30,45,0],"translation":[0,-0.6,0],"scale":[0.5,0.5,0.5]},"head":{"translation":[0,-30.4,0],"scale":[1.6,1.6,1.6]},"fixed":{"rotation":[-90,180,0],"translation":[0,0,-14],"scale":[2.01,2.01,2.01]}}}