{"credit":"MythicMMC Team","textures":{"0":"diablo_skills:s5_db_ef_jump/s5_db_ef_jump_3","1":"diablo_skills:s5_db_ef_jump1/s5_db_ef_jump1_3","2":"diablo_skills:s5_db_ef_jump2/s5_db_ef_jump2_3","particle":"diablo_skills:s5_db_ef_jump/s5_db_ef_jump_3"},"elements":[{"from":[-16,-14,-16],"to":[32,-14,32],"rotation":{"angle":0,"axis":"y","origin":[8,3,8]},"faces":{"north":{"uv":[0,0,16,0],"texture":"#missing"},"east":{"uv":[0,0,16,0],"texture":"#missing"},"south":{"uv":[0,0,16,0],"texture":"#missing"},"west":{"uv":[0,0,16,0],"texture":"#missing"},"up":{"uv":[1.125,1.125,14.875,15],"texture":"#0"},"down":{"uv":[1.125,1.125,14.875,15],"texture":"#0"}}},{"from":[-14,-4,-14],"to":[30,-4,30],"rotation":{"angle":0,"axis":"y","origin":[8,3,8]},"faces":{"north":{"uv":[0,0,16,0],"texture":"#1"},"east":{"uv":[0,0,16,0],"texture":"#1"},"south":{"uv":[0,0,16,0],"texture":"#1"},"west":{"uv":[0,0,16,0],"texture":"#1"},"up":{"uv":[1.125,1.125,14.875,15],"texture":"#1"},"down":{"uv":[1.125,1.125,14.875,15],"texture":"#1"}}},{"from":[-10,5,-10],"to":[26,5,26],"rotation":{"angle":0,"axis":"y","origin":[8,3,8]},"faces":{"north":{"uv":[0,0,16,0],"texture":"#1"},"east":{"uv":[0,0,16,0],"texture":"#1"},"south":{"uv":[0,0,16,0],"texture":"#1"},"west":{"uv":[0,0,16,0],"texture":"#1"},"up":{"uv":[1.125,1.125,14.875,15],"texture":"#1"},"down":{"uv":[1.125,1.125,14.875,15],"texture":"#1"}}},{"from":[8,-16,1],"to":[8,32,15],"rotation":{"angle":45,"axis":"y","origin":[8,8,8]},"faces":{"north":{"uv":[0,0,0,16],"texture":"#missing"},"east":{"uv":[5.75,0.375,10.125,16],"texture":"#2"},"south":{"uv":[0,0,0,16],"texture":"#missing"},"west":{"uv":[10.125,0.375,5.75,16],"texture":"#2"},"up":{"uv":[0,0,0,8],"texture":"#missing"},"down":{"uv":[0,0,0,8],"texture":"#missing"}}},{"from":[8,-16,1],"to":[8,32,15],"rotation":{"angle":-45,"axis":"y","origin":[8,8,8]},"faces":{"north":{"uv":[0,0,0,16],"texture":"#missing"},"east":{"uv":[5.75,0.375,10.125,16],"texture":"#2"},"south":{"uv":[0,0,0,16],"texture":"#missing"},"west":{"uv":[10.125,0.375,5.75,16],"texture":"#2"},"up":{"uv":[0,0,0,8],"texture":"#missing"},"down":{"uv":[0,0,0,8],"texture":"#missing"}}}],"gui_light":"front","display":{"gui":{"scale":[0.28,0.28,0.28]},"head":{"translation":[0,13,0],"scale":[2.5,2.5,2.5]}}}