{"credit":"MadewithBlockbench","texture_size":[32,32],"textures":{"0":"arcade_furniture_v1:07_pac_man_chair_yellow_texture","particle":"arcade_furniture_v1:07_pac_man_chair_yellow_texture"},"elements":[{"from":[3,1,3],"to":[13,13,13],"faces":{"north":{"uv":[5,0,0,6],"texture":"#0"},"east":{"uv":[5,0,10,6],"texture":"#0"},"south":{"uv":[10,0,5,6],"texture":"#0"},"west":{"uv":[5,0,10,6],"texture":"#0"},"up":{"uv":[15,5,10,0],"texture":"#0"},"down":{"uv":[15,5,10,10],"texture":"#0"}}},{"from":[2,0.5,3.25],"to":[4,2.5,5.25],"rotation":{"angle":-45,"axis":"x","origin":[4,1,4]},"faces":{"north":{"uv":[10,10,11,11],"texture":"#0"},"east":{"uv":[11,12,12,11],"texture":"#0"},"south":{"uv":[11,11,10,10],"texture":"#0"},"west":{"uv":[11,11,12,12],"texture":"#0"},"up":{"uv":[11,11,10,10],"texture":"#0"},"down":{"uv":[11,11,10,10],"texture":"#0"}}},{"from":[12,0.5,3.25],"to":[14,2.5,5.25],"rotation":{"angle":-45,"axis":"x","origin":[12,1,4]},"faces":{"north":{"uv":[11,10,10,11],"texture":"#0"},"east":{"uv":[12,11,11,12],"texture":"#0"},"south":{"uv":[10,11,11,10],"texture":"#0"},"west":{"uv":[12,12,11,11],"texture":"#0"},"up":{"uv":[10,11,11,10],"texture":"#0"},"down":{"uv":[10,11,11,10],"texture":"#0"}}},{"from":[12,0.5,10.75],"to":[14,2.5,12.75],"rotation":{"angle":45,"axis":"x","origin":[12,1,12]},"faces":{"north":{"uv":[11,11,10,10],"texture":"#0"},"east":{"uv":[11,11,12,12],"texture":"#0"},"south":{"uv":[10,10,11,11],"texture":"#0"},"west":{"uv":[11,12,12,11],"texture":"#0"},"up":{"uv":[10,10,11,11],"texture":"#0"},"down":{"uv":[10,10,11,11],"texture":"#0"}}},{"from":[2,0.5,10.75],"to":[4,2.5,12.75],"rotation":{"angle":45,"axis":"x","origin":[4,1,12]},"faces":{"north":{"uv":[10,11,11,10],"texture":"#0"},"east":{"uv":[12,12,11,11],"texture":"#0"},"south":{"uv":[11,10,10,11],"texture":"#0"},"west":{"uv":[12,11,11,12],"texture":"#0"},"up":{"uv":[11,10,10,11],"texture":"#0"},"down":{"uv":[11,10,10,11],"texture":"#0"}}}],"gui_light":"front","display":{"thirdperson_righthand":{"rotation":[67.5,0,0],"translation":[0,2,0.25],"scale":[0.37,0.37,0.37]},"thirdperson_lefthand":{"rotation":[67.5,0,0],"translation":[0,2,0.25],"scale":[0.37,0.37,0.37]},"firstperson_righthand":{"translation":[0.5,4,-1],"scale":[0.61078,0.61078,0.61078]},"firstperson_lefthand":{"translation":[0.5,4,-1],"scale":[0.61078,0.61078,0.61078]},"ground":{"translation":[0,4.25,0],"scale":[0.48,0.48,0.48]},"gui":{"rotation":[30,145,0],"translation":[0,0.75,0],"scale":[0.72,0.72,0.72]},"head":{"rotation":[0,-180,0],"translation":[0,-30.5,0],"scale":[1.6,1.6,1.6]},"fixed":{"rotation":[-90,0,0],"translation":[0,0,-17.25],"scale":[2.2,2.2,2.2]}}}