{"credit":"by w11shes","texture_size":[32,32],"textures":{"0":"elitecreatures:rogue_assortment/rogue_fishing_rod","particle":"elitecreatures:rogue_assortment/rogue_fishing_rod"},"elements":[{"from":[6.96399,3,5.88899],"to":[8.96399,27,7.88899],"rotation":{"angle":0,"axis":"y","origin":[7.92649,9.6625,1.9625]},"faces":{"north":{"uv":[4.5,1.5,5.5,13.5],"texture":"#0"},"east":{"uv":[4.5,1.5,3.5,13.5],"texture":"#0"},"south":{"uv":[15,0,16,12],"texture":"#0"},"west":{"uv":[3.5,1.5,4.5,13.5],"texture":"#0"},"up":{"uv":[9.5,4.5,8.5,3.5],"rotation":270,"texture":"#0"}}},{"from":[2.96945,24,3.97257],"to":[5.96945,26,6.97257],"rotation":{"angle":45,"axis":"y","origin":[7.92649,9.6625,1.9625]},"faces":{"north":{"uv":[11,10,12.5,11],"texture":"#0"},"east":{"uv":[12.5,10,11,11],"texture":"#0"},"south":{"uv":[11,10,12.5,11],"texture":"#0"},"west":{"uv":[12.5,10,11,11],"texture":"#0"},"up":{"uv":[12.5,4.5,11,3],"rotation":270,"texture":"#0"},"down":{"uv":[12.5,4.5,11,6],"rotation":90,"texture":"#0"}}},{"from":[2.96945,10,3.97257],"to":[5.96945,12,6.97257],"rotation":{"angle":45,"axis":"y","origin":[7.92649,9.6625,1.9625]},"faces":{"north":{"uv":[11,10,12.5,11],"texture":"#0"},"east":{"uv":[12.5,10,11,11],"texture":"#0"},"south":{"uv":[11,10,12.5,11],"texture":"#0"},"west":{"uv":[12.5,10,11,11],"texture":"#0"},"up":{"uv":[12.5,4.5,11,3],"rotation":270,"texture":"#0"},"down":{"uv":[12.5,4.5,11,6],"rotation":90,"texture":"#0"}}},{"from":[2.96945,17,3.97257],"to":[5.96945,19,6.97257],"rotation":{"angle":45,"axis":"y","origin":[7.92649,9.6625,1.9625]},"faces":{"north":{"uv":[11,10,12.5,11],"texture":"#0"},"east":{"uv":[12.5,10,11,11],"texture":"#0"},"south":{"uv":[11,10,12.5,11],"texture":"#0"},"west":{"uv":[12.5,10,11,11],"texture":"#0"},"up":{"uv":[12.5,4.5,11,3],"rotation":270,"texture":"#0"},"down":{"uv":[12.5,4.5,11,6],"rotation":90,"texture":"#0"}}},{"from":[3.03514,3,2.90688],"to":[7.03514,6,6.90688],"rotation":{"angle":45,"axis":"y","origin":[7.92649,9.6625,1.9625]},"faces":{"north":{"uv":[7,11,9,12.5],"texture":"#0"},"east":{"uv":[11,7,13,8.5],"texture":"#0"},"south":{"uv":[0,11.5,2,13],"texture":"#0"},"west":{"uv":[11.5,0,13.5,1.5],"texture":"#0"},"up":{"uv":[7.5,6.5,5.5,4.5],"rotation":270,"texture":"#0"},"down":{"uv":[7.5,6.5,5.5,8.5],"rotation":90,"texture":"#0"}}},{"from":[6.03514,6,5.90688],"to":[4.03514,3,3.90688],"rotation":{"angle":45,"axis":"y","origin":[7.92649,9.6625,1.9625]},"faces":{"north":{"uv":[12,1.5,13,0],"texture":"#0"},"east":{"uv":[12,1.5,13,0],"texture":"#0"},"south":{"uv":[7.5,12.5,8.5,11],"texture":"#0"},"west":{"uv":[11.5,8.5,12.5,7],"texture":"#0"}}},{"from":[6.46399,3.00338,-2.67926],"to":[9.46399,7.00338,1.32074],"rotation":{"angle":-45,"axis":"x","origin":[7.92649,9.6625,1.9625]},"faces":{"north":{"uv":[1,8,2.5,10],"texture":"#0"},"east":{"uv":[9.5,4.5,7.5,6.5],"texture":"#0"},"south":{"uv":[8.5,0,10,2],"texture":"#0"},"west":{"uv":[7.5,4.5,9.5,6.5],"texture":"#0"},"up":{"uv":[10.5,3.5,8.5,2],"rotation":270,"texture":"#0"},"down":{"uv":[7.5,8.5,5.5,10],"rotation":90,"texture":"#0"}}},{"from":[6.96399,-2,5.88899],"to":[8.96399,3,7.88899],"rotation":{"angle":0,"axis":"y","origin":[7.92649,9.6625,1.9625]},"faces":{"north":{"uv":[7.5,8.5,8.5,11],"texture":"#0"},"east":{"uv":[3.5,8,2.5,10.5],"texture":"#0"},"south":{"uv":[8.5,8.5,9.5,11],"texture":"#0"},"west":{"uv":[2.5,8,3.5,10.5],"texture":"#0"}}},{"from":[2.96945,-5,3.97257],"to":[5.96945,-2,6.97257],"rotation":{"angle":45,"axis":"y","origin":[7.92649,9.6625,1.9625]},"faces":{"north":{"uv":[9.5,3.5,11,5],"texture":"#0"},"east":{"uv":[9.5,3.5,11,5],"texture":"#0"},"south":{"uv":[9.5,3.5,11,5],"texture":"#0"},"west":{"uv":[9.5,3.5,11,5],"texture":"#0"},"up":{"uv":[11,6.5,9.5,5],"rotation":270,"texture":"#0"},"down":{"uv":[11,6.5,9.5,8],"rotation":90,"texture":"#0"}}},{"from":[6.96399,0.28312,14.30898],"to":[8.96399,4.28312,18.30898],"rotation":{"angle":45,"axis":"x","origin":[7.92649,9.6625,1.9625]},"faces":{"north":{"uv":[2.5,10.5,3.5,12.5],"texture":"#0"},"east":{"uv":[9.5,6.5,7.5,8.5],"texture":"#0"},"south":{"uv":[9,11,10,13],"texture":"#0"},"west":{"uv":[7.5,6.5,9.5,8.5],"texture":"#0"},"up":{"uv":[13,10,11,9],"rotation":270,"texture":"#0"},"down":{"uv":[12,11,10,12],"rotation":90,"texture":"#0"}}},{"from":[8.96399,3.28312,17.30898],"to":[6.96399,1.28312,15.30898],"rotation":{"angle":45,"axis":"x","origin":[7.92649,9.6625,1.9625]},"faces":{"north":{"uv":[9,12.5,10,11.5],"texture":"#0"},"south":{"uv":[2.5,12,3.5,11],"texture":"#0"},"up":{"uv":[10.5,11,11.5,12],"rotation":270,"texture":"#0"},"down":{"uv":[11.5,10,12.5,9],"rotation":90,"texture":"#0"}}},{"from":[4.43722,25,2.5048],"to":[7.43722,25.05,5.5048],"rotation":{"angle":45,"axis":"y","origin":[7.92649,9.6625,1.9625]},"faces":{"up":{"uv":[11,9.5,9.5,8],"rotation":270,"texture":"#0"},"down":{"uv":[11,8,9.5,9.5],"rotation":90,"texture":"#0"}}},{"from":[4.43722,18,2.5048],"to":[7.43722,18.05,5.5048],"rotation":{"angle":45,"axis":"y","origin":[7.92649,9.6625,1.9625]},"faces":{"up":{"uv":[11,9.5,9.5,8],"rotation":270,"texture":"#0"},"down":{"uv":[11,8,9.5,9.5],"rotation":90,"texture":"#0"}}},{"from":[4.43722,11,2.5048],"to":[7.43722,11.05,5.5048],"rotation":{"angle":45,"axis":"y","origin":[7.92649,9.6625,1.9625]},"faces":{"up":{"uv":[11,9.5,9.5,8],"rotation":270,"texture":"#0"},"down":{"uv":[11,8,9.5,9.5],"rotation":90,"texture":"#0"}}},{"from":[7.96399,10.82907,-3.72224],"to":[8.01399,16.82907,2.27776],"rotation":{"angle":45,"axis":"x","origin":[7.92649,9.6625,1.9625]},"faces":{"east":{"uv":[8.5,1.5,5.5,4.5],"texture":"#0"},"west":{"uv":[5.5,1.5,8.5,4.5],"texture":"#0"}}},{"from":[7.96399,15.82907,-8.72224],"to":[8.01399,22.82907,-1.72224],"rotation":{"angle":45,"axis":"x","origin":[7.92649,9.6625,1.9625]},"faces":{"east":{"uv":[3.5,1.5,0,5],"texture":"#0"},"west":{"uv":[0,1.5,3.5,5],"texture":"#0"}}},{"from":[7.96399,6.82907,1.27776],"to":[8.01399,12.82907,6.27776],"rotation":{"angle":45,"axis":"x","origin":[7.92649,9.6625,1.9625]},"faces":{"east":{"uv":[3.5,5,1,8],"texture":"#0"},"west":{"uv":[1,5,3.5,8],"texture":"#0"}}},{"from":[7.86399,21.67452,-6.27303],"to":[7.91399,24.67452,10.72697],"rotation":{"angle":-22.5,"axis":"x","origin":[7.92649,9.6625,1.9625]},"faces":{"east":{"uv":[8.5,0,0,1.5],"texture":"#0"},"west":{"uv":[0,0,8.5,1.5],"texture":"#0"}}},{"from":[6.36399,21.67452,0.72697],"to":[9.36399,24.67452,3.72697],"rotation":{"angle":-22.5,"axis":"x","origin":[7.92649,9.6625,1.9625]},"faces":{"north":{"uv":[10,0,11.5,1.5],"texture":"#0"},"east":{"uv":[11,9.5,9.5,11],"texture":"#0"},"south":{"uv":[1,10,2.5,11.5],"texture":"#0"},"west":{"uv":[9.5,9.5,11,11],"texture":"#0"},"up":{"uv":[7,11.5,5.5,10],"rotation":270,"texture":"#0"},"down":{"uv":[12,1.5,10.5,3],"rotation":90,"texture":"#0"}}}],"gui_light":"front","display":{"thirdperson_righthand":{"translation":[0,3.75,1.75],"scale":[0.75,0.75,0.75]},"thirdperson_lefthand":{"translation":[0,3.75,1.75],"scale":[0.75,0.75,0.75]},"firstperson_righthand":{"rotation":[-3,20,10],"translation":[7.25,0,-2.5],"scale":[0.74609,0.74609,0.74609]},"firstperson_lefthand":{"rotation":[-3,20,10],"translation":[7.25,0,-2.5],"scale":[0.74609,0.74609,0.74609]},"ground":{"rotation":[94,85,0],"translation":[0,0,2],"scale":[0.5,0.5,0.5]},"gui":{"rotation":[-76,50,100],"translation":[2.75,-0.25,0],"scale":[0.49922,0.51875,0.49922]},"head":{"rotation":[90,-171,90],"translation":[-2.25,9.25,0.25],"scale":[0.7,0.7,0.7]},"fixed":{"rotation":[0,90,0],"translation":[2.25,-5,-1.25],"scale":[1.24336,1.24336,1.24336]}},"groups":[0,1,2,3,4,5,6,7,8,9,10,11,12,13,14,15,16,{"name":"hook","origin":[0,0,0],"color":0,"boneType":"","children":[17,18]}]}