{"credit":"Made with Blockbench","texture_size":[128,128],"textures":{"0":"elitecreatures:vinland_animated_weapon/vinland_texture_01","1":"elitecreatures:vinland_animated_weapon/vinland_animation_01","3":"elitecreatures:vinland_animated_weapon/vinland_animation_03","particle":"elitecreatures:vinland_animated_weapon/vinland_texture_01"},"elements":[{"from":[7,-11,7],"to":[9,0,9],"rotation":{"angle":0,"axis":"y","origin":[0,-1,0]},"faces":{"north":{"uv":[3.3125,0.5,3.5625,1.875],"texture":"#0"},"east":{"uv":[3.0625,0.5,3.3125,1.875],"texture":"#0"},"south":{"uv":[3.3125,0.5,3.5625,1.875],"texture":"#0"},"west":{"uv":[3.0625,0.5,3.3125,1.875],"texture":"#0"},"up":{"uv":[1.125,1.25,1.375,1.5],"texture":"#0"},"down":{"uv":[1.125,1.25,1.375,1.5],"texture":"#0"}}},{"from":[6.75,8,6.75],"to":[9.25,11.5,9.25],"rotation":{"angle":0,"axis":"y","origin":[7,5.5,8]},"faces":{"north":{"uv":[1.125,0.8125,1.4375,1.25],"texture":"#0"},"east":{"uv":[0.8125,0.8125,1.125,1.25],"texture":"#0"},"south":{"uv":[1.125,0.8125,1.4375,1.25],"texture":"#0"},"west":{"uv":[0.8125,0.8125,1.125,1.25],"texture":"#0"},"up":{"uv":[0.8125,1.25,1.125,1.5625],"texture":"#0"},"down":{"uv":[0.8125,1.25,1.125,1.5625],"texture":"#0"}}},{"from":[6.75,-13.5,6.75],"to":[9.25,-11,9.25],"rotation":{"angle":0,"axis":"y","origin":[7,11.5,8]},"faces":{"north":{"uv":[2,1.75,2.3125,1.4375],"texture":"#0"},"east":{"uv":[2,1.75,2.3125,1.4375],"texture":"#0"},"south":{"uv":[2,1.75,2.3125,1.4375],"texture":"#0"},"west":{"uv":[2,1.75,2.3125,1.4375],"texture":"#0"},"up":{"uv":[2.3125,1.75,2.625,1.4375],"texture":"#0"},"down":{"uv":[2.3125,1.75,2.625,1.4375],"texture":"#0"}}},{"from":[6.75,0,6.75],"to":[9.25,2.5,9.25],"rotation":{"angle":0,"axis":"y","origin":[7,11.5,8]},"faces":{"north":{"uv":[2,1.75,2.3125,1.4375],"texture":"#0"},"east":{"uv":[2,1.75,2.3125,1.4375],"texture":"#0"},"south":{"uv":[2,1.75,2.3125,1.4375],"texture":"#0"},"west":{"uv":[2,1.75,2.3125,1.4375],"texture":"#0"},"up":{"uv":[2.3125,1.75,2.625,1.4375],"texture":"#0"},"down":{"uv":[2.3125,1.75,2.625,1.4375],"texture":"#0"}}},{"from":[8,15,5],"to":[8,31,11],"rotation":{"angle":0,"axis":"y","origin":[0,-2,0]},"faces":{"north":{"uv":[4,0,0,20],"texture":"#missing"},"east":{"uv":[10.25,4.25,11,6.25],"texture":"#0"},"south":{"uv":[4,0,0,20],"texture":"#missing"},"west":{"uv":[10.25,4.25,11,6.25],"texture":"#0"},"up":{"uv":[0,20,4,24],"texture":"#missing"},"down":{"uv":[0,20,4,24],"texture":"#missing"}}},{"from":[8.1,12.5,11],"to":[8.1,17.5,14],"rotation":{"angle":0,"axis":"y","origin":[9,4.00347,2.74142]},"faces":{"north":{"uv":[1.5,0.3125,1.625,0.875],"texture":"#0"},"east":{"uv":[3.0625,0,3.6875,0.375],"rotation":270,"texture":"#0"},"south":{"uv":[1.5,0.3125,1.625,0.875],"rotation":180,"texture":"#0"},"west":{"uv":[3.0625,0,3.6875,0.375],"rotation":90,"texture":"#0"},"up":{"uv":[0.5625,5.3125,0.6875,2.1875],"texture":"#0"},"down":{"uv":[0.5625,5.3125,0.6875,2.1875],"rotation":180,"texture":"#0"}}},{"from":[7.9,12.5,11],"to":[7.9,17.5,14],"rotation":{"angle":0,"axis":"y","origin":[7,4.00347,2.74142]},"faces":{"north":{"uv":[1.625,0.3125,1.5,0.875],"texture":"#0"},"east":{"uv":[3.0625,0.375,3.6875,0],"rotation":90,"texture":"#0"},"south":{"uv":[1.625,0.3125,1.5,0.875],"rotation":180,"texture":"#0"},"west":{"uv":[3.0625,0.375,3.6875,0],"rotation":270,"texture":"#0"},"up":{"uv":[0.6875,5.3125,0.5625,2.1875],"texture":"#0"},"down":{"uv":[0.6875,5.3125,0.5625,2.1875],"rotation":180,"texture":"#0"}}},{"from":[7.9,12.5,2],"to":[7.9,17.5,5],"rotation":{"angle":0,"axis":"y","origin":[7,4.00347,13.25858]},"faces":{"north":{"uv":[1.5,0.3125,1.625,0.875],"rotation":180,"texture":"#0"},"east":{"uv":[3.0625,0,3.6875,0.375],"rotation":90,"texture":"#0"},"south":{"uv":[1.5,0.3125,1.625,0.875],"texture":"#0"},"west":{"uv":[3.0625,0,3.6875,0.375],"rotation":270,"texture":"#0"},"up":{"uv":[0.6875,2.1875,0.5625,5.3125],"texture":"#0"},"down":{"uv":[0.6875,2.1875,0.5625,5.3125],"rotation":180,"texture":"#0"}}},{"from":[8.1,12.5,2],"to":[8.1,17.5,5],"rotation":{"angle":0,"axis":"y","origin":[9,4.00347,13.25858]},"faces":{"north":{"uv":[1.625,0.3125,1.5,0.875],"rotation":180,"texture":"#0"},"east":{"uv":[3.0625,0.375,3.6875,0],"rotation":270,"texture":"#0"},"south":{"uv":[1.625,0.3125,1.5,0.875],"texture":"#0"},"west":{"uv":[3.0625,0.375,3.6875,0],"rotation":90,"texture":"#0"},"up":{"uv":[0.5625,2.1875,0.6875,5.3125],"texture":"#0"},"down":{"uv":[0.5625,2.1875,0.6875,5.3125],"rotation":180,"texture":"#0"}}},{"from":[8,9,-2],"to":[8,24,8],"faces":{"north":{"uv":[0,0,0,2],"texture":"#missing"},"east":{"uv":[10.375,2.5625,9.125,4.4375],"texture":"#0"},"south":{"uv":[0,0,0,2],"texture":"#missing"},"west":{"uv":[9.125,2.5625,10.375,4.4375],"texture":"#0"},"up":{"uv":[0,0,0,1.5],"texture":"#missing"},"down":{"uv":[0,0,0,1.5],"texture":"#missing"}}},{"from":[8,9,8],"to":[8,24,18],"rotation":{"angle":0,"axis":"y","origin":[0,0,16]},"faces":{"north":{"uv":[0,0,0,2],"texture":"#missing"},"east":{"uv":[9.125,2.5625,10.375,4.4375],"texture":"#0"},"south":{"uv":[0,0,0,2],"texture":"#missing"},"west":{"uv":[10.375,2.5625,9.125,4.4375],"texture":"#0"},"up":{"uv":[0,1.5,0,0],"texture":"#missing"},"down":{"uv":[0,1.5,0,0],"texture":"#missing"}}},{"from":[7.5,13.5,5.75],"to":[8.5,18.5,10.25],"rotation":{"angle":0,"axis":"y","origin":[0,-6.5,-0.5]},"faces":{"north":{"uv":[0.6875,2.1875,0.5625,2.8125],"texture":"#0"},"east":{"uv":[0,3.4375,0.5625,4.0625],"texture":"#0"},"south":{"uv":[0.6875,2.1875,0.5625,2.8125],"texture":"#0"},"west":{"uv":[0,3.4375,0.5625,4.0625],"texture":"#0"},"up":{"uv":[1.5,0.3125,1.625,0.875],"texture":"#0"},"down":{"uv":[1.5,0.3125,1.625,0.875],"texture":"#0"}}},{"from":[7.4,16.6,6.25],"to":[8.6,20.1,9.75],"rotation":{"angle":-45,"axis":"x","origin":[8,18.35,8]},"faces":{"north":{"uv":[2.625,1.75,2.75,1.3125],"texture":"#0"},"east":{"uv":[0.6875,1.875,1.125,2.3125],"texture":"#0"},"south":{"uv":[1.875,1.25,2,1.6875],"texture":"#0"},"west":{"uv":[1.125,1.875,0.6875,2.3125],"texture":"#0"},"up":{"uv":[1.875,1.6875,2,1.25],"texture":"#0"},"down":{"uv":[2.625,1.75,2.75,1.3125],"texture":"#0"}}},{"from":[7.25,-14.5,7],"to":[8.75,-11,9.5],"rotation":{"angle":-22.5,"axis":"x","origin":[8,-11,9.5]},"faces":{"north":{"uv":[2.375,2.1875,2.5625,1.75],"texture":"#0"},"east":{"uv":[1.0625,0.75,0.75,0.3125],"texture":"#0"},"south":{"uv":[1.0625,0.75,1.25,0.3125],"texture":"#0"},"west":{"uv":[0.75,0.75,1.0625,0.3125],"texture":"#0"},"up":{"uv":[1.25,0.625,1.4375,0.3125],"texture":"#0"},"down":{"uv":[1.25,0.625,1.4375,0.3125],"texture":"#0"}}},{"from":[7.25,-14.5,6.5],"to":[8.75,-11,9],"rotation":{"angle":22.5,"axis":"x","origin":[8,-11,6.5]},"faces":{"north":{"uv":[1.25,0.75,1.0625,0.3125],"texture":"#0"},"east":{"uv":[0.75,0.75,1.0625,0.3125],"texture":"#0"},"south":{"uv":[2.5625,2.1875,2.375,1.75],"texture":"#0"},"west":{"uv":[1.0625,0.75,0.75,0.3125],"texture":"#0"},"up":{"uv":[1.25,0.3125,1.4375,0.625],"texture":"#0"},"down":{"uv":[1.25,0.3125,1.4375,0.625],"texture":"#0"}}},{"from":[7,10,7.5],"to":[9,12.5,12.5],"rotation":{"angle":-22.5,"axis":"x","origin":[7,11,7.5]},"faces":{"north":{"uv":[1.375,0,1.625,0.3125],"texture":"#0"},"east":{"uv":[1.375,0,0.75,0.3125],"texture":"#0"},"south":{"uv":[1.375,0,1.625,0.3125],"texture":"#0"},"west":{"uv":[0.75,0,1.375,0.3125],"texture":"#0"},"up":{"uv":[2.125,1.75,2.375,2.375],"texture":"#0"},"down":{"uv":[0.5,0.25,0.75,0.875],"texture":"#0"}}},{"from":[7,10,3.5],"to":[9,12.5,8.5],"rotation":{"angle":22.5,"axis":"x","origin":[7,11,8.5]},"faces":{"north":{"uv":[1.625,0,1.375,0.3125],"texture":"#0"},"east":{"uv":[0.75,0,1.375,0.3125],"texture":"#0"},"south":{"uv":[1.625,0,1.375,0.3125],"texture":"#0"},"west":{"uv":[1.375,0,0.75,0.3125],"texture":"#0"},"up":{"uv":[2.125,2.375,2.375,1.75],"texture":"#0"},"down":{"uv":[0.5,0.875,0.75,0.25],"texture":"#0"}}},{"from":[6,11.20711,8.5],"to":[10,13.20711,10.5],"rotation":{"angle":-45,"axis":"x","origin":[8,10.70711,8]},"faces":{"north":{"uv":[0.75,0,0.25,0.25],"texture":"#0"},"east":{"uv":[0,0,0.25,0.25],"texture":"#0"},"south":{"uv":[0.75,0,0.25,0.25],"texture":"#0"},"west":{"uv":[0.25,0,0,0.25],"texture":"#0"},"up":{"uv":[0.75,0.25,0.25,0],"texture":"#0"},"down":{"uv":[0.75,0,0.25,0.25],"texture":"#0"}}},{"from":[6.9,-16,8.5],"to":[6.9,-13.20711,11.5],"rotation":{"angle":45,"axis":"x","origin":[8,-12.70711,8]},"faces":{"north":{"uv":[0,10,0,0],"texture":"#1"},"east":{"uv":[10,10,0,0],"texture":"#1"},"south":{"uv":[0,10,0,0],"texture":"#1"},"west":{"uv":[0,10,10,0],"texture":"#1"},"up":{"uv":[0,10,0,0],"texture":"#1"},"down":{"uv":[0,0,0,10],"texture":"#1"}}},{"from":[9.1,-16,8.5],"to":[9.1,-13.20711,11.5],"rotation":{"angle":45,"axis":"x","origin":[8,-12.70711,8]},"faces":{"north":{"uv":[0,10,0,0],"texture":"#1"},"east":{"uv":[10,10,0,0],"texture":"#1"},"south":{"uv":[0,10,0,0],"texture":"#1"},"west":{"uv":[0,10,10,0],"texture":"#1"},"up":{"uv":[0,10,0,0],"texture":"#1"},"down":{"uv":[0,0,0,10],"texture":"#1"}}},{"from":[6.5,10,8],"to":[9.5,14,12],"rotation":{"angle":-45,"axis":"x","origin":[8,10,8]},"faces":{"north":{"uv":[0.5,1.125,0,1.5],"rotation":90,"texture":"#0"},"east":{"uv":[0,0.25,0.5,0.75],"rotation":90,"texture":"#0"},"south":{"uv":[0.5,0.75,0,1.125],"rotation":90,"texture":"#0"},"west":{"uv":[0,0.75,0.5,0.25],"rotation":90,"texture":"#0"},"up":{"uv":[0,0.75,0.5,1.125],"rotation":90,"texture":"#0"},"down":{"uv":[0.5,1.125,0,1.5],"rotation":90,"texture":"#0"}}},{"from":[7,-15.4,7],"to":[9,-12.9,9],"rotation":{"angle":0,"axis":"y","origin":[7,5.5,8]},"faces":{"north":{"uv":[1.875,1.75,2.125,2.0625],"texture":"#0"},"east":{"uv":[1.875,1.75,2.125,2.0625],"texture":"#0"},"south":{"uv":[1.875,1.75,2.125,2.0625],"texture":"#0"},"west":{"uv":[1.875,1.75,2.125,2.0625],"texture":"#0"},"up":{"uv":[1.875,2.0625,2.125,2.3125],"texture":"#0"},"down":{"uv":[1.875,2.0625,2.125,2.3125],"texture":"#0"}}},{"from":[10.1,11.20711,7.5],"to":[10.1,16.20711,12.5],"rotation":{"angle":-45,"axis":"x","origin":[8,11.70711,8]},"faces":{"north":{"uv":[0,0,0,10],"texture":"#1"},"east":{"uv":[10,0,0,10],"texture":"#1"},"south":{"uv":[0,0,0,10],"texture":"#1"},"west":{"uv":[0,0,10,10],"texture":"#1"},"up":{"uv":[0,10,0,0],"texture":"#1"},"down":{"uv":[0,0,0,10],"texture":"#1"}}},{"from":[5.9,11.20711,7.5],"to":[5.9,16.20711,12.5],"rotation":{"angle":-45,"axis":"x","origin":[8,11.70711,8]},"faces":{"north":{"uv":[0,0,0,10],"texture":"#1"},"east":{"uv":[10,0,0,10],"texture":"#1"},"south":{"uv":[0,0,0,10],"texture":"#1"},"west":{"uv":[0,0,10,10],"texture":"#1"},"up":{"uv":[0,10,0,0],"texture":"#1"},"down":{"uv":[0,0,0,10],"texture":"#1"}}},{"from":[7,0,7],"to":[9,8.5,9],"rotation":{"angle":0,"axis":"y","origin":[0,-1,0]},"faces":{"north":{"uv":[3.5625,2.1875,3.3125,3.25],"texture":"#0"},"east":{"uv":[3.3125,2.1875,3.5625,3.25],"texture":"#0"},"south":{"uv":[3.5625,2.1875,3.3125,3.25],"texture":"#0"},"west":{"uv":[3.3125,2.1875,3.5625,3.25],"texture":"#0"},"up":{"uv":[1.125,1.25,1.375,1.5],"texture":"#0"},"down":{"uv":[1.125,1.25,1.375,1.5],"texture":"#0"}}},{"from":[7.25,12,10],"to":[8.75,16,12.5],"rotation":{"angle":0,"axis":"y","origin":[8,-1,12.5]},"faces":{"north":{"uv":[2.375,1.75,2.5625,2.25],"texture":"#0"},"east":{"uv":[1.0625,0.3125,0.75,0.8125],"texture":"#0"},"south":{"uv":[1.0625,0.3125,1.25,0.8125],"texture":"#0"},"west":{"uv":[0.75,0.3125,1.0625,0.8125],"texture":"#0"},"up":{"uv":[1.25,0.3125,1.4375,0.625],"texture":"#0"},"down":{"uv":[1.25,0.3125,1.4375,0.625],"texture":"#0"}}},{"from":[7.25,12,3.5],"to":[8.75,16,6],"rotation":{"angle":0,"axis":"y","origin":[8,-1,3.5]},"faces":{"north":{"uv":[1.25,0.3125,1.0625,0.8125],"texture":"#0"},"east":{"uv":[0.75,0.3125,1.0625,0.8125],"texture":"#0"},"south":{"uv":[2.5625,1.75,2.375,2.25],"texture":"#0"},"west":{"uv":[1.0625,0.3125,0.75,0.8125],"texture":"#0"},"up":{"uv":[1.25,0.625,1.4375,0.3125],"texture":"#0"},"down":{"uv":[1.25,0.625,1.4375,0.3125],"texture":"#0"}}},{"from":[10.1,11.20711,7.5],"to":[10.1,16.20711,12.5],"rotation":{"angle":-45,"axis":"x","origin":[8,11.70711,8]},"faces":{"north":{"uv":[0,0,0,10],"texture":"#1"},"east":{"uv":[10,0,0,10],"texture":"#1"},"south":{"uv":[0,0,0,10],"texture":"#1"},"west":{"uv":[0,0,10,10],"texture":"#1"},"up":{"uv":[0,10,0,0],"texture":"#1"},"down":{"uv":[0,0,0,10],"texture":"#1"}}},{"from":[5.9,11.20711,7.5],"to":[5.9,16.20711,12.5],"rotation":{"angle":-45,"axis":"x","origin":[8,11.70711,8]},"faces":{"north":{"uv":[0,0,0,10],"texture":"#1"},"east":{"uv":[10,0,0,10],"texture":"#1"},"south":{"uv":[0,0,0,10],"texture":"#1"},"west":{"uv":[0,0,10,10],"texture":"#1"},"up":{"uv":[0,10,0,0],"texture":"#1"},"down":{"uv":[0,0,0,10],"texture":"#1"}}},{"from":[10,20,10],"to":[10,24,18],"rotation":{"angle":22.5,"axis":"x","origin":[8,17,-2.5]},"faces":{"north":{"uv":[0,0,0,8],"texture":"#3"},"east":{"uv":[0,0,16,8],"texture":"#3"},"south":{"uv":[0,0,0,8],"texture":"#3"},"west":{"uv":[0,0,16,8],"texture":"#3"},"up":{"uv":[0,14,0,0],"texture":"#3"},"down":{"uv":[0,0,0,14],"texture":"#3"}}},{"from":[6.5,9,-5],"to":[6.5,13,3],"rotation":{"angle":-22.5,"axis":"x","origin":[8,17,-2.5]},"faces":{"north":{"uv":[0,0,0,8],"texture":"#3"},"east":{"uv":[0,0,16,8],"texture":"#3"},"south":{"uv":[0,0,0,8],"texture":"#3"},"west":{"uv":[0,0,16,8],"texture":"#3"},"up":{"uv":[0,14,0,0],"texture":"#3"},"down":{"uv":[0,0,0,14],"texture":"#3"}}}],"gui_light":"front","display":{"thirdperson_righthand":{"translation":[0,7.5,1.75],"scale":[0.7,0.7,0.7]},"thirdperson_lefthand":{"translation":[0,7.5,1.75],"scale":[0.7,0.7,0.7]},"firstperson_righthand":{"rotation":[-10,0,0],"translation":[3.25,5.5,-3.5],"scale":[0.6,0.6,0.6]},"firstperson_lefthand":{"rotation":[-10,0,0],"translation":[3.25,5.5,-3.5],"scale":[0.6,0.6,0.6]},"ground":{"rotation":[0,0,80],"translation":[-1.75,-1.5,0],"scale":[0.45352,0.45352,0.45352]},"gui":{"rotation":[-90,-45,-90],"translation":[0.5,0.5,-1.5],"scale":[0.43945,0.43945,0.43945]},"head":{"rotation":[-77.97,-13.17,-87.22],"translation":[3,13.25,1.75],"scale":[0.6,0.6,0.6]},"fixed":{"rotation":[-90,-45,-90],"translation":[2.25,0.75,-1.5],"scale":[1.04531,1.04531,1.04531]}}}