{"credit":"magic_store_official","textures":{"0":"magic_store:furnitures/medieval_fullpack_1/windmill","particle":"magic_store:furnitures/medieval_fullpack_1/windmill"},"elements":[{"from":[1.6053,0.08421,1.0132],"to":[5.8158,4.29471,5.2237],"rotation":{"angle":0,"axis":"y","origin":[0.7632,0.08421,0.7632]},"faces":{"north":{"uv":[1.875,0,2.1875,0.3125],"texture":"#0"},"east":{"uv":[1.875,0,2.1875,0.3125],"texture":"#0"},"south":{"uv":[1.875,0,2.1875,0.3125],"texture":"#0"},"west":{"uv":[1.875,0,2.1875,0.3125],"texture":"#0"},"up":{"uv":[2.1875,0,2.5,0.3125],"texture":"#0"},"down":{"uv":[1.875,0,2.1875,0.3125],"texture":"#0"}}},{"from":[6.6579,0.08421,1.0132],"to":[10.8684,4.29471,5.2237],"rotation":{"angle":0,"axis":"y","origin":[0.7632,0.08421,0.7632]},"faces":{"north":{"uv":[1.875,0,2.1875,0.3125],"texture":"#0"},"east":{"uv":[1.875,0,2.1875,0.3125],"texture":"#0"},"south":{"uv":[1.875,0,2.1875,0.3125],"texture":"#0"},"west":{"uv":[1.875,0,2.1875,0.3125],"texture":"#0"},"up":{"uv":[2.1875,0,2.5,0.3125],"texture":"#0"},"down":{"uv":[1.875,0,2.1875,0.3125],"texture":"#0"}}},{"from":[8.6579,0.58421,1.7632],"to":[12.8684,4.79471,5.9737],"rotation":{"angle":0,"axis":"y","origin":[0.7632,0.08421,0.7632]},"faces":{"north":{"uv":[1.875,0,2.1875,0.3125],"texture":"#0"},"east":{"uv":[1.875,0,2.1875,0.3125],"texture":"#0"},"south":{"uv":[1.875,0,2.1875,0.3125],"texture":"#0"},"west":{"uv":[1.875,0,2.1875,0.3125],"texture":"#0"},"up":{"uv":[2.1875,0,2.5,0.3125],"texture":"#0"},"down":{"uv":[1.875,0,2.1875,0.3125],"texture":"#0"}}},{"from":[2.1316,4.29471,4.2895],"to":[6.3421,8.50521,8.5],"rotation":{"angle":0,"axis":"y","origin":[3.92108,3.87366,12.34208]},"faces":{"north":{"uv":[1.875,0,2.1875,0.3125],"texture":"#0"},"east":{"uv":[1.875,0,2.1875,0.3125],"texture":"#0"},"south":{"uv":[1.875,0,2.1875,0.3125],"texture":"#0"},"west":{"uv":[1.875,0,2.1875,0.3125],"texture":"#0"},"up":{"uv":[2.1875,0,2.5,0.3125],"texture":"#0"},"down":{"uv":[1.875,0,2.1875,0.3125],"texture":"#0"}}},{"from":[6.1316,4.29471,1.2895],"to":[10.3421,8.50521,5.5],"rotation":{"angle":0,"axis":"y","origin":[3.92108,3.87366,12.34208]},"faces":{"north":{"uv":[1.875,0,2.1875,0.3125],"texture":"#0"},"east":{"uv":[1.875,0,2.1875,0.3125],"texture":"#0"},"south":{"uv":[1.875,0,2.1875,0.3125],"texture":"#0"},"west":{"uv":[1.875,0,2.1875,0.3125],"texture":"#0"},"up":{"uv":[2.1875,0,2.5,0.3125],"texture":"#0"},"down":{"uv":[1.875,0,2.1875,0.3125],"texture":"#0"}}},{"from":[4.1316,8.29471,3.0395],"to":[8.3421,12.50521,7.25],"rotation":{"angle":0,"axis":"y","origin":[3.92108,3.87366,12.34208]},"faces":{"north":{"uv":[1.875,0,2.1875,0.3125],"texture":"#0"},"east":{"uv":[1.875,0,2.1875,0.3125],"texture":"#0"},"south":{"uv":[1.875,0,2.1875,0.3125],"texture":"#0"},"west":{"uv":[1.875,0,2.1875,0.3125],"texture":"#0"},"up":{"uv":[2.1875,0,2.5,0.3125],"texture":"#0"},"down":{"uv":[1.875,0,2.1875,0.3125],"texture":"#0"}}},{"from":[5.8158,12.50521,5.5658],"to":[7.5,15.03151,5.5658],"rotation":{"angle":0,"axis":"y","origin":[3.92108,3.87366,12.34208]},"faces":{"north":{"uv":[1.25,0.3125,1.375,0.5],"texture":"#0"},"east":{"uv":[0,0,0,3],"texture":"#0"},"south":{"uv":[1.25,0.3125,1.375,0.5],"texture":"#0"},"west":{"uv":[0,0,0,0],"texture":"#0"},"up":{"uv":[0,0,0,0],"texture":"#0"},"down":{"uv":[0,0,0,0],"texture":"#0"}}},{"from":[8.6316,8.29471,4.2895],"to":[12.8421,12.50521,8.5],"rotation":{"angle":45,"axis":"y","origin":[12.44738,12.08416,6.60528]},"faces":{"north":{"uv":[1.875,0,2.1875,0.3125],"texture":"#0"},"east":{"uv":[1.875,0,2.1875,0.3125],"texture":"#0"},"south":{"uv":[1.875,0,2.1875,0.3125],"texture":"#0"},"west":{"uv":[1.875,0,2.1875,0.3125],"texture":"#0"},"up":{"uv":[2.1875,0,2.5,0.3125],"texture":"#0"},"down":{"uv":[1.875,0,2.1875,0.3125],"texture":"#0"}}},{"from":[10.3158,12.50521,6.8158],"to":[12,15.03151,6.8158],"rotation":{"angle":45,"axis":"y","origin":[12.44738,12.08416,6.60528]},"faces":{"north":{"uv":[1.25,0.3125,1.375,0.5],"texture":"#0"},"east":{"uv":[0,0,0,3],"texture":"#0"},"south":{"uv":[1.25,0.3125,1.375,0.5],"texture":"#0"},"west":{"uv":[0,0,0,0],"texture":"#0"},"up":{"uv":[0,0,0,0],"texture":"#0"},"down":{"uv":[0,0,0,0],"texture":"#0"}}},{"from":[6.18185,8.29471,9.6603],"to":[10.39235,12.50521,13.8708],"rotation":{"angle":-22.5,"axis":"y","origin":[7.49763,12.08416,11.55502]},"faces":{"north":{"uv":[1.875,0,2.1875,0.3125],"texture":"#0"},"east":{"uv":[1.875,0,2.1875,0.3125],"texture":"#0"},"south":{"uv":[1.875,0,2.1875,0.3125],"texture":"#0"},"west":{"uv":[1.875,0,2.1875,0.3125],"texture":"#0"},"up":{"uv":[2.1875,0,2.5,0.3125],"rotation":270,"texture":"#0"},"down":{"uv":[1.875,0,2.1875,0.3125],"rotation":90,"texture":"#0"}}},{"from":[8.70815,12.50521,10.5024],"to":[8.70815,15.03151,12.1866],"rotation":{"angle":-22.5,"axis":"y","origin":[7.49763,12.08416,11.55502]},"faces":{"north":{"uv":[0,0,0,3],"texture":"#0"},"east":{"uv":[1.25,0.3125,1.375,0.5],"texture":"#0"},"south":{"uv":[0,0,0,0],"texture":"#0"},"west":{"uv":[1.25,0.3125,1.375,0.5],"texture":"#0"},"up":{"uv":[0,0,0,0],"rotation":270,"texture":"#0"},"down":{"uv":[0,0,0,0],"rotation":90,"texture":"#0"}}},{"from":[1.48633,8.29471,8.12956],"to":[5.69683,12.50521,12.34006],"rotation":{"angle":0,"axis":"y","origin":[3.80211,12.08416,10.02429]},"faces":{"north":{"uv":[1.875,0,2.1875,0.3125],"texture":"#0"},"east":{"uv":[1.875,0,2.1875,0.3125],"texture":"#0"},"south":{"uv":[1.875,0,2.1875,0.3125],"texture":"#0"},"west":{"uv":[1.875,0,2.1875,0.3125],"texture":"#0"},"up":{"uv":[2.1875,0,2.5,0.3125],"rotation":270,"texture":"#0"},"down":{"uv":[1.875,0,2.1875,0.3125],"rotation":90,"texture":"#0"}}},{"from":[4.01263,12.50521,8.97166],"to":[4.01263,15.03151,10.65586],"rotation":{"angle":0,"axis":"y","origin":[3.80211,12.08416,10.02429]},"faces":{"north":{"uv":[0,0,0,3],"texture":"#0"},"east":{"uv":[1.25,0.3125,1.375,0.5],"texture":"#0"},"south":{"uv":[0,0,0,0],"texture":"#0"},"west":{"uv":[1.25,0.3125,1.375,0.5],"texture":"#0"},"up":{"uv":[0,0,0,0],"rotation":270,"texture":"#0"},"down":{"uv":[0,0,0,0],"rotation":90,"texture":"#0"}}},{"from":[10.6842,4.29471,4.71055],"to":[14.8947,8.50521,8.92105],"rotation":{"angle":-22.5,"axis":"y","origin":[11.49998,8.08416,5.60528]},"faces":{"north":{"uv":[1.875,0,2.1875,0.3125],"texture":"#0"},"east":{"uv":[1.875,0,2.1875,0.3125],"texture":"#0"},"south":{"uv":[1.875,0,2.1875,0.3125],"texture":"#0"},"west":{"uv":[1.875,0,2.1875,0.3125],"texture":"#0"},"up":{"uv":[2.1875,0,2.5,0.3125],"rotation":270,"texture":"#0"},"down":{"uv":[1.875,0,2.1875,0.3125],"rotation":90,"texture":"#0"}}},{"from":[8.51239,4.29471,10.12332],"to":[12.72289,8.50521,14.33382],"rotation":{"angle":0,"axis":"y","origin":[11.57816,8.08416,12.01804]},"faces":{"north":{"uv":[1.875,0,2.1875,0.3125],"texture":"#0"},"east":{"uv":[1.875,0,2.1875,0.3125],"texture":"#0"},"south":{"uv":[1.875,0,2.1875,0.3125],"texture":"#0"},"west":{"uv":[1.875,0,2.1875,0.3125],"texture":"#0"},"up":{"uv":[2.1875,0,2.5,0.3125],"rotation":270,"texture":"#0"},"down":{"uv":[1.875,0,2.1875,0.3125],"rotation":90,"texture":"#0"}}},{"from":[11.03869,8.50521,10.96542],"to":[11.03869,11.03151,12.64962],"rotation":{"angle":0,"axis":"y","origin":[11.57816,8.08416,12.01804]},"faces":{"north":{"uv":[0,0,0,0],"texture":"#0"},"east":{"uv":[1.25,0.3125,1.375,0.5],"texture":"#0"},"south":{"uv":[0,0,0,0],"texture":"#0"},"west":{"uv":[1.25,0.3125,1.375,0.5],"texture":"#0"},"up":{"uv":[0,0,0,0],"texture":"#0"},"down":{"uv":[0,0,0,0],"texture":"#0"}}},{"from":[3.36769,4.29471,9.28122],"to":[7.57819,8.50521,13.49172],"rotation":{"angle":22.5,"axis":"y","origin":[6.52556,8.08416,12.01804]},"faces":{"north":{"uv":[1.875,0,2.1875,0.3125],"texture":"#0"},"east":{"uv":[1.875,0,2.1875,0.3125],"texture":"#0"},"south":{"uv":[1.875,0,2.1875,0.3125],"texture":"#0"},"west":{"uv":[1.875,0,2.1875,0.3125],"texture":"#0"},"up":{"uv":[2.1875,0,2.5,0.3125],"rotation":270,"texture":"#0"},"down":{"uv":[1.875,0,2.1875,0.3125],"rotation":90,"texture":"#0"}}},{"from":[1.6053,0.08421,5.8158],"to":[5.8158,4.29471,10.0263],"rotation":{"angle":0,"axis":"y","origin":[3.92108,3.87366,12.34208]},"faces":{"north":{"uv":[1.875,0,2.1875,0.3125],"texture":"#0"},"east":{"uv":[1.875,0,2.1875,0.3125],"texture":"#0"},"south":{"uv":[1.875,0,2.1875,0.3125],"texture":"#0"},"west":{"uv":[1.875,0,2.1875,0.3125],"texture":"#0"},"up":{"uv":[2.1875,0,2.5,0.3125],"texture":"#0"},"down":{"uv":[1.875,0,2.1875,0.3125],"texture":"#0"}}},{"from":[3.6053,2.08421,7.8158],"to":[7.8158,6.29471,12.0263],"rotation":{"angle":0,"axis":"y","origin":[3.92108,3.87366,12.34208]},"faces":{"north":{"uv":[1.875,0,2.1875,0.3125],"texture":"#0"},"east":{"uv":[1.875,0,2.1875,0.3125],"texture":"#0"},"south":{"uv":[1.875,0,2.1875,0.3125],"texture":"#0"},"west":{"uv":[1.875,0,2.1875,0.3125],"texture":"#0"},"up":{"uv":[2.1875,0,2.5,0.3125],"texture":"#0"},"down":{"uv":[1.875,0,2.1875,0.3125],"texture":"#0"}}},{"from":[6.6579,0.08421,5.8158],"to":[10.8684,4.29471,10.0263],"rotation":{"angle":0,"axis":"y","origin":[3.92108,3.87366,12.34208]},"faces":{"north":{"uv":[1.875,0,2.1875,0.3125],"texture":"#0"},"east":{"uv":[1.875,0,2.1875,0.3125],"texture":"#0"},"south":{"uv":[1.875,0,2.1875,0.3125],"texture":"#0"},"west":{"uv":[1.875,0,2.1875,0.3125],"texture":"#0"},"up":{"uv":[2.1875,0,2.5,0.3125],"texture":"#0"},"down":{"uv":[1.875,0,2.1875,0.3125],"texture":"#0"}}},{"from":[10.6579,0.33421,7.8158],"to":[14.8684,4.54471,12.0263],"rotation":{"angle":0,"axis":"y","origin":[3.92108,3.87366,12.34208]},"faces":{"north":{"uv":[1.875,0,2.1875,0.3125],"texture":"#0"},"east":{"uv":[1.875,0,2.1875,0.3125],"texture":"#0"},"south":{"uv":[1.875,0,2.1875,0.3125],"texture":"#0"},"west":{"uv":[1.875,0,2.1875,0.3125],"texture":"#0"},"up":{"uv":[2.1875,0,2.5,0.3125],"texture":"#0"},"down":{"uv":[1.875,0,2.1875,0.3125],"texture":"#0"}}},{"from":[13.3947,4.29471,13.3947],"to":[15.0789,6.82101,13.3947],"rotation":{"angle":0,"axis":"y","origin":[3.92108,3.87366,12.34208]},"faces":{"north":{"uv":[1.875,0.3125,2,0.5],"texture":"#0"},"east":{"uv":[0.625,0,0.625,0],"texture":"#0"},"south":{"uv":[1.875,0.3125,2,0.5],"texture":"#0"},"west":{"uv":[0.625,0,0.625,0],"texture":"#0"},"up":{"uv":[0.625,0,0.625,0],"texture":"#0"},"down":{"uv":[0.625,0,0.625,0],"texture":"#0"}}},{"from":[1,0,1],"to":[15,1,15],"rotation":{"angle":0,"axis":"y","origin":[8,1.5,8]},"faces":{"north":{"uv":[0,1.3125,0.875,1.375],"texture":"#0"},"east":{"uv":[0,1.3125,0.875,1.375],"texture":"#0"},"south":{"uv":[0,1.3125,0.875,1.375],"texture":"#0"},"west":{"uv":[0,1.3125,0.875,1.375],"texture":"#0"},"up":{"uv":[0,0.5,0.875,1.375],"texture":"#0"},"down":{"uv":[0,0.5,0.875,1.375],"texture":"#0"}}},{"from":[1,1,13],"to":[3,12,15],"rotation":{"angle":0,"axis":"y","origin":[8,1.5,8]},"faces":{"north":{"uv":[1,0,0.875,0.6875],"texture":"#0"},"east":{"uv":[0.875,0,1,0.6875],"texture":"#0"},"south":{"uv":[1,0,0.875,0.6875],"texture":"#0"},"west":{"uv":[0.875,0,1,0.6875],"texture":"#0"},"up":{"uv":[1,0,1.125,0.125],"texture":"#0"},"down":{"uv":[0.875,0.625,1,0.6875],"texture":"#0"}}},{"from":[1,1,1],"to":[3,12,3],"rotation":{"angle":0,"axis":"y","origin":[8,1.5,8]},"faces":{"north":{"uv":[0.875,0,1,0.6875],"texture":"#0"},"east":{"uv":[1,0,0.875,0.6875],"texture":"#0"},"south":{"uv":[0.875,0,1,0.6875],"texture":"#0"},"west":{"uv":[1,0,0.875,0.6875],"texture":"#0"},"up":{"uv":[1,0,1.125,0.125],"rotation":90,"texture":"#0"},"down":{"uv":[0.875,0.625,1,0.6875],"rotation":270,"texture":"#0"}}},{"from":[13,1,1],"to":[15,12,3],"rotation":{"angle":0,"axis":"y","origin":[8,1.5,8]},"faces":{"north":{"uv":[1,0,0.875,0.6875],"texture":"#0"},"east":{"uv":[0.875,0,1,0.6875],"texture":"#0"},"south":{"uv":[1,0,0.875,0.6875],"texture":"#0"},"west":{"uv":[0.875,0,1,0.6875],"texture":"#0"},"up":{"uv":[1,0,1.125,0.125],"rotation":180,"texture":"#0"},"down":{"uv":[0.875,0.625,1,0.6875],"rotation":180,"texture":"#0"}}},{"from":[13,-4,1],"to":[15,0,3],"rotation":{"angle":0,"axis":"y","origin":[8,1.5,8]},"faces":{"north":{"uv":[1,0,0.875,0.25],"texture":"#0"},"east":{"uv":[0.875,0,1,0.25],"texture":"#0"},"south":{"uv":[1,0,0.875,0.25],"texture":"#0"},"west":{"uv":[0.875,0,1,0.25],"texture":"#0"},"up":{"uv":[1,0,1.125,0.125],"rotation":180,"texture":"#0"},"down":{"uv":[0.875,0.625,1,0.6875],"rotation":180,"texture":"#0"}}},{"from":[1,-4,1],"to":[3,0,3],"rotation":{"angle":0,"axis":"y","origin":[2,-2,2]},"faces":{"north":{"uv":[0.875,0,1,0.25],"texture":"#0"},"east":{"uv":[1,0,0.875,0.25],"texture":"#0"},"south":{"uv":[0.875,0,1,0.25],"texture":"#0"},"west":{"uv":[1,0,0.875,0.25],"texture":"#0"},"up":{"uv":[1,0,1.125,0.125],"rotation":90,"texture":"#0"},"down":{"uv":[0.875,0.625,1,0.6875],"rotation":270,"texture":"#0"}}},{"from":[1,-4,13],"to":[3,0,15],"rotation":{"angle":0,"axis":"y","origin":[2,-2,14]},"faces":{"north":{"uv":[1,0,0.875,0.25],"texture":"#0"},"east":{"uv":[0.875,0,1,0.25],"texture":"#0"},"south":{"uv":[1,0,0.875,0.25],"texture":"#0"},"west":{"uv":[0.875,0,1,0.25],"texture":"#0"},"up":{"uv":[1,0,1.125,0.125],"texture":"#0"},"down":{"uv":[0.875,0.625,1,0.6875],"texture":"#0"}}},{"from":[13,-4,13],"to":[15,0,15],"rotation":{"angle":0,"axis":"y","origin":[14,-2,14]},"faces":{"north":{"uv":[0.875,0,1,0.25],"texture":"#0"},"east":{"uv":[1,0,0.875,0.25],"texture":"#0"},"south":{"uv":[0.875,0,1,0.25],"texture":"#0"},"west":{"uv":[1,0,0.875,0.25],"texture":"#0"},"up":{"uv":[1,0,1.125,0.125],"rotation":270,"texture":"#0"},"down":{"uv":[0.875,0.625,1,0.6875],"rotation":90,"texture":"#0"}}},{"from":[13,1,13],"to":[15,12,15],"rotation":{"angle":0,"axis":"y","origin":[8,1.5,8]},"faces":{"north":{"uv":[0.875,0,1,0.6875],"texture":"#0"},"east":{"uv":[1,0,0.875,0.6875],"texture":"#0"},"south":{"uv":[0.875,0,1,0.6875],"texture":"#0"},"west":{"uv":[1,0,0.875,0.6875],"texture":"#0"},"up":{"uv":[1,0,1.125,0.125],"rotation":270,"texture":"#0"},"down":{"uv":[0.875,0.625,1,0.6875],"rotation":90,"texture":"#0"}}},{"from":[1,6,15],"to":[15,10,16],"rotation":{"angle":0,"axis":"y","origin":[8,1.5,8]},"faces":{"north":{"uv":[0.875,0,0,0.25],"texture":"#0"},"east":{"uv":[0,0,0.0625,0.25],"texture":"#0"},"south":{"uv":[0,0,0.875,0.25],"texture":"#0"},"west":{"uv":[0,0,0.0625,0.25],"texture":"#0"},"up":{"uv":[0,0,0.875,0.0625],"texture":"#0"},"down":{"uv":[0,0.1875,0.875,0.25],"texture":"#0"}}},{"from":[1,1,15],"to":[15,5,16],"rotation":{"angle":0,"axis":"y","origin":[8,1.5,8]},"faces":{"north":{"uv":[0.875,0.25,0,0.5],"texture":"#0"},"east":{"uv":[0,0,0.0625,0.25],"texture":"#0"},"south":{"uv":[0,0.25,0.875,0.5],"texture":"#0"},"west":{"uv":[0,0,0.0625,0.25],"texture":"#0"},"up":{"uv":[0,0.25,0.875,0.3125],"texture":"#0"},"down":{"uv":[0,0.4375,0.875,0.5],"texture":"#0"}}},{"from":[0,6,1],"to":[1,10,15],"rotation":{"angle":0,"axis":"y","origin":[8,1.5,8]},"faces":{"north":{"uv":[0,0,0.0625,0.25],"texture":"#0"},"east":{"uv":[0.875,0,0,0.25],"texture":"#0"},"south":{"uv":[0,0,0.0625,0.25],"texture":"#0"},"west":{"uv":[0,0,0.875,0.25],"texture":"#0"},"up":{"uv":[0,0,0.875,0.0625],"rotation":90,"texture":"#0"},"down":{"uv":[0,0.1875,0.875,0.25],"rotation":270,"texture":"#0"}}},{"from":[0,1,1],"to":[1,5,15],"rotation":{"angle":0,"axis":"y","origin":[8,1.5,8]},"faces":{"north":{"uv":[0,0,0.0625,0.25],"texture":"#0"},"east":{"uv":[0.875,0.25,0,0.5],"texture":"#0"},"south":{"uv":[0,0,0.0625,0.25],"texture":"#0"},"west":{"uv":[0,0.25,0.875,0.5],"texture":"#0"},"up":{"uv":[0,0.25,0.875,0.3125],"rotation":90,"texture":"#0"},"down":{"uv":[0,0.4375,0.875,0.5],"rotation":270,"texture":"#0"}}},{"from":[1,6,0],"to":[15,10,1],"rotation":{"angle":0,"axis":"y","origin":[8,1.5,8]},"faces":{"north":{"uv":[0,0,0.875,0.25],"texture":"#0"},"east":{"uv":[0,0,0.0625,0.25],"texture":"#0"},"south":{"uv":[0.875,0,0,0.25],"texture":"#0"},"west":{"uv":[0,0,0.0625,0.25],"texture":"#0"},"up":{"uv":[0,0,0.875,0.0625],"rotation":180,"texture":"#0"},"down":{"uv":[0,0.1875,0.875,0.25],"rotation":180,"texture":"#0"}}},{"from":[1,1,0],"to":[15,5,1],"rotation":{"angle":0,"axis":"y","origin":[8,1.5,8]},"faces":{"north":{"uv":[0,0.25,0.875,0.5],"texture":"#0"},"east":{"uv":[0,0,0.0625,0.25],"texture":"#0"},"south":{"uv":[0.875,0.25,0,0.5],"texture":"#0"},"west":{"uv":[0,0,0.0625,0.25],"texture":"#0"},"up":{"uv":[0,0.25,0.875,0.3125],"rotation":180,"texture":"#0"},"down":{"uv":[0,0.4375,0.875,0.5],"rotation":180,"texture":"#0"}}},{"from":[15,6,1],"to":[16,10,15],"rotation":{"angle":0,"axis":"y","origin":[8,1.5,8]},"faces":{"north":{"uv":[0,0,0.0625,0.25],"texture":"#0"},"east":{"uv":[0,0,0.875,0.25],"texture":"#0"},"south":{"uv":[0,0,0.0625,0.25],"texture":"#0"},"west":{"uv":[0.875,0,0,0.25],"texture":"#0"},"up":{"uv":[0,0,0.875,0.0625],"rotation":270,"texture":"#0"},"down":{"uv":[0,0.1875,0.875,0.25],"rotation":90,"texture":"#0"}}},{"from":[15,1,1],"to":[16,5,15],"rotation":{"angle":0,"axis":"y","origin":[8,1.5,8]},"faces":{"north":{"uv":[0,0,0.0625,0.25],"texture":"#0"},"east":{"uv":[0,0.25,0.875,0.5],"texture":"#0"},"south":{"uv":[0,0,0.0625,0.25],"texture":"#0"},"west":{"uv":[0.875,0.25,0,0.5],"texture":"#0"},"up":{"uv":[0,0.25,0.875,0.3125],"rotation":270,"texture":"#0"},"down":{"uv":[0,0.4375,0.875,0.5],"rotation":90,"texture":"#0"}}}],"display":{"thirdperson_righthand":{"rotation":[44,0,0],"translation":[0,4.5,0],"scale":[0.5,0.5,0.5]},"thirdperson_lefthand":{"rotation":[44,0,0],"translation":[0,4.5,0],"scale":[0.5,0.5,0.5]},"firstperson_righthand":{"rotation":[0,0,9.5],"translation":[0,4,0],"scale":[0.6,0.6,0.6]},"firstperson_lefthand":{"rotation":[0,0,9.5],"translation":[0,4,0],"scale":[0.6,0.6,0.6]},"ground":{"rotation":[-16.58,-2.61,17.9],"translation":[0,-2,0],"scale":[0.35,0.35,0.35]},"gui":{"rotation":[30,40,0],"translation":[0,2.75,0],"scale":[0.7,0.7,0.7]},"head":{"translation":[0,-30.5,0],"scale":[1.6,1.6,1.6]},"fixed":{"rotation":[-90,0,0],"translation":[0,0,-16],"scale":[2,2,2]}},"groups":[{"name":"group","origin":[4.42108,3.87366,12.84208],"color":0,"boneType":"","children":[0,1,2,3,4,5,6,7,8,9,10,11,12,13,14,15,16,17,18,19,20,21]},{"name":"group","origin":[0,0,0],"color":0,"boneType":"","children":[22,23,24,25,26,27,28,29,30,31,32,33,34,35,36,37,38]}]}