{"credit":"magic_store_official","textures":{"0":"magic_store:furnitures/medieval_fullpack_1/windmill","particle":"magic_store:furnitures/medieval_fullpack_1/windmill"},"elements":[{"from":[2,0,2],"to":[4,13,4],"rotation":{"angle":0,"axis":"y","origin":[3,6.5,8]},"faces":{"north":{"uv":[9.3125,0,9.4375,0.8125],"texture":"#0"},"east":{"uv":[9.4375,0,9.3125,0.8125],"texture":"#0"},"south":{"uv":[9.3125,0,9.4375,0.8125],"texture":"#0"},"west":{"uv":[9.4375,0,9.3125,0.8125],"texture":"#0"},"up":{"uv":[9.3125,0.75,9.4375,0.8125],"texture":"#0"},"down":{"uv":[9.3125,0.75,9.4375,0.8125],"texture":"#0"}}},{"from":[2,0,12],"to":[4,13,14],"rotation":{"angle":0,"axis":"y","origin":[3,6.5,8]},"faces":{"north":{"uv":[9.4375,0,9.3125,0.8125],"texture":"#0"},"east":{"uv":[9.3125,0,9.4375,0.8125],"texture":"#0"},"south":{"uv":[9.4375,0,9.3125,0.8125],"texture":"#0"},"west":{"uv":[9.3125,0,9.4375,0.8125],"texture":"#0"},"up":{"uv":[9.3125,0.75,9.4375,0.8125],"rotation":270,"texture":"#0"},"down":{"uv":[9.3125,0.75,9.4375,0.8125],"rotation":90,"texture":"#0"}}},{"from":[12,0,2],"to":[14,13,4],"rotation":{"angle":0,"axis":"y","origin":[3,6.5,8]},"faces":{"north":{"uv":[9.4375,0,9.3125,0.8125],"texture":"#0"},"east":{"uv":[9.3125,0,9.4375,0.8125],"texture":"#0"},"south":{"uv":[9.4375,0,9.3125,0.8125],"texture":"#0"},"west":{"uv":[9.3125,0,9.4375,0.8125],"texture":"#0"},"up":{"uv":[9.3125,0.75,9.4375,0.8125],"rotation":90,"texture":"#0"},"down":{"uv":[9.3125,0.75,9.4375,0.8125],"rotation":270,"texture":"#0"}}},{"from":[12,0,12],"to":[14,13,14],"rotation":{"angle":0,"axis":"y","origin":[3,6.5,8]},"faces":{"north":{"uv":[9.3125,0,9.4375,0.8125],"texture":"#0"},"east":{"uv":[9.4375,0,9.3125,0.8125],"texture":"#0"},"south":{"uv":[9.3125,0,9.4375,0.8125],"texture":"#0"},"west":{"uv":[9.4375,0,9.3125,0.8125],"texture":"#0"},"up":{"uv":[9.3125,0.75,9.4375,0.8125],"rotation":180,"texture":"#0"},"down":{"uv":[9.3125,0.75,9.4375,0.8125],"rotation":180,"texture":"#0"}}},{"from":[0,13,0],"to":[16,16,16],"faces":{"north":{"uv":[7.125,1.625,8.125,1.8125],"texture":"#0"},"east":{"uv":[7.125,1.8125,8.125,2],"texture":"#0"},"south":{"uv":[8.125,1.8125,9.125,2],"texture":"#0"},"west":{"uv":[8.125,1.625,9.125,1.8125],"texture":"#0"},"up":{"uv":[4.125,1.75,5.125,2.75],"texture":"#0"},"down":{"uv":[7.25,1.9375,7.3125,2],"texture":"#0"}}},{"from":[4,9,3],"to":[12,11,3],"rotation":{"angle":0,"axis":"y","origin":[8,10,3]},"faces":{"north":{"uv":[8.3125,0.5625,8.8125,0.6875],"texture":"#0"},"south":{"uv":[8.3125,0.5625,8.8125,0.6875],"texture":"#0"}}},{"from":[13,5,4],"to":[13,7,12],"rotation":{"angle":0,"axis":"y","origin":[8,10,3]},"faces":{"east":{"uv":[8.3125,0.5625,8.8125,0.6875],"texture":"#0"},"west":{"uv":[8.3125,0.5625,8.8125,0.6875],"texture":"#0"}}},{"from":[3,5,4],"to":[3,7,12],"rotation":{"angle":0,"axis":"y","origin":[8,10,3]},"faces":{"east":{"uv":[8.3125,0.5625,8.8125,0.6875],"texture":"#0"},"west":{"uv":[8.3125,0.5625,8.8125,0.6875],"texture":"#0"}}},{"from":[4,9,13],"to":[12,11,13],"faces":{"north":{"uv":[8.3125,0.5625,8.8125,0.6875],"texture":"#0"},"south":{"uv":[8.3125,0.5625,8.8125,0.6875],"texture":"#0"}}}],"display":{"thirdperson_righthand":{"rotation":[73,0,0],"translation":[0,2.5,-0.75],"scale":[0.3,0.3,0.3]},"thirdperson_lefthand":{"rotation":[73,0,0],"translation":[0,2.5,-0.75],"scale":[0.3,0.3,0.3]},"firstperson_righthand":{"rotation":[0,20.5,11.75],"translation":[1.25,0.5,0],"scale":[0.4,0.4,0.4]},"firstperson_lefthand":{"rotation":[0,20.5,11.75],"translation":[1.25,0.5,0],"scale":[0.4,0.4,0.4]},"ground":{"translation":[0,-2,0],"scale":[0.3,0.3,0.3]},"gui":{"rotation":[35,45,0],"translation":[0,-0.25,0],"scale":[0.65,0.65,0.65]},"head":{"translation":[0,-30.5,0],"scale":[1.6,1.6,1.6]},"fixed":{"rotation":[-90,0,0],"translation":[0,0,-16],"scale":[2,2,2]}}}