{"credit":"MadewithBlockbench","texture_size":[128,128],"textures":{"0":"elitecreatures:casino_decoration_v2/11_baccarat_machine_texture","particle":"elitecreatures:casino_decoration_v2/11_baccarat_machine_texture"},"elements":[{"from":[0,0,0],"to":[16,2,16],"faces":{"north":{"uv":[7.375,5,9.375,5.25],"texture":"#0"},"east":{"uv":[7.375,5,9.375,5.25],"texture":"#0"},"south":{"uv":[7.375,5,9.375,5.25],"texture":"#0"},"west":{"uv":[7.375,5,9.375,5.25],"texture":"#0"},"up":{"uv":[2,4.375,0,2.375],"texture":"#0"},"down":{"uv":[4,2.375,2,4.375],"texture":"#0"}}},{"from":[0,10,2],"to":[16,14,16],"faces":{"north":{"uv":[6,3,8,3.5],"texture":"#0"},"east":{"uv":[9.125,4.5,7.375,5],"texture":"#0"},"south":{"uv":[7.375,3.5,9.375,4],"texture":"#0"},"west":{"uv":[7.375,4.5,9.125,5],"texture":"#0"},"up":{"uv":[6,1.75,4,0],"texture":"#0"},"down":{"uv":[6,1.75,4,3.5],"texture":"#0"}}},{"from":[0,0,7],"to":[16,10,7],"rotation":{"angle":-22.5,"axis":"x","origin":[8,10,7]},"faces":{"north":{"uv":[1.875,4.375,3.875,5.625],"texture":"#0"},"east":{"uv":[0,0,0,1.25],"texture":"#0"},"south":{"uv":[3.875,5,5.875,6.25],"texture":"#0"},"west":{"uv":[0,0,0,1.25],"texture":"#0"},"up":{"uv":[2,0,0,0],"texture":"#0"},"down":{"uv":[2,0,0,0],"texture":"#0"}}},{"from":[0,2,16],"to":[16,10,16],"faces":{"north":{"uv":[6,0,8,1],"texture":"#0"},"east":{"uv":[0,0,0,1],"texture":"#0"},"south":{"uv":[6,1,8,2],"texture":"#0"},"west":{"uv":[0,0,0,1],"texture":"#0"},"up":{"uv":[2,0,0,0],"texture":"#0"},"down":{"uv":[2,0,0,0],"texture":"#0"}}},{"from":[0,2,7],"to":[0,10,16],"rotation":{"angle":0,"axis":"y","origin":[8,5,16]},"faces":{"north":{"uv":[0,0,0,1],"texture":"#0"},"east":{"uv":[7.375,6.5,6.25,7.5],"texture":"#0"},"south":{"uv":[0,0,0,1],"texture":"#0"},"west":{"uv":[6.25,6.5,7.375,7.5],"texture":"#0"},"up":{"uv":[0,1.125,0,0],"texture":"#0"},"down":{"uv":[0,0,0,1.125],"texture":"#0"}}},{"from":[-0.25,2,10],"to":[0.75,11,11],"rotation":{"angle":-22.5,"axis":"x","origin":[-0.5,2,10]},"faces":{"north":{"uv":[1.5,5.875,1.625,7],"texture":"#0"},"east":{"uv":[1.625,5.875,1.75,7],"texture":"#0"},"south":{"uv":[1.75,5.875,1.875,7],"texture":"#0"},"west":{"uv":[4.75,7.25,4.875,8.375],"texture":"#0"},"up":{"uv":[4,4.5,3.875,4.375],"texture":"#0"},"down":{"uv":[4,4.5,3.875,4.625],"texture":"#0"}}},{"from":[0,14,3],"to":[16,15,21.25],"rotation":{"angle":-45,"axis":"x","origin":[8,14,4]},"faces":{"north":{"uv":[7.375,6.75,9.375,6.875],"texture":"#0"},"east":{"uv":[7.375,6.5,9.6875,6.625],"texture":"#0"},"south":{"uv":[7.375,6.875,9.375,7],"texture":"#0"},"west":{"uv":[7.375,6.5,9.6875,6.625],"texture":"#0"},"up":{"uv":[2,2.3125,0,0],"texture":"#0"},"down":{"uv":[4,0,2,2.3125],"texture":"#0"}}},{"from":[0.5,14,4],"to":[0.5,26,15.5],"rotation":{"angle":0,"axis":"y","origin":[8,5,16]},"faces":{"north":{"uv":[0,0,0,1.5],"texture":"#0"},"east":{"uv":[1.4375,5.875,0,7.375],"texture":"#0"},"south":{"uv":[0,0,0,1.5],"texture":"#0"},"west":{"uv":[0,5.875,1.4375,7.375],"texture":"#0"},"up":{"uv":[0,1.4375,0,0],"texture":"#0"},"down":{"uv":[0,0,0,1.4375],"texture":"#0"}}},{"from":[0.5,14,15.5],"to":[15.5,26,15.5],"rotation":{"angle":0,"axis":"y","origin":[0.5,20,9.75]},"faces":{"north":{"uv":[4,3.5,5.875,5],"texture":"#0"},"east":{"uv":[0,0,0,1.5],"texture":"#0"},"south":{"uv":[0,4.375,1.875,5.875],"texture":"#0"},"west":{"uv":[0,0,0,1.5],"texture":"#0"},"up":{"uv":[1.875,0,0,0],"texture":"#0"},"down":{"uv":[1.875,0,0,0],"texture":"#0"}}},{"from":[1,13,-3],"to":[15,15,5],"faces":{"north":{"uv":[7.375,6,9.125,6.25],"texture":"#0"},"east":{"uv":[3.75,7.25,4.75,7.5],"texture":"#0"},"south":{"uv":[7.375,6.25,9.125,6.5],"texture":"#0"},"west":{"uv":[0,7.375,1,7.625],"texture":"#0"},"up":{"uv":[7.75,3,6,2],"texture":"#0"},"down":{"uv":[5.125,6.25,3.375,7.25],"texture":"#0"}}},{"from":[15.25,2,10],"to":[16.25,11,11],"rotation":{"angle":-22.5,"axis":"x","origin":[16.5,2,10]},"faces":{"north":{"uv":[1.625,5.875,1.5,7],"texture":"#0"},"east":{"uv":[4.875,7.25,4.75,8.375],"texture":"#0"},"south":{"uv":[1.875,5.875,1.75,7],"texture":"#0"},"west":{"uv":[1.75,5.875,1.625,7],"texture":"#0"},"up":{"uv":[3.875,4.5,4,4.375],"texture":"#0"},"down":{"uv":[3.875,4.5,4,4.625],"texture":"#0"}}},{"from":[16,2,7],"to":[16,10,16],"rotation":{"angle":0,"axis":"y","origin":[8,5,16]},"faces":{"north":{"uv":[0,0,0,1],"texture":"#0"},"east":{"uv":[7.375,6.5,6.25,7.5],"texture":"#0"},"south":{"uv":[0,0,0,1],"texture":"#0"},"west":{"uv":[6.25,6.5,7.375,7.5],"texture":"#0"},"up":{"uv":[0,1.125,0,0],"texture":"#0"},"down":{"uv":[0,0,0,1.125],"texture":"#0"}}},{"from":[15.5,14,4],"to":[15.5,26,15.5],"rotation":{"angle":0,"axis":"y","origin":[8,5,16]},"faces":{"north":{"uv":[0,0,0,1.5],"texture":"#0"},"east":{"uv":[1.4375,5.875,0,7.375],"texture":"#0"},"south":{"uv":[0,0,0,1.5],"texture":"#0"},"west":{"uv":[0,5.875,1.4375,7.375],"texture":"#0"},"up":{"uv":[0,1.4375,0,0],"texture":"#0"},"down":{"uv":[0,0,0,1.4375],"texture":"#0"}}}],"gui_light":"front","display":{"thirdperson_righthand":{"rotation":[67.5,0,0],"translation":[0,1.75,0],"scale":[0.22969,0.22969,0.22969]},"thirdperson_lefthand":{"rotation":[67.5,0,0],"translation":[0,1.75,0],"scale":[0.22969,0.22969,0.22969]},"firstperson_righthand":{"translation":[0.5,2.5,0],"scale":[0.33688,0.33688,0.33688]},"firstperson_lefthand":{"translation":[0.5,2.5,0],"scale":[0.33688,0.33688,0.33688]},"ground":{"translation":[0,4,0],"scale":[0.36,0.36,0.36]},"gui":{"rotation":[30,145,0],"translation":[0,-2.25,0],"scale":[0.44,0.44,0.44]},"head":{"rotation":[0,-180,0],"translation":[0,-31.25,0],"scale":[0,0,0]},"fixed":{"rotation":[-90,0,0],"translation":[0,0,-16],"scale":[2,2,2]}},"groups":[{"name":"group","origin":[8,5,16],"color":0,"children":[0,1,2,3,4,5,6,7,8,9,10,11,12]}]}