{"credit":"Made by samus2002","textures":{"0":"mount_halloween:rpg_mount_halloween_texture/mount_vampire_bat_soul","particle":"mount_halloween:rpg_mount_halloween_texture/mount_vampire_bat_soul"},"elements":[{"from":[4,8.80519,6.75],"to":[12,15.80519,13.75],"rotation":{"angle":0,"axis":"y","origin":[8,7.30328,20.27949]},"faces":{"north":{"uv":[3.625,5.0625,4.125,5.5],"texture":"#0"},"east":{"uv":[5.375,1.25,5.8125,1.6875],"texture":"#0"},"south":{"uv":[5.125,0.25,5.625,0.6875],"texture":"#0"},"west":{"uv":[5.375,2.375,5.8125,2.8125],"texture":"#0"},"up":{"uv":[5.625,2.3125,5.125,1.875],"texture":"#0"},"down":{"uv":[5.625,1.875,5.125,2.3125],"texture":"#0"}}},{"from":[5.5,9.80519,3.75],"to":[10.5,12.80519,6.75],"rotation":{"angle":0,"axis":"y","origin":[8,7.30328,20.27949]},"faces":{"north":{"uv":[1.1875,5.5625,1.5,5.75],"texture":"#0"},"east":{"uv":[5.875,1.4375,6.0625,1.625],"texture":"#0"},"south":{"uv":[1.5625,5.5625,1.875,5.75],"texture":"#0"},"west":{"uv":[5.8125,5.875,6,6.0625],"texture":"#0"},"up":{"uv":[3.9375,5.75,3.625,5.5625],"texture":"#0"},"down":{"uv":[6,2.125,5.6875,2.3125],"texture":"#0"}}},{"from":[6,8.80519,3.75],"to":[10,9.80519,6.75],"rotation":{"angle":0,"axis":"y","origin":[8,7.30328,20.27949]},"faces":{"north":{"uv":[6,2.8125,6.25,2.875],"texture":"#0"},"east":{"uv":[6,3.0625,6.1875,3.125],"texture":"#0"},"south":{"uv":[6,2.9375,6.25,3],"texture":"#0"},"west":{"uv":[6,5.375,6.1875,5.4375],"texture":"#0"},"up":{"uv":[5.9375,4.25,5.6875,4.0625],"texture":"#0"},"down":{"uv":[5.9375,4.3125,5.6875,4.5],"texture":"#0"}}},{"from":[7.82815,12.84254,10.75],"to":[12.82815,20.84254,10.75],"rotation":{"angle":45,"axis":"z","origin":[8,7.30328,20.27949]},"faces":{"north":{"uv":[5.375,2.875,5.6875,3.375],"texture":"#0"},"east":{"uv":[3.0625,6,3.0625,6.5],"texture":"#0"},"south":{"uv":[5.6875,2.875,5.375,3.375],"texture":"#0"},"west":{"uv":[3.125,6,3.125,6.5],"texture":"#0"},"up":{"uv":[5.625,4.0625,5.3125,4.0625],"texture":"#0"},"down":{"uv":[6.0625,3.375,5.75,3.375],"texture":"#0"}}},{"from":[5.5,6.80519,3.75],"to":[5.5,9.80519,6.75],"rotation":{"angle":0,"axis":"y","origin":[8,7.30328,20.27949]},"faces":{"north":{"uv":[4.9375,5.4375,4.9375,5.625],"texture":"#0"},"east":{"uv":[1,5.9375,0.8125,6.125],"texture":"#0"},"south":{"uv":[5,5.4375,5,5.625],"texture":"#0"},"west":{"uv":[0.8125,5.9375,1,6.125],"texture":"#0"},"up":{"uv":[4.9375,5.875,4.9375,5.6875],"texture":"#0"},"down":{"uv":[5,5.6875,5,5.875],"texture":"#0"}}},{"from":[10.5,6.80519,3.75],"to":[10.5,9.80519,6.75],"rotation":{"angle":0,"axis":"y","origin":[8,7.30328,20.27949]},"faces":{"north":{"uv":[4.9375,5.4375,4.9375,5.625],"texture":"#0"},"east":{"uv":[1,5.9375,0.8125,6.125],"texture":"#0"},"south":{"uv":[5,5.4375,5,5.625],"texture":"#0"},"west":{"uv":[0.8125,5.9375,1,6.125],"texture":"#0"},"up":{"uv":[4.9375,5.875,4.9375,5.6875],"texture":"#0"},"down":{"uv":[5,5.6875,5,5.875],"texture":"#0"}}},{"from":[3.17185,12.84254,10.75],"to":[8.17185,20.84254,10.75],"rotation":{"angle":-45,"axis":"z","origin":[8,7.30328,20.27949]},"faces":{"north":{"uv":[5.6875,2.875,5.375,3.375],"texture":"#0"},"east":{"uv":[3.125,6,3.125,6.5],"texture":"#0"},"south":{"uv":[5.375,2.875,5.6875,3.375],"texture":"#0"},"west":{"uv":[3.0625,6,3.0625,6.5],"texture":"#0"},"up":{"uv":[5.3125,4.0625,5.625,4.0625],"texture":"#0"},"down":{"uv":[5.75,3.375,6.0625,3.375],"texture":"#0"}}}],"gui_light":"front","display":{"gui":{"rotation":[0,90,0],"translation":[-1,-3.75,0]}},"groups":[{"name":"h_head","origin":[8.39708,6.13636,13.70449],"color":0,"children":[0,1,2,3,4,5,6]}]}