{"credit":"MadewithBlockbench","texture_size":[64,64],"textures":{"0":"jeqo:dragon_set/blue/blue_dragon_bow"},"elements":[{"from":[6.5,5.81254,2.15449],"to":[9.5,11.81254,5.15449],"rotation":{"angle":0,"axis":"x","origin":[8,8.81254,3.65449]},"faces":{"north":{"uv":[8.75,6,9.5,7.5],"texture":"#0"},"east":{"uv":[0.5,9.5,1.25,11],"texture":"#0"},"south":{"uv":[1.25,9.5,2,11],"texture":"#0"},"west":{"uv":[2,9.5,2.75,11],"texture":"#0"},"up":{"uv":[5,12.5,4.25,11.75],"texture":"#0"},"down":{"uv":[9,11.75,8.25,12.5],"texture":"#0"}}},{"from":[5.5,11.81254,1.15449],"to":[10.5,13.81254,6.15449],"rotation":{"angle":0,"axis":"x","origin":[8,10.81254,3.65449]},"faces":{"north":{"uv":[10.75,5.5,12,6],"texture":"#0"},"east":{"uv":[11.25,6.75,12.5,7.25],"texture":"#0"},"south":{"uv":[11.25,7.25,12.5,7.75],"texture":"#0"},"west":{"uv":[10.75,11.25,12,11.75],"texture":"#0"},"up":{"uv":[8.75,4.25,7.5,3],"texture":"#0"},"down":{"uv":[8.75,4.25,7.5,5.5],"texture":"#0"}}},{"from":[6.5,14.81254,1.15449],"to":[9.5,19.81254,4.15449],"rotation":{"angle":-45,"axis":"x","origin":[7,13.81254,3.65449]},"faces":{"north":{"uv":[10.5,6.75,11.25,8],"texture":"#0"},"east":{"uv":[7,10.5,7.75,11.75],"texture":"#0"},"south":{"uv":[7.75,10.5,8.5,11.75],"texture":"#0"},"west":{"uv":[8.5,10.5,9.25,11.75],"texture":"#0"},"up":{"uv":[11.5,12.5,10.75,11.75],"texture":"#0"},"down":{"uv":[12.25,11.75,11.5,12.5],"texture":"#0"}}},{"from":[7,16.96939,-4.20947],"to":[9,21.96939,-2.20947],"rotation":{"angle":-45,"axis":"x","origin":[7.5,19.46939,-2.70947]},"faces":{"north":{"uv":[6,11.25,6.5,12.5],"texture":"#0"},"east":{"uv":[6.5,11.25,7,12.5],"texture":"#0"},"south":{"uv":[11.5,3,12,4.25],"texture":"#0"},"west":{"uv":[11.5,4.25,12,5.5],"texture":"#0"},"up":{"uv":[9.25,8,8.75,7.5],"texture":"#0"},"down":{"uv":[12.25,10.75,11.75,11.25],"texture":"#0"}}},{"from":[6.5,-2.24812,1.12936],"to":[9.5,2.75188,4.12936],"rotation":{"angle":45,"axis":"x","origin":[7,3.75188,3.62936]},"faces":{"north":{"uv":[10.75,3,11.5,4.25],"texture":"#0"},"east":{"uv":[10.75,4.25,11.5,5.5],"texture":"#0"},"south":{"uv":[10.75,8,11.5,9.25],"texture":"#0"},"west":{"uv":[10.75,9.25,11.5,10.5],"texture":"#0"},"up":{"uv":[12.75,3.75,12,3],"texture":"#0"},"down":{"uv":[12.75,3.75,12,4.5],"texture":"#0"}}},{"from":[7,-3.69787,-3.9417],"to":[9,1.30213,-1.9417],"rotation":{"angle":45,"axis":"x","origin":[7.5,-1.19787,-3.4417]},"faces":{"north":{"uv":[11.5,7.75,12,9],"texture":"#0"},"east":{"uv":[11.5,9,12,10.25],"texture":"#0"},"south":{"uv":[0.5,11.75,1,13],"texture":"#0"},"west":{"uv":[1,11.75,1.5,13],"texture":"#0"},"up":{"uv":[12.5,5,12,4.5],"texture":"#0"},"down":{"uv":[12.5,5,12,5.5],"texture":"#0"}}},{"from":[5.5,3.81254,1.15449],"to":[10.5,5.81254,6.15449],"rotation":{"angle":0,"axis":"x","origin":[8,2.81254,3.65449]},"faces":{"north":{"uv":[3,11.75,4.25,12.25],"texture":"#0"},"east":{"uv":[11.75,6,13,6.5],"texture":"#0"},"south":{"uv":[7,11.75,8.25,12.25],"texture":"#0"},"west":{"uv":[11.75,10.25,13,10.75],"texture":"#0"},"up":{"uv":[8.75,6.75,7.5,5.5],"texture":"#0"},"down":{"uv":[8.75,6.75,7.5,8],"texture":"#0"}}},{"from":[6,12.95462,4.71753],"to":[10,18.95462,7.71753],"rotation":{"angle":22.5,"axis":"x","origin":[8,20.45462,5.46753]},"faces":{"north":{"uv":[7.5,8,8.5,9.5],"texture":"#0"},"east":{"uv":[2.75,9.5,3.5,11],"texture":"#0"},"south":{"uv":[8.5,8,9.5,9.5],"texture":"#0"},"west":{"uv":[3.5,9.5,4.25,11],"texture":"#0"},"up":{"uv":[11.75,11.25,10.75,10.5],"texture":"#0"},"down":{"uv":[1.5,11,0.5,11.75],"texture":"#0"}}},{"from":[7,17.52003,6.52902],"to":[9,23.52003,8.52902],"rotation":{"angle":45,"axis":"x","origin":[8,20.52003,7.52902]},"faces":{"north":{"uv":[9.25,10.5,9.75,12],"texture":"#0"},"east":{"uv":[1.5,11,2,12.5],"texture":"#0"},"south":{"uv":[2,11,2.5,12.5],"texture":"#0"},"west":{"uv":[2.5,11,3,12.5],"texture":"#0"},"up":{"uv":[12.5,6,12,5.5],"texture":"#0"},"down":{"uv":[12.5,7.75,12,8.25],"texture":"#0"}}},{"from":[6,-1.32954,4.71753],"to":[10,4.67046,7.71753],"rotation":{"angle":-22.5,"axis":"x","origin":[8,-2.82954,5.46753]},"faces":{"north":{"uv":[8.75,3,9.75,4.5],"texture":"#0"},"east":{"uv":[4.25,9.5,5,11],"texture":"#0"},"south":{"uv":[8.75,4.5,9.75,6],"texture":"#0"},"west":{"uv":[5,9.5,5.75,11],"texture":"#0"},"up":{"uv":[4,11.75,3,11],"texture":"#0"},"down":{"uv":[5,11,4,11.75],"texture":"#0"}}},{"from":[7,-5.89495,6.52902],"to":[9,0.10505,8.52902],"rotation":{"angle":-45,"axis":"x","origin":[8,-2.89495,7.52902]},"faces":{"north":{"uv":[5,11,5.5,12.5],"texture":"#0"},"east":{"uv":[9.75,11,10.25,12.5],"texture":"#0"},"south":{"uv":[10.25,11,10.75,12.5],"texture":"#0"},"west":{"uv":[5.5,11.25,6,12.75],"texture":"#0"},"up":{"uv":[12.5,8.75,12,8.25],"texture":"#0"},"down":{"uv":[12.5,8.75,12,9.25],"texture":"#0"}}},{"from":[6,20,9],"to":[10,24,13],"rotation":{"angle":0,"axis":"y","origin":[6,20,13]},"faces":{"north":{"uv":[5.75,9.5,6.75,10.5],"texture":"#0"},"east":{"uv":[9.5,6,10.5,7],"texture":"#0"},"south":{"uv":[6.75,9.5,7.75,10.5],"texture":"#0"},"west":{"uv":[9.5,7,10.5,8],"texture":"#0"},"up":{"uv":[8.75,10.5,7.75,9.5],"texture":"#0"},"down":{"uv":[10.5,8,9.5,9],"texture":"#0"}}},{"from":[8,-3,10.5],"to":[8,20,11.5],"rotation":{"angle":0,"axis":"y","origin":[6,16,11.5]},"faces":{"north":{"uv":[0,0,0,5.75],"texture":"#0"},"east":{"uv":[0,9.5,0.25,15.25],"texture":"#0"},"south":{"uv":[0,0,0,5.75],"texture":"#0"},"west":{"uv":[0.25,9.5,0.5,15.25],"texture":"#0"},"up":{"uv":[0,0.25,0,0],"texture":"#0"},"down":{"uv":[0,0,0,0.25],"texture":"#0"}}},{"from":[6,-6.37491,9],"to":[10,-2.37491,13],"rotation":{"angle":0,"axis":"y","origin":[8,-4.37491,11]},"faces":{"north":{"uv":[8.75,9.5,9.75,10.5],"texture":"#0"},"east":{"uv":[9.75,3,10.75,4],"texture":"#0"},"south":{"uv":[9.75,4,10.75,5],"texture":"#0"},"west":{"uv":[9.75,5,10.75,6],"texture":"#0"},"up":{"uv":[10.75,10,9.75,9],"texture":"#0"},"down":{"uv":[10.75,10,9.75,11],"texture":"#0"}}},{"from":[8,12.52003,-6.47098],"to":[8,31.52003,8.52902],"rotation":{"angle":45,"axis":"x","origin":[8,20.52003,7.52902]},"faces":{"north":{"uv":[0,0,0,4.75],"texture":"#0"},"east":{"uv":[0,0,3.75,4.75],"texture":"#0"},"south":{"uv":[0,0,0,4.75],"texture":"#0"},"west":{"uv":[3.75,0,7.5,4.75],"texture":"#0"},"up":{"uv":[0,3.75,0,0],"texture":"#0"},"down":{"uv":[0,0,0,3.75],"texture":"#0"}}},{"from":[8,-13.89495,-6.47098],"to":[8,5.10505,8.52902],"rotation":{"angle":-45,"axis":"x","origin":[8,-2.89495,7.52902]},"faces":{"north":{"uv":[0,0,0,4.75],"texture":"#0"},"east":{"uv":[0,4.75,3.75,9.5],"texture":"#0"},"south":{"uv":[0,0,0,4.75],"texture":"#0"},"west":{"uv":[3.75,4.75,7.5,9.5],"texture":"#0"},"up":{"uv":[0,3.75,0,0],"texture":"#0"},"down":{"uv":[0,0,0,3.75],"texture":"#0"}}},{"from":[5.39551,8.75,10.34551],"to":[10.39551,8.75,13.34551],"rotation":{"angle":0,"axis":"y","origin":[7.84551,12,13.34551]},"faces":{"north":{"uv":[0,0,1.25,0],"texture":"#0"},"east":{"uv":[0,0,0.75,0],"texture":"#0"},"south":{"uv":[0,0,1.25,0],"texture":"#0"},"west":{"uv":[0,0,0.75,0],"texture":"#0"},"up":{"uv":[7,11.25,5.75,10.5],"texture":"#0"},"down":{"uv":[11.75,6,10.5,6.75],"texture":"#0"}}},{"from":[7.89551,5.75,-11.65449],"to":[7.89551,11.75,13.34551],"rotation":{"angle":0,"axis":"y","origin":[7.84551,12,6.34551]},"faces":{"north":{"uv":[0,0,0,1.5],"texture":"#0"},"east":{"uv":[7.5,0,13.75,1.5],"texture":"#0"},"south":{"uv":[0,0,0,1.5],"texture":"#0"},"west":{"uv":[7.5,1.5,13.75,3],"texture":"#0"},"up":{"uv":[0,6.25,0,0],"texture":"#0"},"down":{"uv":[0,0,0,6.25],"texture":"#0"}}}],"gui_light":"front","display":{"thirdperson_righthand":{"rotation":[3.22,-19,12.82],"translation":[-1,-3.25,5],"scale":[0.75,0.75,0.75]},"thirdperson_lefthand":{"rotation":[3.22,-19,12.82],"translation":[-1,-3.25,5],"scale":[0.75,0.75,0.75]},"firstperson_righthand":{"rotation":[15,0,0],"translation":[2,4.25,0.75],"scale":[0.4,0.4,0.4]},"firstperson_lefthand":{"rotation":[15,0,0],"translation":[2,4.25,0.75],"scale":[0.4,0.4,0.4]},"ground":{"rotation":[45,0,0],"translation":[0,6,0],"scale":[0.4,0.4,0.4]},"gui":{"rotation":[90,45,-90],"translation":[0.75,-1,0],"scale":[0.45,0.45,0.45]},"fixed":{"rotation":[90,-45,90],"translation":[-0.75,-1.25,-1.5],"scale":[0.5,0.5,0.5]}},"groups":[0,1,2,3,4,5,6,{"name":"group","origin":[-3,20,0],"color":0,"children":[7,8,9,10,11]},12,{"name":"group","origin":[-3,20,0],"color":0,"children":[13]},{"name":"group","origin":[8,0.10505,7.52902],"color":0,"children":[14,15]},{"name":"group","origin":[7.84551,12,6.34551],"color":0,"children":[16,17]}]}