{"credit":"MadewithBlockbench","texture_size":[64,64],"textures":{"0":"elitecreatures:hospital_furniture_v1/hospital_sofa_single_white","particle":"elitecreatures:hospital_furniture_v1/hospital_sofa_single_white"},"elements":[{"from":[1,0,0],"to":[15,8,16],"faces":{"north":{"uv":[8,2.75,11.5,4.75],"texture":"#0"},"east":{"uv":[3.5,7.5,7.5,9.5],"texture":"#0"},"south":{"uv":[8,4.75,11.5,6.75],"texture":"#0"},"west":{"uv":[7.5,7.5,11.5,9.5],"texture":"#0"},"up":{"uv":[3.5,4,0,0],"texture":"#0"},"down":{"uv":[7,0,3.5,4],"texture":"#0"}}},{"from":[1,8,12],"to":[15,19,16],"faces":{"north":{"uv":[7,0,10.5,2.75],"texture":"#0"},"east":{"uv":[1.5,10.25,2.5,13],"texture":"#0"},"south":{"uv":[0,7.5,3.5,10.25],"texture":"#0"},"west":{"uv":[2.5,10.25,3.5,13],"texture":"#0"},"up":{"uv":[7,10.5,3.5,9.5],"texture":"#0"},"down":{"uv":[10.5,9.5,7,10.5],"texture":"#0"}}},{"from":[15,0,0],"to":[18,14,16],"faces":{"north":{"uv":[3.5,10.5,4.25,14],"texture":"#0"},"east":{"uv":[0,4,4,7.5],"texture":"#0"},"south":{"uv":[4.25,10.5,5,14],"texture":"#0"},"west":{"uv":[4,4,8,7.5],"texture":"#0"},"up":{"uv":[0.75,14.25,0,10.25],"texture":"#0"},"down":{"uv":[1.5,10.25,0.75,14.25],"texture":"#0"}}},{"from":[-2,0,0],"to":[1,14,16],"rotation":{"angle":0,"axis":"y","origin":[16,0,0]},"faces":{"north":{"uv":[4.25,10.5,3.5,14],"texture":"#0"},"east":{"uv":[8,4,4,7.5],"texture":"#0"},"south":{"uv":[5,10.5,4.25,14],"texture":"#0"},"west":{"uv":[4,4,0,7.5],"texture":"#0"},"up":{"uv":[0,14.25,0.75,10.25],"texture":"#0"},"down":{"uv":[0.75,10.25,1.5,14.25],"texture":"#0"}}}],"gui_light":"front","display":{"thirdperson_righthand":{"scale":[0.28,0.28,0.28]},"thirdperson_lefthand":{"scale":[0.28,0.28,0.28]},"firstperson_righthand":{"scale":[0.28,0.28,0.28]},"firstperson_lefthand":{"scale":[0.28,0.28,0.28]},"ground":{"translation":[0,2.5,0],"scale":[0.62,0.62,0.62]},"gui":{"rotation":[24,129,0],"translation":[0,-0.25,0],"scale":[0.39,0.39,0.39]},"head":{"rotation":[0,-180,0],"translation":[0,-30.25,0],"scale":[1.6,1.6,1.6]},"fixed":{"translation":[0,-1,-6.5],"scale":[0.61,0.61,0.61]}}}