{"credit":"magic_store_official","texture_size":[32,32],"textures":{"0":"magic_store:furnitures/medieval_pack_v5/medieval_pack_v5_hanging_1","particle":"magic_store:furnitures/medieval_pack_v5/medieval_pack_v5_hanging_1"},"elements":[{"from":[0,21,7.5],"to":[16,22,8.5],"rotation":{"angle":0,"axis":"y","origin":[0,10,0]},"faces":{"north":{"uv":[8,4,0,4.5],"texture":"#0"},"east":{"uv":[0.5,4,0,4.5],"texture":"#0"},"south":{"uv":[0,4,8,4.5],"texture":"#0"},"west":{"uv":[0.5,4,0,4.5],"texture":"#0"},"up":{"uv":[0,4,8,4.5],"texture":"#0"},"down":{"uv":[0,4,8,4.5],"texture":"#0"}}},{"from":[3,17.75,1.25],"to":[5,19.75,5.25],"rotation":{"angle":-45,"axis":"x","origin":[4,18,5.5]},"faces":{"north":{"uv":[10,0,11,1],"texture":"#0"},"east":{"uv":[16,0,14,1],"texture":"#0"},"south":{"uv":[13,0,14,1],"texture":"#0"},"west":{"uv":[14,0,16,1],"texture":"#0"},"up":{"uv":[12,2,11,0],"texture":"#0"},"down":{"uv":[13,0,12,2],"texture":"#0"}}},{"from":[3,10,4.5],"to":[5,18,11.5],"rotation":{"angle":0,"axis":"y","origin":[3,9,0.5]},"faces":{"north":{"uv":[8,0,9,4],"texture":"#0"},"east":{"uv":[3.5,0,7,4],"texture":"#0"},"south":{"uv":[8,0,9,4],"texture":"#0"},"west":{"uv":[3.5,0,7,4],"texture":"#0"},"up":{"uv":[8,3.5,7,0],"texture":"#0"},"down":{"uv":[10,0,9,3.5],"texture":"#0"}}},{"from":[4,18,4.5],"to":[4,23,11.5],"rotation":{"angle":0,"axis":"y","origin":[4,21,9.5]},"faces":{"north":{"uv":[0,0,0,2],"texture":"#0"},"east":{"uv":[3.5,0,0,2.5],"texture":"#0"},"south":{"uv":[0,0,0,2],"texture":"#0"},"west":{"uv":[0,0,3.5,2.5],"texture":"#0"},"up":{"uv":[0,3.5,0,0],"texture":"#0"},"down":{"uv":[0,0,0,3.5],"texture":"#0"}}},{"from":[3,17.75,10.75],"to":[5,19.75,14.75],"rotation":{"angle":45,"axis":"x","origin":[4,18,10.5]},"faces":{"north":{"uv":[14,0,13,1],"texture":"#0"},"east":{"uv":[14,0,16,1],"texture":"#0"},"south":{"uv":[11,0,10,1],"texture":"#0"},"west":{"uv":[16,0,14,1],"texture":"#0"},"up":{"uv":[12,0,11,2],"texture":"#0"},"down":{"uv":[13,2,12,0],"texture":"#0"}}},{"from":[7,17.75,1.25],"to":[9,19.75,5.25],"rotation":{"angle":-45,"axis":"x","origin":[8,18,5.5]},"faces":{"north":{"uv":[6.5,4.5,7.5,5.5],"texture":"#0"},"east":{"uv":[12.5,4.5,10.5,5.5],"texture":"#0"},"south":{"uv":[9.5,4.5,10.5,5.5],"texture":"#0"},"west":{"uv":[10.5,4.5,12.5,5.5],"texture":"#0"},"up":{"uv":[8.5,6.5,7.5,4.5],"texture":"#0"},"down":{"uv":[9.5,4.5,8.5,6.5],"texture":"#0"}}},{"from":[7,17.75,10.75],"to":[9,19.75,14.75],"rotation":{"angle":45,"axis":"x","origin":[8,18,10.5]},"faces":{"north":{"uv":[10.5,4.5,9.5,5.5],"texture":"#0"},"east":{"uv":[10.5,4.5,12.5,5.5],"texture":"#0"},"south":{"uv":[7.5,4.5,6.5,5.5],"texture":"#0"},"west":{"uv":[12.5,4.5,10.5,5.5],"texture":"#0"},"up":{"uv":[8.5,4.5,7.5,6.5],"texture":"#0"},"down":{"uv":[9.5,6.5,8.5,4.5],"texture":"#0"}}},{"from":[7,10,4.5],"to":[9,18,11.5],"rotation":{"angle":0,"axis":"y","origin":[7,9,0.5]},"faces":{"north":{"uv":[4.5,4.5,5.5,8.5],"texture":"#0"},"east":{"uv":[0,4.5,3.5,8.5],"texture":"#0"},"south":{"uv":[4.5,4.5,5.5,8.5],"texture":"#0"},"west":{"uv":[0,4.5,3.5,8.5],"texture":"#0"},"up":{"uv":[4.5,8,3.5,4.5],"texture":"#0"},"down":{"uv":[6.5,4.5,5.5,8],"texture":"#0"}}},{"from":[8,18,4.5],"to":[8,23,11.5],"rotation":{"angle":0,"axis":"y","origin":[8,21,9.5]},"faces":{"north":{"uv":[0,0,0,2],"texture":"#0"},"east":{"uv":[0,0,3.5,2.5],"texture":"#0"},"south":{"uv":[0,0,0,2],"texture":"#0"},"west":{"uv":[3.5,0,0,2.5],"texture":"#0"},"up":{"uv":[0,3.5,0,0],"texture":"#0"},"down":{"uv":[0,0,0,3.5],"texture":"#0"}}},{"from":[11,17.75,1.25],"to":[13,19.75,5.25],"rotation":{"angle":-45,"axis":"x","origin":[12,18,5.5]},"faces":{"north":{"uv":[6.5,8.5,7.5,9.5],"texture":"#0"},"east":{"uv":[12.5,8.5,10.5,9.5],"texture":"#0"},"south":{"uv":[9.5,8.5,10.5,9.5],"texture":"#0"},"west":{"uv":[10.5,8.5,12.5,9.5],"texture":"#0"},"up":{"uv":[8.5,10.5,7.5,8.5],"texture":"#0"},"down":{"uv":[9.5,8.5,8.5,10.5],"texture":"#0"}}},{"from":[11,17.75,10.75],"to":[13,19.75,14.75],"rotation":{"angle":45,"axis":"x","origin":[12,18,10.5]},"faces":{"north":{"uv":[10.5,8.5,9.5,9.5],"texture":"#0"},"east":{"uv":[10.5,8.5,12.5,9.5],"texture":"#0"},"south":{"uv":[7.5,8.5,6.5,9.5],"texture":"#0"},"west":{"uv":[12.5,8.5,10.5,9.5],"texture":"#0"},"up":{"uv":[8.5,8.5,7.5,10.5],"texture":"#0"},"down":{"uv":[9.5,10.5,8.5,8.5],"texture":"#0"}}},{"from":[11,10,4.5],"to":[13,18,11.5],"rotation":{"angle":0,"axis":"y","origin":[11,9,0.5]},"faces":{"north":{"uv":[4.5,8.5,5.5,12.5],"texture":"#0"},"east":{"uv":[0,8.5,3.5,12.5],"texture":"#0"},"south":{"uv":[4.5,8.5,5.5,12.5],"texture":"#0"},"west":{"uv":[0,8.5,3.5,12.5],"texture":"#0"},"up":{"uv":[4.5,12,3.5,8.5],"texture":"#0"},"down":{"uv":[6.5,8.5,5.5,12],"texture":"#0"}}},{"from":[12,18,4.5],"to":[12,23,11.5],"rotation":{"angle":0,"axis":"y","origin":[12,21,9.5]},"faces":{"north":{"uv":[0,0,0,2],"texture":"#0"},"east":{"uv":[3.5,0,0,2.5],"texture":"#0"},"south":{"uv":[0,0,0,2],"texture":"#0"},"west":{"uv":[0,0,3.5,2.5],"texture":"#0"},"up":{"uv":[0,3.5,0,0],"texture":"#0"},"down":{"uv":[0,0,0,3.5],"texture":"#0"}}},{"from":[0,0,7],"to":[2,23,9],"faces":{"north":{"uv":[15,4.5,16,16],"texture":"#0"},"east":{"uv":[16,4.5,15,16],"texture":"#0"},"south":{"uv":[15,4.5,16,16],"texture":"#0"},"west":{"uv":[16,4.5,15,16],"texture":"#0"},"up":{"uv":[16,3.5,15,4.5],"texture":"#0"},"down":{"uv":[16,2.5,15,3.5],"texture":"#0"}}},{"from":[0,0,7.5],"to":[16,1,8.5],"rotation":{"angle":0,"axis":"y","origin":[0,10,0]},"faces":{"north":{"uv":[8,4,0,4.5],"texture":"#0"},"east":{"uv":[0.5,4,0,4.5],"texture":"#0"},"south":{"uv":[0,4,8,4.5],"texture":"#0"},"west":{"uv":[0.5,4,0,4.5],"texture":"#0"},"up":{"uv":[0,4,8,4.5],"texture":"#0"},"down":{"uv":[0,4,8,4.5],"texture":"#0"}}},{"from":[0.5,0,2.5],"to":[1.5,1,13.5],"rotation":{"angle":0,"axis":"y","origin":[8,0.5,8]},"faces":{"north":{"uv":[0.5,4,0,4.5],"texture":"#0"},"east":{"uv":[5.5,4,0,4.5],"texture":"#0"},"south":{"uv":[0.5,4,0,4.5],"texture":"#0"},"west":{"uv":[0,4,5.5,4.5],"texture":"#0"},"up":{"uv":[0,4,5.5,4.5],"rotation":90,"texture":"#0"},"down":{"uv":[0,4,5.5,4.5],"rotation":270,"texture":"#0"}}},{"from":[14.5,0,2.5],"to":[15.5,1,13.5],"rotation":{"angle":0,"axis":"y","origin":[8,0.5,8]},"faces":{"north":{"uv":[0.5,4,0,4.5],"texture":"#0"},"east":{"uv":[5.5,4,0,4.5],"texture":"#0"},"south":{"uv":[0.5,4,0,4.5],"texture":"#0"},"west":{"uv":[0,4,5.5,4.5],"texture":"#0"},"up":{"uv":[0,4,5.5,4.5],"rotation":90,"texture":"#0"},"down":{"uv":[0,4,5.5,4.5],"rotation":270,"texture":"#0"}}},{"from":[14,0,7],"to":[16,23,9],"faces":{"north":{"uv":[15,4.5,16,16],"texture":"#0"},"east":{"uv":[16,4.5,15,16],"texture":"#0"},"south":{"uv":[15,4.5,16,16],"texture":"#0"},"west":{"uv":[16,4.5,15,16],"texture":"#0"},"up":{"uv":[16,3.5,15,4.5],"texture":"#0"},"down":{"uv":[16,2.5,15,3.5],"texture":"#0"}}}],"display":{"thirdperson_righthand":{"rotation":[49,36,0],"translation":[-0.5,3,0.5],"scale":[0.35,0.35,0.35]},"thirdperson_lefthand":{"rotation":[49,36,0],"translation":[-0.5,3,0.5],"scale":[0.35,0.35,0.35]},"firstperson_righthand":{"rotation":[-180,65,-180],"translation":[9.75,-2.25,-9.25],"scale":[0.85,0.85,0.85]},"firstperson_lefthand":{"rotation":[-180,65,-180],"translation":[9.75,-2.25,-9.25],"scale":[0.85,0.85,0.85]},"ground":{"translation":[0,5.5,0],"scale":[0.4,0.4,0.4]},"gui":{"rotation":[30,145.5,0],"translation":[-0.25,-1.5,0],"scale":[0.55,0.55,0.55]},"head":{"rotation":[0,-180,0],"translation":[0,-30.5,0],"scale":[1.6,1.6,1.6]},"fixed":{"rotation":[-90,0,0],"translation":[0,0,-16],"scale":[2,2,2]}},"groups":[{"name":"group","origin":[0,0,0],"color":0,"children":[0,1,2,3,4,5,6,7,8,9,10,11,12,13,14,15,16,17]}]}