{"credit":"MadewithBlockbench","texture_size":[128,128],"textures":{"0":"decorations:furnitures/modern/aquarium","1":"block/seagrass","particle":"decorations:furnitures/modern/aquarium"},"elements":[{"from":[0,0,0],"to":[32,15,16],"faces":{"north":{"uv":[4.125,2.5,8.125,4.5],"texture":"#0"},"east":{"uv":[6.75,4.875,8.75,6.875],"texture":"#0"},"south":{"uv":[4.125,2.5,8.125,4.5],"texture":"#0"},"west":{"uv":[6.75,4.875,8.75,6.875],"texture":"#0"},"up":{"uv":[8.125,4.5,4.125,2.5],"texture":"#0"},"down":{"uv":[4,7.25,0,9.25],"texture":"#0"}}},{"name":"cubeinverted","from":[32,15,16],"to":[0,0,0],"faces":{"north":{"uv":[4,6.875,0,4.75],"texture":"#0"},"east":{"uv":[0,6.875,2,4.75],"texture":"#0"},"south":{"uv":[0,6.875,4,4.75],"texture":"#0"},"west":{"uv":[0,6.875,2,4.75],"texture":"#0"},"up":{"uv":[0,7.25,3.75,9],"texture":"#0"},"down":{"uv":[4.125,4.5,8.125,2.5],"texture":"#0"}}},{"name":"cubeinverted","from":[32,15,16],"to":[0,14,0],"faces":{"north":{"uv":[4.125,2.625,8.125,2.5],"texture":"#0"},"east":{"uv":[6.75,5,8.75,4.875],"texture":"#0"},"south":{"uv":[4.125,2.625,8.125,2.5],"texture":"#0"},"west":{"uv":[6.75,5,8.75,4.875],"texture":"#0"},"down":{"uv":[8.125,2.5,4.125,4.5],"texture":"#0"}}},{"from":[9,2,8],"to":[16,7,8],"faces":{"north":{"uv":[6.625,8.875,4.75,7.25],"texture":"#0"},"east":{"uv":[0,0,0,0.625],"texture":"#0"},"south":{"uv":[4.75,7.25,6.625,8.875],"texture":"#0"},"west":{"uv":[0,0,0,0.625],"texture":"#0"},"up":{"uv":[0,0,0.875,0],"texture":"#0"},"down":{"uv":[0,0,0.875,0],"texture":"#0"}}},{"from":[13,2,4],"to":[13,7,11],"faces":{"north":{"uv":[0,0,0,0.625],"texture":"#missing"},"east":{"uv":[4.75,7.25,6.625,8.875],"texture":"#0"},"south":{"uv":[0,0,0,0.625],"texture":"#missing"},"west":{"uv":[6.625,7.25,4.75,8.875],"texture":"#0"},"up":{"uv":[0,0,0,0.875],"texture":"#missing"},"down":{"uv":[0,0,0,0.875],"texture":"#missing"}}},{"from":[23,0,4],"to":[30,13,4],"faces":{"north":{"uv":[0,0,16,16],"texture":"#1"},"south":{"uv":[0,0,16,16],"texture":"#1"}}},{"from":[27,0,0],"to":[27,13,7],"faces":{"east":{"uv":[0,0,16,16],"texture":"#1"},"west":{"uv":[0,0,16,16],"texture":"#1"}}},{"from":[6,0,3],"to":[6,13,10],"faces":{"east":{"uv":[0,0,16,16],"texture":"#1"},"west":{"uv":[0,0,16,16],"texture":"#1"}}},{"from":[2,0,7],"to":[9,13,7],"faces":{"north":{"uv":[0,0,16,16],"texture":"#1"},"south":{"uv":[0,0,16,16],"texture":"#1"}}},{"from":[24,6,4],"to":[24,11,11],"rotation":{"angle":45,"axis":"y","origin":[24,8.5,7.5]},"faces":{"north":{"uv":[0,0,0,0.625],"texture":"#missing"},"east":{"uv":[8.5,7.375,7.125,8.375],"texture":"#0"},"south":{"uv":[0,0,0,0.625],"texture":"#missing"},"west":{"uv":[8.5,7.375,7.125,8.375],"texture":"#0"},"up":{"uv":[0,0,0,0.875],"texture":"#missing"},"down":{"uv":[0,0,0,0.875],"texture":"#missing"}}},{"from":[20,6,8],"to":[27,11,8],"rotation":{"angle":45,"axis":"y","origin":[23.5,8.5,8]},"faces":{"north":{"uv":[8.5,7.375,7.125,8.375],"texture":"#0"},"east":{"uv":[0,0,0,0.625],"texture":"#0"},"south":{"uv":[8.5,7.375,7.125,8.375],"texture":"#0"},"west":{"uv":[0,0,0,0.625],"texture":"#0"},"up":{"uv":[0,0,0.875,0],"texture":"#0"},"down":{"uv":[0,0,0.875,0],"texture":"#0"}}},{"from":[18,0,9],"to":[20,3,11],"faces":{"north":{"uv":[2.75,6.25,3.125,6.75],"texture":"#0"},"east":{"uv":[2.75,6.25,3.125,6.75],"texture":"#0"},"south":{"uv":[2.75,6.25,3.125,6.75],"texture":"#0"},"west":{"uv":[2.75,6.25,3.125,6.75],"texture":"#0"},"up":{"uv":[2.5,6.375,2.875,6.625],"texture":"#0"},"down":{"uv":[2.75,6.25,3.125,6.75],"texture":"#0"}}},{"from":[14,0,9],"to":[16,4,11],"rotation":{"angle":-22.5,"axis":"y","origin":[15,1.5,10]},"faces":{"north":{"uv":[3.5,8.125,3.125,8.75],"texture":"#0"},"east":{"uv":[3.125,8.125,3.5,8.75],"texture":"#0"},"south":{"uv":[3.5,8.125,3.125,8.75],"texture":"#0"},"west":{"uv":[3.125,8.125,3.5,8.75],"texture":"#0"},"up":{"uv":[3,5.75,3.375,6],"texture":"#0"},"down":{"uv":[3.125,8.125,3.5,8.75],"texture":"#0"}}},{"from":[16,0,10],"to":[19,6,13],"faces":{"north":{"uv":[3,5.75,3.375,6.5],"texture":"#0"},"east":{"uv":[3,5.75,3.375,6.5],"texture":"#0"},"south":{"uv":[3,5.75,3.375,6.5],"texture":"#0"},"west":{"uv":[3,5.75,3.375,6.5],"texture":"#0"},"up":{"uv":[3,5.75,3.375,6],"texture":"#0"},"down":{"uv":[3,5.75,3.375,6],"texture":"#0"}}},{"from":[7,0,9],"to":[10,6,12],"faces":{"north":{"uv":[3,5.75,3.375,6.5],"texture":"#0"},"east":{"uv":[3,5.75,3.375,6.5],"texture":"#0"},"south":{"uv":[3,5.75,3.375,6.5],"texture":"#0"},"west":{"uv":[3,5.75,3.375,6.5],"texture":"#0"},"up":{"uv":[3,5.75,3.375,6],"texture":"#0"},"down":{"uv":[3,5.75,3.375,6],"texture":"#0"}}},{"from":[9,0,8],"to":[11,3,10],"faces":{"north":{"uv":[2.75,6.25,3.125,6.75],"texture":"#0"},"east":{"uv":[2.75,6.25,3.125,6.75],"texture":"#0"},"south":{"uv":[2.75,6.25,3.125,6.75],"texture":"#0"},"west":{"uv":[2.75,6.25,3.125,6.75],"texture":"#0"},"up":{"uv":[2.5,6.375,2.875,6.625],"texture":"#0"},"down":{"uv":[2.75,6.25,3.125,6.75],"texture":"#0"}}}],"display":{"thirdperson_righthand":{"scale":[0.2,0.2,0.2]},"thirdperson_lefthand":{"scale":[0.2,0.2,0.2]},"firstperson_righthand":{"translation":[0.5,0,0],"scale":[0.2,0.2,0.2]},"firstperson_lefthand":{"scale":[0.2,0.2,0.21]},"ground":{"scale":[0.2,0.2,0.2]},"gui":{"rotation":[9,-16,0],"translation":[-2.75,0,0],"scale":[0.3168,0.62,0.73688]},"fixed":{"rotation":[-90,0,0],"translation":[0,0,-17],"scale":[2,2,2]}}}