{"credit":"MythicMMC Team","textures":{"0":"diablo_skills:s1_db_buff_tools/s1_db_buff_tools_5","particle":"diablo_skills:s1_db_buff_tools/s1_db_buff_tools_5"},"elements":[{"from":[-14.24264,-16,3.75736],"to":[9.75736,23,3.75736],"rotation":{"angle":22.5,"axis":"y","origin":[8,3.5,8]},"faces":{"north":{"uv":[8,0,16,16],"texture":"#0"},"east":{"uv":[0,0,0,16],"texture":"#missing"},"south":{"uv":[16,0,8,16],"texture":"#0"},"west":{"uv":[0,0,0,16],"texture":"#missing"},"up":{"uv":[0,0,16,0],"texture":"#missing"},"down":{"uv":[0,0,16,0],"texture":"#missing"}}},{"from":[6.24264,-16,3.75736],"to":[30.24264,23,3.75736],"rotation":{"angle":-22.5,"axis":"y","origin":[8,3.5,8]},"faces":{"north":{"uv":[0,0,8,16],"texture":"#0"},"east":{"uv":[0,0,0,16],"texture":"#missing"},"south":{"uv":[8,0,0,16],"texture":"#0"},"west":{"uv":[0,0,0,16],"texture":"#missing"},"up":{"uv":[16,0,0,0],"texture":"#missing"},"down":{"uv":[16,0,0,0],"texture":"#missing"}}}],"gui_light":"front","display":{"gui":{"scale":[0.31,0.31,0.31]},"head":{"translation":[1,49.5,0],"scale":[2.5,2.5,2.5]}}}