{"credit":"MadewithBlockbench","texture_size":[64,64],"textures":{"1":"out_door_decoration:08_gnome_table_texture","2":"out_door_decoration:09_gnome_texture","particle":"out_door_decoration:09_gnome_texture"},"elements":[{"from":[6.07322,1,7.03718],"to":[10.07322,5,11.03718],"rotation":{"angle":0,"axis":"y","origin":[7.72411,4.25,7.02855]},"faces":{"north":{"uv":[6,6,7,7],"texture":"#1"},"east":{"uv":[5.5,5,6.5,6],"texture":"#1"},"south":{"uv":[4,6,5,7],"texture":"#1"},"west":{"uv":[5,6,6,7],"texture":"#1"},"up":{"uv":[7.5,6,6.5,5],"rotation":90,"texture":"#1"},"down":{"uv":[8,0,7,1],"rotation":270,"texture":"#1"}}},{"from":[5.58081,0,4.31916],"to":[7.58081,1.5,7.31916],"rotation":{"angle":22.5,"axis":"y","origin":[7.72411,4.25,7.02855]},"faces":{"north":{"uv":[3.5,10.5,4,10.875],"texture":"#1"},"east":{"uv":[10,0,10.75,0.375],"texture":"#1"},"south":{"uv":[3,10.5,3.5,10.875],"texture":"#1"},"west":{"uv":[10,0.5,10.75,0.875],"texture":"#1"},"up":{"uv":[9.75,8.25,9,7.75],"rotation":90,"texture":"#1"},"down":{"uv":[9,9,8.25,9.5],"rotation":270,"texture":"#1"}}},{"from":[8.37719,0,4.108],"to":[10.37719,1.5,7.108],"rotation":{"angle":-22.5,"axis":"y","origin":[7.72411,4.25,7.02855]},"faces":{"north":{"uv":[4,10.5,3.5,10.875],"texture":"#1"},"east":{"uv":[10.75,0.5,10,0.875],"texture":"#1"},"south":{"uv":[3.5,10.5,3,10.875],"texture":"#1"},"west":{"uv":[10.75,0,10,0.375],"texture":"#1"},"up":{"uv":[9.75,7.75,9,8.25],"rotation":90,"texture":"#1"},"down":{"uv":[9,9.5,8.25,9],"rotation":270,"texture":"#1"}}},{"from":[5.07322,5,6.03718],"to":[11.07322,6,12.03718],"rotation":{"angle":0,"axis":"y","origin":[7.72411,4.25,7.02855]},"faces":{"north":{"uv":[9,9,10.5,9.25],"texture":"#1"},"east":{"uv":[9,8.25,10.5,8.5],"texture":"#1"},"south":{"uv":[9,8.5,10.5,8.75],"texture":"#1"},"west":{"uv":[9,8.75,10.5,9],"texture":"#1"},"up":{"uv":[5.5,1.5,4,0],"rotation":90,"texture":"#1"},"down":{"uv":[5.5,1.5,4,3],"rotation":270,"texture":"#1"}}},{"from":[6.07322,6,7.03718],"to":[10.07322,10,11.03718],"rotation":{"angle":0,"axis":"y","origin":[7.72411,4.25,7.02855]},"faces":{"north":{"uv":[5,7,6,8],"texture":"#1"},"east":{"uv":[7,1,8,2],"texture":"#1"},"south":{"uv":[7,2,8,3],"texture":"#1"},"west":{"uv":[4,7,5,8],"texture":"#1"},"up":{"uv":[7,8,6,7],"rotation":90,"texture":"#1"},"down":{"uv":[8,6,7,7],"rotation":270,"texture":"#1"}}},{"from":[7.07322,4,5.28718],"to":[9.07322,5,10.28718],"rotation":{"angle":0,"axis":"y","origin":[7.72411,4.25,7.02855]},"faces":{"north":{"uv":[10.5,8.75,11,9],"texture":"#1"},"east":{"uv":[9.5,9.5,10.75,9.75],"texture":"#1"},"south":{"uv":[8.5,10.5,9,10.75],"texture":"#1"},"west":{"uv":[4.75,9.75,6,10],"texture":"#1"},"up":{"uv":[5.25,9.5,4,9],"rotation":90,"texture":"#1"},"down":{"uv":[6.5,9,5.25,9.5],"rotation":270,"texture":"#1"}}},{"from":[6.07322,0,7.03718],"to":[10.07322,1,7.03718],"rotation":{"angle":0,"axis":"y","origin":[7.72411,4.25,7.02855]},"faces":{"north":{"uv":[5,10,6,10.25],"texture":"#1"},"east":{"uv":[0,0,0,0.25],"texture":"#1"},"south":{"uv":[10,3.5,11,3.75],"texture":"#1"},"west":{"uv":[0,0,0,0.25],"texture":"#1"},"up":{"uv":[0,1,0,0],"rotation":90,"texture":"#1"},"down":{"uv":[0,0,0,1],"rotation":270,"texture":"#1"}}},{"from":[6.07322,0,7.03718],"to":[6.07322,1,11.03718],"rotation":{"angle":0,"axis":"y","origin":[7.72411,4.25,7.02855]},"faces":{"north":{"uv":[0,0,0,0.25],"texture":"#1"},"east":{"uv":[10,5,11,5.25],"texture":"#1"},"south":{"uv":[0,0,0,0.25],"texture":"#1"},"west":{"uv":[10,5.25,11,5.5],"texture":"#1"},"up":{"uv":[1,0,0,0],"rotation":90,"texture":"#1"},"down":{"uv":[1,0,0,0],"rotation":270,"texture":"#1"}}},{"from":[10.07322,0,7.03718],"to":[10.07322,1,11.03718],"rotation":{"angle":0,"axis":"y","origin":[7.72411,4.25,7.02855]},"faces":{"north":{"uv":[0,0,0,0.25],"texture":"#1"},"east":{"uv":[10,5.5,11,5.75],"texture":"#1"},"south":{"uv":[0,0,0,0.25],"texture":"#1"},"west":{"uv":[10,6.5,11,6.75],"texture":"#1"},"up":{"uv":[1,0,0,0],"rotation":90,"texture":"#1"},"down":{"uv":[1,0,0,0],"rotation":270,"texture":"#1"}}},{"from":[6.07322,0,11.03718],"to":[10.07322,1,11.03718],"rotation":{"angle":0,"axis":"y","origin":[7.72411,4.25,7.02855]},"faces":{"north":{"uv":[10,7,11,7.25],"texture":"#1"},"east":{"uv":[0,0,0,0.25],"texture":"#1"},"south":{"uv":[10,6.75,11,7],"texture":"#1"},"west":{"uv":[0,0,0,0.25],"texture":"#1"},"up":{"uv":[0,1,0,0],"rotation":90,"texture":"#1"},"down":{"uv":[0,0,0,1],"rotation":270,"texture":"#1"}}},{"from":[4.75,2.69948,8.66001],"to":[6,4.19948,10.66001],"rotation":{"angle":45,"axis":"x","origin":[7.72411,4.25,7.02855]},"faces":{"north":{"uv":[10,10,10.75,10.75],"texture":"#2"},"east":{"uv":[6,10,7,10.75],"texture":"#2"},"south":{"uv":[10,10,10.75,10.75],"texture":"#2"},"west":{"uv":[6,10,7,10.75],"texture":"#2"},"up":{"uv":[9.75,11,9,10],"texture":"#2"},"down":{"uv":[8.75,10,8,11],"texture":"#2"}}},{"from":[4.9,2.94948,3.66001],"to":[5.9,3.94948,11.66001],"rotation":{"angle":45,"axis":"x","origin":[7.72411,4.25,7.02855]},"faces":{"north":{"uv":[7,10,7.5,10.5],"texture":"#2"},"east":{"uv":[3.5,8,7.5,8.5],"texture":"#2"},"south":{"uv":[7,10,7.5,10.5],"texture":"#2"},"west":{"uv":[7.5,8.5,3.5,8],"texture":"#2"},"up":{"uv":[8,12,7.5,8],"texture":"#2"},"down":{"uv":[7.5,12,8,8],"texture":"#2"}}},{"from":[3.9,3.44948,0.66001],"to":[6.9,3.44948,3.66001],"rotation":{"angle":45,"axis":"x","origin":[7.72411,4.25,7.02855]},"faces":{"north":{"uv":[0,0,0.75,0],"texture":"#2"},"east":{"uv":[0,0,0.75,0],"texture":"#2"},"south":{"uv":[0,0,0.75,0],"texture":"#2"},"west":{"uv":[0,0,0.75,0],"texture":"#2"},"up":{"uv":[8.5,5.5,7,4],"texture":"#2"},"down":{"uv":[8.5,4,7,5.5],"texture":"#2"}}}],"gui_light":"front","display":{"thirdperson_righthand":{"rotation":[67.5,0,0],"translation":[0,2.75,4.25],"scale":[0.68188,0.68188,0.68188]},"thirdperson_lefthand":{"rotation":[67.5,0,0],"translation":[0,2.75,4.25],"scale":[0.68188,0.68188,0.68188]},"firstperson_righthand":{"translation":[1,5.75,0],"scale":[0.72023,0.72218,0.72218]},"firstperson_lefthand":{"translation":[1,5.75,0],"scale":[0.72023,0.72218,0.72218]},"ground":{"translation":[0,5,0],"scale":[0.75781,0.75781,0.75781]},"gui":{"rotation":[30,145,0],"translation":[0.5,3.25,0],"scale":[1.05078,1.05078,1.05078]},"head":{"translation":[0,-33,0],"scale":[0,0,0]},"fixed":{"rotation":[-90,0,0],"translation":[0,2.25,-16],"scale":[2,2,2]}},"groups":[{"name":"group","origin":[0,0,12],"color":0,"children":[0,1,2,3,4,5,6,7,8,9,10,11,12]}]}