{"credit":"MadewithBlockbench","texture_size":[128,128],"textures":{"0":"elitecreatures:skeletonoverlord_texture_01","1":"elitecreatures:skeletonoverlord_animation_01","2":"elitecreatures:skeletonoverlord_animation_02","3":"elitecreatures:skeletonoverlord_animation_03","particle":"elitecreatures:skeletonoverlord_texture_01"},"elements":[{"from":[7.25,-12,7.25],"to":[8.75,-5,8.75],"rotation":{"angle":0,"axis":"y","origin":[8,5.81499,8]},"faces":{"north":{"uv":[1.25,0,1.4375,0.875],"texture":"#0"},"east":{"uv":[1.25,0,1.4375,0.875],"texture":"#0"},"south":{"uv":[1.25,0,1.4375,0.875],"texture":"#0"},"west":{"uv":[1.25,0,1.4375,0.875],"texture":"#0"},"up":{"uv":[1.25,0.6875,1.4375,0.875],"texture":"#0"},"down":{"uv":[1.25,0.6875,1.4375,0.875],"texture":"#0"}}},{"from":[7.25,-5,7.25],"to":[8.75,1,8.75],"rotation":{"angle":0,"axis":"y","origin":[8,5.81499,8]},"faces":{"north":{"uv":[1.25,0,1.4375,0.75],"texture":"#0"},"east":{"uv":[1.25,0,1.4375,0.75],"texture":"#0"},"south":{"uv":[1.25,0,1.4375,0.75],"texture":"#0"},"west":{"uv":[1.25,0,1.4375,0.75],"texture":"#0"},"up":{"uv":[1.25,0.6875,1.4375,0.875],"texture":"#0"},"down":{"uv":[1.25,0.6875,1.4375,0.875],"texture":"#0"}}},{"from":[7.5,-14,8],"to":[8.5,-12.5,10],"rotation":{"angle":22.5,"axis":"x","origin":[8,-13.975,9.575]},"faces":{"north":{"uv":[0.5,1.4375,0.625,1.625],"texture":"#0"},"east":{"uv":[0.875,1.375,0.625,1.5625],"texture":"#0"},"south":{"uv":[0.5,1.4375,0.625,1.625],"texture":"#0"},"west":{"uv":[0.625,1.375,0.875,1.5625],"texture":"#0"},"up":{"uv":[0.875,1.375,1.125,1.5],"rotation":90,"texture":"#0"},"down":{"uv":[0.875,1.375,1.125,1.5],"rotation":90,"texture":"#0"}}},{"from":[7.6,-14.88188,9.52574],"to":[8.4,-13.38188,10.52574],"rotation":{"angle":-22.5,"axis":"x","origin":[8,-13.975,9.575]},"faces":{"north":{"uv":[1.25,1,1.4375,1.1],"rotation":270,"texture":"#0"},"east":{"uv":[1.4375,0.875,1.25,1],"rotation":270,"texture":"#0"},"south":{"uv":[1.25,1,1.4375,1.1],"rotation":90,"texture":"#0"},"west":{"uv":[1.25,0.875,1.4375,1],"rotation":90,"texture":"#0"},"up":{"uv":[1.2125,1.125,1.3125,1.25],"rotation":180,"texture":"#0"},"down":{"uv":[1.2125,1.125,1.3125,1.25],"texture":"#0"}}},{"from":[7.75,-15.2,9.9],"to":[8.25,-14.2,10.4],"rotation":{"angle":22.5,"axis":"x","origin":[8,-13.975,9.575]},"faces":{"north":{"uv":[1.125,1.25,1.25,1.3125],"rotation":90,"texture":"#0"},"east":{"uv":[1.125,1.25,1.25,1.3125],"rotation":90,"texture":"#0"},"south":{"uv":[1.125,1.25,1.25,1.3125],"rotation":90,"texture":"#0"},"west":{"uv":[1.125,1.25,1.25,1.3125],"rotation":90,"texture":"#0"},"up":{"uv":[1.25,1.25,1.3125,1.3125],"texture":"#0"},"down":{"uv":[1.25,1.25,1.3125,1.3125],"texture":"#0"}}},{"from":[7.6,-13.47574,9.68188],"to":[8.4,-12.47574,11.18188],"rotation":{"angle":-22.5,"axis":"x","origin":[8,-12.525,10.275]},"faces":{"north":{"uv":[1.2125,1.25,1.3125,1.125],"texture":"#0"},"east":{"uv":[1.25,0.875,1.4375,1],"rotation":180,"texture":"#0"},"south":{"uv":[1.2125,1.25,1.3125,1.125],"texture":"#0"},"west":{"uv":[1.4375,0.875,1.25,1],"rotation":180,"texture":"#0"},"up":{"uv":[1.25,1,1.4375,1.1],"rotation":90,"texture":"#0"},"down":{"uv":[1.4375,1,1.25,1.1],"rotation":90,"texture":"#0"}}},{"from":[7.75,-12.3,10.6],"to":[8.25,-11.3,11.1],"rotation":{"angle":22.5,"axis":"x","origin":[8,-12.525,10.275]},"faces":{"north":{"uv":[1.25,1.25,1.125,1.3125],"rotation":90,"texture":"#0"},"east":{"uv":[1.25,1.25,1.125,1.3125],"rotation":90,"texture":"#0"},"south":{"uv":[1.25,1.25,1.125,1.3125],"rotation":90,"texture":"#0"},"west":{"uv":[1.25,1.25,1.125,1.3125],"rotation":90,"texture":"#0"},"up":{"uv":[1.25,1.3125,1.3125,1.25],"texture":"#0"},"down":{"uv":[1.25,1.3125,1.3125,1.25],"texture":"#0"}}},{"from":[7.75,-12.3,4.9],"to":[8.25,-11.3,5.4],"rotation":{"angle":-22.5,"axis":"x","origin":[8,-12.525,5.725]},"faces":{"north":{"uv":[1.25,1.3125,1.125,1.25],"rotation":90,"texture":"#0"},"east":{"uv":[1.25,1.3125,1.125,1.25],"rotation":90,"texture":"#0"},"south":{"uv":[1.25,1.3125,1.125,1.25],"rotation":90,"texture":"#0"},"west":{"uv":[1.25,1.3125,1.125,1.25],"rotation":90,"texture":"#0"},"up":{"uv":[1.25,1.25,1.3125,1.3125],"texture":"#0"},"down":{"uv":[1.25,1.25,1.3125,1.3125],"texture":"#0"}}},{"from":[7.6,-13.47574,4.81812],"to":[8.4,-12.47574,6.31812],"rotation":{"angle":22.5,"axis":"x","origin":[8,-12.525,5.725]},"faces":{"north":{"uv":[1.3125,1.25,1.2125,1.125],"texture":"#0"},"east":{"uv":[1.4375,0.875,1.25,1],"rotation":180,"texture":"#0"},"south":{"uv":[1.3125,1.25,1.2125,1.125],"texture":"#0"},"west":{"uv":[1.25,0.875,1.4375,1],"rotation":180,"texture":"#0"},"up":{"uv":[1.4375,1,1.25,1.1],"rotation":90,"texture":"#0"},"down":{"uv":[1.25,1,1.4375,1.1],"rotation":90,"texture":"#0"}}},{"from":[7.5,-14,6],"to":[8.5,-12.5,8],"rotation":{"angle":-22.5,"axis":"x","origin":[8,-13.975,6.425]},"faces":{"north":{"uv":[0.625,1.4375,0.5,1.625],"texture":"#0"},"east":{"uv":[0.625,1.375,0.875,1.5625],"texture":"#0"},"south":{"uv":[0.625,1.4375,0.5,1.625],"texture":"#0"},"west":{"uv":[0.875,1.375,0.625,1.5625],"texture":"#0"},"up":{"uv":[1.125,1.375,0.875,1.5],"rotation":90,"texture":"#0"},"down":{"uv":[1.125,1.375,0.875,1.5],"rotation":90,"texture":"#0"}}},{"from":[7.6,-14.88188,5.47426],"to":[8.4,-13.38188,6.47426],"rotation":{"angle":22.5,"axis":"x","origin":[8,-13.975,6.425]},"faces":{"north":{"uv":[1.25,1.1,1.4375,1],"rotation":90,"texture":"#0"},"east":{"uv":[1.4375,1,1.25,0.875],"rotation":270,"texture":"#0"},"south":{"uv":[1.25,1.1,1.4375,1],"rotation":270,"texture":"#0"},"west":{"uv":[1.25,1,1.4375,0.875],"rotation":90,"texture":"#0"},"up":{"uv":[1.2125,1.25,1.3125,1.125],"rotation":180,"texture":"#0"},"down":{"uv":[1.2125,1.25,1.3125,1.125],"texture":"#0"}}},{"from":[7.75,-15.2,5.6],"to":[8.25,-14.2,6.1],"rotation":{"angle":-22.5,"axis":"x","origin":[8,-13.975,6.425]},"faces":{"north":{"uv":[1.125,1.3125,1.25,1.25],"rotation":90,"texture":"#0"},"east":{"uv":[1.125,1.3125,1.25,1.25],"rotation":90,"texture":"#0"},"south":{"uv":[1.125,1.3125,1.25,1.25],"rotation":90,"texture":"#0"},"west":{"uv":[1.125,1.3125,1.25,1.25],"rotation":90,"texture":"#0"},"up":{"uv":[1.25,1.3125,1.3125,1.25],"texture":"#0"},"down":{"uv":[1.25,1.3125,1.3125,1.25],"texture":"#0"}}},{"from":[6.75,-9.48922,-5.80421],"to":[9.25,-7.48922,-3.80421],"rotation":{"angle":-45,"axis":"x","origin":[8,4.31499,8]},"faces":{"north":{"uv":[1.6875,0.5,1.4375,0.25],"texture":"#0"},"east":{"uv":[1.6875,0,1.4375,0.25],"texture":"#0"},"south":{"uv":[1.6875,0.5,1.4375,0.75],"texture":"#0"},"west":{"uv":[1.6875,0,1.4375,0.25],"texture":"#0"},"up":{"uv":[1.6875,0.25,1.4375,0.5],"texture":"#0"},"down":{"uv":[1.6875,0.5,1.4375,0.75],"texture":"#0"}}},{"from":[7,-13.5,7],"to":[9,-12,9],"rotation":{"angle":0,"axis":"y","origin":[8,4.31499,8]},"faces":{"north":{"uv":[1.4375,0.75,1.6875,0.9375],"texture":"#0"},"east":{"uv":[1.4375,0.75,1.6875,0.9375],"texture":"#0"},"south":{"uv":[1.4375,0.75,1.6875,0.9375],"texture":"#0"},"west":{"uv":[1.4375,0.75,1.6875,0.9375],"texture":"#0"},"up":{"uv":[1.4375,0.9375,1.6875,1.1875],"texture":"#0"},"down":{"uv":[1.4375,0.9375,1.6875,1.1875],"texture":"#0"}}},{"from":[7,-11,7],"to":[9,-9.5,9],"rotation":{"angle":0,"axis":"y","origin":[8,4.31499,8]},"faces":{"north":{"uv":[1.4375,0.75,1.6875,0.9375],"texture":"#0"},"east":{"uv":[1.4375,0.75,1.6875,0.9375],"texture":"#0"},"south":{"uv":[1.4375,0.75,1.6875,0.9375],"texture":"#0"},"west":{"uv":[1.4375,0.75,1.6875,0.9375],"texture":"#0"},"up":{"uv":[1.4375,0.9375,1.6875,1.1875],"texture":"#0"},"down":{"uv":[1.4375,0.9375,1.6875,1.1875],"texture":"#0"}}},{"from":[7,-9,7],"to":[9,-7.5,9],"rotation":{"angle":0,"axis":"y","origin":[8,4.31499,8]},"faces":{"north":{"uv":[1.4375,0.75,1.6875,0.9375],"texture":"#0"},"east":{"uv":[1.4375,0.75,1.6875,0.9375],"texture":"#0"},"south":{"uv":[1.4375,0.75,1.6875,0.9375],"texture":"#0"},"west":{"uv":[1.4375,0.75,1.6875,0.9375],"texture":"#0"},"up":{"uv":[1.4375,0.9375,1.6875,1.1875],"texture":"#0"},"down":{"uv":[1.4375,0.9375,1.6875,1.1875],"texture":"#0"}}},{"from":[7,-7,7],"to":[9,-5.5,9],"rotation":{"angle":0,"axis":"y","origin":[8,4.31499,8]},"faces":{"north":{"uv":[1.4375,0.75,1.6875,0.9375],"texture":"#0"},"east":{"uv":[1.4375,0.75,1.6875,0.9375],"texture":"#0"},"south":{"uv":[1.4375,0.75,1.6875,0.9375],"texture":"#0"},"west":{"uv":[1.4375,0.75,1.6875,0.9375],"texture":"#0"},"up":{"uv":[1.4375,0.9375,1.6875,1.1875],"texture":"#0"},"down":{"uv":[1.4375,0.9375,1.6875,1.1875],"texture":"#0"}}},{"from":[7,-1,7],"to":[9,0.5,9],"rotation":{"angle":0,"axis":"y","origin":[8,4.31499,8]},"faces":{"north":{"uv":[1.4375,0.75,1.6875,0.9375],"texture":"#0"},"east":{"uv":[1.4375,0.75,1.6875,0.9375],"texture":"#0"},"south":{"uv":[1.4375,0.75,1.6875,0.9375],"texture":"#0"},"west":{"uv":[1.4375,0.75,1.6875,0.9375],"texture":"#0"},"up":{"uv":[1.4375,0.9375,1.6875,1.1875],"texture":"#0"},"down":{"uv":[1.4375,0.9375,1.6875,1.1875],"texture":"#0"}}},{"from":[7,-3,7],"to":[9,-1.5,9],"rotation":{"angle":0,"axis":"y","origin":[8,4.31499,8]},"faces":{"north":{"uv":[1.4375,0.75,1.6875,0.9375],"texture":"#0"},"east":{"uv":[1.4375,0.75,1.6875,0.9375],"texture":"#0"},"south":{"uv":[1.4375,0.75,1.6875,0.9375],"texture":"#0"},"west":{"uv":[1.4375,0.75,1.6875,0.9375],"texture":"#0"},"up":{"uv":[1.4375,0.9375,1.6875,1.1875],"texture":"#0"},"down":{"uv":[1.4375,0.9375,1.6875,1.1875],"texture":"#0"}}},{"from":[7,-5,7],"to":[9,-3.5,9],"rotation":{"angle":0,"axis":"y","origin":[8,4.31499,8]},"faces":{"north":{"uv":[1.4375,0.75,1.6875,0.9375],"texture":"#0"},"east":{"uv":[1.4375,0.75,1.6875,0.9375],"texture":"#0"},"south":{"uv":[1.4375,0.75,1.6875,0.9375],"texture":"#0"},"west":{"uv":[1.4375,0.75,1.6875,0.9375],"texture":"#0"},"up":{"uv":[1.4375,0.9375,1.6875,1.1875],"texture":"#0"},"down":{"uv":[1.4375,0.9375,1.6875,1.1875],"texture":"#0"}}},{"from":[7.25,1,7.25],"to":[8.75,4.5,8.75],"rotation":{"angle":0,"axis":"y","origin":[8,5.81499,8]},"faces":{"north":{"uv":[1.25,0.25,1.4375,0.6875],"texture":"#0"},"east":{"uv":[1.25,0.25,1.4375,0.6875],"texture":"#0"},"south":{"uv":[1.25,0.25,1.4375,0.6875],"texture":"#0"},"west":{"uv":[1.25,0.25,1.4375,0.6875],"texture":"#0"},"up":{"uv":[1.25,0.6875,1.4375,0.875],"texture":"#0"},"down":{"uv":[1.25,0.6875,1.4375,0.875],"texture":"#0"}}},{"from":[7.25,5,7.25],"to":[8.75,8.5,8.75],"rotation":{"angle":0,"axis":"y","origin":[8,5.81499,8]},"faces":{"north":{"uv":[1.25,0.25,1.4375,0.6875],"texture":"#0"},"east":{"uv":[1.25,0.25,1.4375,0.6875],"texture":"#0"},"south":{"uv":[1.25,0.25,1.4375,0.6875],"texture":"#0"},"west":{"uv":[1.25,0.25,1.4375,0.6875],"texture":"#0"},"up":{"uv":[1.25,0.6875,1.4375,0.875],"texture":"#0"},"down":{"uv":[1.25,0.6875,1.4375,0.875],"texture":"#0"}}},{"from":[6,12.5,5.25],"to":[10,16.5,10.75],"rotation":{"angle":0,"axis":"y","origin":[8,17.81959,10.11545]},"faces":{"north":{"uv":[2.375,0,2.875,0.5],"texture":"#0"},"east":{"uv":[1.6875,0,2.375,0.5],"texture":"#0"},"south":{"uv":[2.375,0,2.875,0.5],"texture":"#0"},"west":{"uv":[1.6875,0,2.375,0.5],"texture":"#0"},"up":{"uv":[1.6875,0.5,2.1875,1.1875],"texture":"#0"},"down":{"uv":[1.6875,0.5,2.1875,1.1875],"texture":"#0"}}},{"from":[5.9,13.5,5.25],"to":[5.9,15.5,10.75],"rotation":{"angle":0,"axis":"y","origin":[8,8.18501,8]},"faces":{"north":{"uv":[0,0,0,4],"texture":"#2"},"south":{"uv":[0,0,0,4],"texture":"#2"},"west":{"uv":[0,0,11,4],"texture":"#2"},"up":{"uv":[0,11,0,0],"texture":"#2"},"down":{"uv":[0,0,0,11],"texture":"#2"}}},{"from":[10.1,13.5,5.25],"to":[10.1,15.5,10.75],"rotation":{"angle":0,"axis":"y","origin":[8,8.18501,8]},"faces":{"north":{"uv":[0,0,0,4],"texture":"#2"},"east":{"uv":[11,0,0,4],"texture":"#2"},"south":{"uv":[0,0,0,4],"texture":"#2"},"up":{"uv":[0,11,0,0],"texture":"#2"},"down":{"uv":[0,0,0,11],"texture":"#2"}}},{"from":[9,16,5.5],"to":[9,20,10.5],"rotation":{"angle":0,"axis":"y","origin":[8,8.18501,8]},"faces":{"north":{"uv":[2.875,0.75,2.5625,0.5],"texture":"#0"},"east":{"uv":[16,4.3125,15.375,3.8125],"texture":"#0"},"south":{"uv":[2.875,0.75,2.5625,0.5],"texture":"#0"},"west":{"uv":[16,4.3125,15.375,3.8125],"texture":"#0"},"up":{"uv":[2.5625,0.8125,2.1875,0.5],"rotation":270,"texture":"#0"},"down":{"uv":[2.5625,0.8125,2.1875,0.5],"rotation":270,"texture":"#0"}}},{"from":[7,16,5.5],"to":[7,20,10.5],"rotation":{"angle":0,"axis":"y","origin":[8,8.18501,8]},"faces":{"north":{"uv":[2.5625,0.75,2.875,0.5],"texture":"#0"},"east":{"uv":[15.375,4.3125,16,3.8125],"texture":"#0"},"south":{"uv":[2.5625,0.75,2.875,0.5],"texture":"#0"},"west":{"uv":[15.375,4.3125,16,3.8125],"texture":"#0"},"up":{"uv":[2.5625,0.5,2.1875,0.8125],"rotation":270,"texture":"#0"},"down":{"uv":[2.5625,0.5,2.1875,0.8125],"rotation":270,"texture":"#0"}}},{"from":[7.5,15.66415,9.08048],"to":[8.5,17.16415,11.08048],"rotation":{"angle":-22.5,"axis":"x","origin":[8,17.03431,10.91032]},"faces":{"north":{"uv":[1.5,1.3125,1.375,1.5],"texture":"#0"},"east":{"uv":[1.375,1.3125,1.125,1.5],"texture":"#0"},"south":{"uv":[1.5,1.3125,1.375,1.5],"rotation":180,"texture":"#0"},"west":{"uv":[1.375,1.3125,1.125,1.5],"rotation":180,"texture":"#0"},"up":{"uv":[1.5625,1.1875,1.3125,1.3125],"rotation":270,"texture":"#0"},"down":{"uv":[1.5625,1.1875,1.3125,1.3125],"rotation":90,"texture":"#0"}}},{"from":[7.6,16.4,10.7],"to":[8.4,17.9,11.7],"rotation":{"angle":22.5,"axis":"x","origin":[8,17.03431,10.91032]},"faces":{"north":{"uv":[1.5,1.5375,1.6875,1.4375],"rotation":270,"texture":"#0"},"east":{"uv":[1.5,1.4375,1.6875,1.3125],"rotation":270,"texture":"#0"},"south":{"uv":[1.5,1.5375,1.6875,1.4375],"rotation":270,"texture":"#0"},"west":{"uv":[1.5,1.4375,1.6875,1.3125],"rotation":270,"texture":"#0"},"up":{"uv":[1.5875,1.3125,1.6875,1.1875],"texture":"#0"},"down":{"uv":[1.5875,1.3125,1.6875,1.1875],"texture":"#0"}}},{"from":[7.75,17.46415,11.18048],"to":[8.25,18.46415,11.68048],"rotation":{"angle":-22.5,"axis":"x","origin":[8,17.03431,10.91032]},"faces":{"north":{"uv":[1.375,1.5625,1.5,1.5],"rotation":90,"texture":"#0"},"east":{"uv":[1.375,1.5625,1.5,1.5],"rotation":90,"texture":"#0"},"south":{"uv":[1.375,1.5625,1.5,1.5],"rotation":270,"texture":"#0"},"west":{"uv":[1.375,1.5625,1.5,1.5],"rotation":270,"texture":"#0"},"up":{"uv":[1.3,1.5625,1.3625,1.5],"texture":"#0"},"down":{"uv":[1.3,1.5625,1.3625,1.5],"rotation":180,"texture":"#0"}}},{"from":[7.75,17.46415,4.31952],"to":[8.25,18.46415,4.81952],"rotation":{"angle":22.5,"axis":"x","origin":[8,17.03431,5.08968]},"faces":{"north":{"uv":[1.5,1.5625,1.375,1.5],"rotation":90,"texture":"#0"},"east":{"uv":[1.5,1.5625,1.375,1.5],"rotation":270,"texture":"#0"},"south":{"uv":[1.5,1.5625,1.375,1.5],"rotation":270,"texture":"#0"},"west":{"uv":[1.5,1.5625,1.375,1.5],"rotation":90,"texture":"#0"},"up":{"uv":[1.3625,1.5625,1.3,1.5],"rotation":180,"texture":"#0"},"down":{"uv":[1.3625,1.5625,1.3,1.5],"texture":"#0"}}},{"from":[7.6,16.4,4.3],"to":[8.4,17.9,5.3],"rotation":{"angle":-22.5,"axis":"x","origin":[8,17.03431,5.08968]},"faces":{"north":{"uv":[1.5,1.4375,1.6875,1.5375],"rotation":270,"texture":"#0"},"east":{"uv":[1.5,1.3125,1.6875,1.4375],"rotation":270,"texture":"#0"},"south":{"uv":[1.5,1.4375,1.6875,1.5375],"rotation":270,"texture":"#0"},"west":{"uv":[1.5,1.3125,1.6875,1.4375],"rotation":270,"texture":"#0"},"up":{"uv":[1.5875,1.1875,1.6875,1.3125],"texture":"#0"},"down":{"uv":[1.5875,1.1875,1.6875,1.3125],"texture":"#0"}}},{"from":[7.5,15.66415,4.91952],"to":[8.5,17.16415,6.91952],"rotation":{"angle":22.5,"axis":"x","origin":[8,17.03431,5.08968]},"faces":{"north":{"uv":[1.5,1.5,1.375,1.3125],"texture":"#0"},"east":{"uv":[1.375,1.5,1.125,1.3125],"rotation":180,"texture":"#0"},"south":{"uv":[1.5,1.5,1.375,1.3125],"rotation":180,"texture":"#0"},"west":{"uv":[1.375,1.5,1.125,1.3125],"texture":"#0"},"up":{"uv":[1.5625,1.3125,1.3125,1.1875],"rotation":90,"texture":"#0"},"down":{"uv":[1.5625,1.3125,1.3125,1.1875],"rotation":270,"texture":"#0"}}},{"from":[6.6,10,6.5],"to":[9.6,13,9.5],"rotation":{"angle":0,"axis":"y","origin":[8,8.18501,8]},"faces":{"north":{"uv":[2.4375,1.5625,2.0625,1.1875],"texture":"#0"},"east":{"uv":[2.0625,1.5625,1.6875,1.1875],"texture":"#0"},"south":{"uv":[2.4375,1.5625,2.0625,1.1875],"texture":"#0"},"west":{"uv":[2.0625,1.5625,1.6875,1.1875],"texture":"#0"},"up":{"uv":[2.4375,1.5625,2.8125,1.1875],"rotation":90,"texture":"#0"},"down":{"uv":[2.4375,1.5625,2.8125,1.1875],"rotation":90,"texture":"#0"}}},{"from":[7.1,11,5.75],"to":[9.1,13,10.25],"rotation":{"angle":0,"axis":"y","origin":[8,8.18501,8]},"faces":{"north":{"uv":[3.6875,0.25,3.4375,0],"texture":"#0"},"east":{"uv":[3.4375,0.25,2.875,0],"texture":"#0"},"south":{"uv":[3.6875,0.25,3.4375,0],"texture":"#0"},"west":{"uv":[3.4375,0.25,2.875,0],"texture":"#0"},"up":{"uv":[2.875,0.5,3.4375,0.25],"rotation":90,"texture":"#0"},"down":{"uv":[2.875,0.5,3.4375,0.25],"rotation":90,"texture":"#0"}}},{"from":[6.75,12.00249,9.44744],"to":[9.25,15.00249,13.44744],"rotation":{"angle":22.5,"axis":"x","origin":[8,16.93417,12.594]},"faces":{"north":{"uv":[0.5,0.375,0.8125,0],"texture":"#0"},"east":{"uv":[0,0.375,0.5,0],"texture":"#0"},"south":{"uv":[0.5,0.375,0.8125,0],"texture":"#0"},"west":{"uv":[0.5,0.375,0,0],"texture":"#0"},"up":{"uv":[0.5,0.6875,0,0.375],"rotation":90,"texture":"#0"},"down":{"uv":[0,0.6875,0.5,0.375],"rotation":90,"texture":"#0"}}},{"from":[8,16.9,8.5],"to":[8,22.9,15.5],"rotation":{"angle":22.5,"axis":"x","origin":[8,11.9,17]},"faces":{"north":{"uv":[0,10,0,0],"rotation":180,"texture":"#3"},"east":{"uv":[12,0,0,14],"rotation":270,"texture":"#3"},"south":{"uv":[0,0,0,10],"texture":"#3"},"west":{"uv":[0,0,12,14],"rotation":90,"texture":"#3"},"up":{"uv":[0,0,0,10],"rotation":180,"texture":"#3"},"down":{"uv":[0,0,0,10],"texture":"#3"}}},{"from":[8,16.9,0.5],"to":[8,22.9,7.5],"rotation":{"angle":-22.5,"axis":"x","origin":[8,11.9,-1]},"faces":{"north":{"uv":[0,0,0,10],"texture":"#3"},"east":{"uv":[12,14,0,0],"rotation":270,"texture":"#3"},"south":{"uv":[0,10,0,0],"rotation":180,"texture":"#3"},"west":{"uv":[0,14,12,0],"rotation":90,"texture":"#3"},"up":{"uv":[0,10,0,0],"rotation":180,"texture":"#3"},"down":{"uv":[0,10,0,0],"texture":"#3"}}},{"from":[6.85,14.10314,8.33279],"to":[9.15,16.60314,11.33279],"rotation":{"angle":-45,"axis":"x","origin":[8,17.93417,11.094]},"faces":{"north":{"uv":[0.525,0.375,0.8125,0.6875],"texture":"#0"},"east":{"uv":[0,0.6875,0.375,1],"texture":"#0"},"south":{"uv":[0.525,0.375,0.8125,0.6875],"texture":"#0"},"west":{"uv":[0.375,0.6875,0,1],"texture":"#0"},"up":{"uv":[0.375,1,0,1.2875],"rotation":90,"texture":"#0"},"down":{"uv":[0,1,0.375,1.2875],"rotation":90,"texture":"#0"}}},{"from":[7,15.34846,11.90862],"to":[9,18.34846,13.90862],"rotation":{"angle":0,"axis":"y","origin":[8,17.93417,11.094]},"faces":{"north":{"uv":[0.375,0.9375,0.75,1.1875],"rotation":270,"texture":"#0"},"east":{"uv":[0.375,0.6875,0.75,0.9375],"rotation":270,"texture":"#0"},"south":{"uv":[0.375,0.9375,0.75,1.1875],"rotation":270,"texture":"#0"},"west":{"uv":[0.375,0.9375,0.75,0.6875],"rotation":270,"texture":"#0"},"up":{"uv":[0.375,1.1875,0.625,1.4375],"texture":"#0"},"down":{"uv":[0.375,1.1875,0.625,1.4375],"texture":"#0"}}},{"from":[7.25,16.20939,11.85001],"to":[8.75,19.20939,13.35001],"rotation":{"angle":-45,"axis":"x","origin":[8,17.93417,11.094]},"faces":{"north":{"uv":[0.8125,0.375,1.1875,0.1875],"rotation":270,"texture":"#0"},"east":{"uv":[1.1875,0.1875,0.8125,0],"rotation":90,"texture":"#0"},"south":{"uv":[0.8125,0.375,1.1875,0.1875],"rotation":270,"texture":"#0"},"west":{"uv":[1.1875,0.1875,0.8125,0],"rotation":90,"texture":"#0"},"up":{"uv":[0,1.5,0.1875,1.3125],"texture":"#0"},"down":{"uv":[0,1.5,0.1875,1.3125],"texture":"#0"}}},{"from":[7.5,19.38842,10.81902],"to":[8.5,20.88842,11.81902],"rotation":{"angle":0,"axis":"y","origin":[8,17.93417,11.094]},"faces":{"north":{"uv":[0.9375,0.5625,0.8125,0.375],"texture":"#0"},"east":{"uv":[1.0625,0.5625,0.9375,0.375],"rotation":180,"texture":"#0"},"south":{"uv":[0.9375,0.5625,0.8125,0.375],"texture":"#0"},"west":{"uv":[0.9375,0.5625,1.0625,0.375],"rotation":180,"texture":"#0"},"up":{"uv":[0.9375,0.6875,0.8125,0.5625],"rotation":90,"texture":"#0"},"down":{"uv":[0.9375,0.6875,0.8125,0.5625],"rotation":90,"texture":"#0"}}},{"from":[7.55,20.48159,11.27923],"to":[8.45,21.68159,11.97923],"rotation":{"angle":22.5,"axis":"x","origin":[8,21.36428,11.806]},"faces":{"north":{"uv":[1.175,0.525,1.0625,0.375],"rotation":180,"texture":"#0"},"east":{"uv":[0.8625,0.6875,0.775,0.8375],"texture":"#0"},"south":{"uv":[1.0625,0.375,1.175,0.525],"texture":"#0"},"west":{"uv":[0.775,0.8375,0.8625,0.6875],"rotation":180,"texture":"#0"},"up":{"uv":[0.9625,0.5625,1.05,0.675],"rotation":270,"texture":"#0"},"down":{"uv":[0.9625,0.5625,1.05,0.675],"rotation":90,"texture":"#0"}}},{"from":[7.65,21.30781,11.5775],"to":[8.35,21.80781,12.5775],"rotation":{"angle":-22.5,"axis":"x","origin":[8,21.36428,11.806]},"faces":{"north":{"uv":[1.1,0.5625,1.1875,0.625],"texture":"#0"},"east":{"uv":[1,0.6875,0.875,0.75],"texture":"#0"},"south":{"uv":[1.1,0.5625,1.1875,0.625],"rotation":180,"texture":"#0"},"west":{"uv":[0.875,0.6875,1,0.75],"rotation":180,"texture":"#0"},"up":{"uv":[0.875,0.75,1,0.8375],"rotation":270,"texture":"#0"},"down":{"uv":[0.875,0.75,1,0.8375],"rotation":90,"texture":"#0"}}},{"from":[7.65,21.30781,3.4225],"to":[8.35,21.80781,4.4225],"rotation":{"angle":22.5,"axis":"x","origin":[8,21.36428,4.194]},"faces":{"north":{"uv":[1.1875,0.5625,1.1,0.625],"rotation":180,"texture":"#0"},"east":{"uv":[0.875,0.6875,1,0.75],"texture":"#0"},"south":{"uv":[1.1875,0.5625,1.1,0.625],"texture":"#0"},"west":{"uv":[1,0.6875,0.875,0.75],"rotation":180,"texture":"#0"},"up":{"uv":[1,0.75,0.875,0.8375],"rotation":270,"texture":"#0"},"down":{"uv":[1,0.75,0.875,0.8375],"rotation":90,"texture":"#0"}}},{"from":[7.55,20.48159,4.02077],"to":[8.45,21.68159,4.72077],"rotation":{"angle":-22.5,"axis":"x","origin":[8,21.36428,4.194]},"faces":{"north":{"uv":[1.175,0.375,1.0625,0.525],"texture":"#0"},"east":{"uv":[0.775,0.6875,0.8625,0.8375],"texture":"#0"},"south":{"uv":[1.0625,0.525,1.175,0.375],"rotation":180,"texture":"#0"},"west":{"uv":[0.8625,0.8375,0.775,0.6875],"rotation":180,"texture":"#0"},"up":{"uv":[1.05,0.5625,0.9625,0.675],"rotation":270,"texture":"#0"},"down":{"uv":[1.05,0.5625,0.9625,0.675],"rotation":90,"texture":"#0"}}},{"from":[7.5,19.38842,4.18098],"to":[8.5,20.88842,5.18098],"rotation":{"angle":0,"axis":"y","origin":[8,17.93417,4.906]},"faces":{"north":{"uv":[0.8125,0.5625,0.9375,0.375],"texture":"#0"},"east":{"uv":[0.9375,0.5625,1.0625,0.375],"rotation":180,"texture":"#0"},"south":{"uv":[0.8125,0.5625,0.9375,0.375],"texture":"#0"},"west":{"uv":[1.0625,0.5625,0.9375,0.375],"rotation":180,"texture":"#0"},"up":{"uv":[0.8125,0.6875,0.9375,0.5625],"rotation":90,"texture":"#0"},"down":{"uv":[0.8125,0.6875,0.9375,0.5625],"rotation":90,"texture":"#0"}}},{"from":[7.25,16.20939,2.64999],"to":[8.75,19.20939,4.14999],"rotation":{"angle":45,"axis":"x","origin":[8,17.93417,4.906]},"faces":{"north":{"uv":[0.8125,0.1875,1.1875,0.375],"rotation":270,"texture":"#0"},"east":{"uv":[1.1875,0,0.8125,0.1875],"rotation":90,"texture":"#0"},"south":{"uv":[0.8125,0.1875,1.1875,0.375],"rotation":270,"texture":"#0"},"west":{"uv":[1.1875,0,0.8125,0.1875],"rotation":90,"texture":"#0"},"up":{"uv":[0,1.3125,0.1875,1.5],"texture":"#0"},"down":{"uv":[0,1.3125,0.1875,1.5],"texture":"#0"}}},{"from":[7,15.34846,2.09138],"to":[9,18.34846,4.09138],"rotation":{"angle":0,"axis":"y","origin":[8,17.93417,4.906]},"faces":{"north":{"uv":[0.375,1.1875,0.75,0.9375],"rotation":270,"texture":"#0"},"east":{"uv":[0.375,0.9375,0.75,0.6875],"rotation":270,"texture":"#0"},"south":{"uv":[0.375,1.1875,0.75,0.9375],"rotation":270,"texture":"#0"},"west":{"uv":[0.375,0.6875,0.75,0.9375],"rotation":270,"texture":"#0"},"up":{"uv":[0.375,1.4375,0.625,1.1875],"texture":"#0"},"down":{"uv":[0.375,1.4375,0.625,1.1875],"texture":"#0"}}},{"from":[6.85,14.10314,4.66721],"to":[9.15,16.60314,7.66721],"rotation":{"angle":45,"axis":"x","origin":[8,17.93417,4.906]},"faces":{"north":{"uv":[0.8125,0.375,0.525,0.6875],"texture":"#0"},"east":{"uv":[0.375,0.6875,0,1],"texture":"#0"},"south":{"uv":[0.8125,0.375,0.525,0.6875],"texture":"#0"},"west":{"uv":[0,0.6875,0.375,1],"texture":"#0"},"up":{"uv":[0,1,0.375,1.2875],"rotation":90,"texture":"#0"},"down":{"uv":[0.375,1,0,1.2875],"rotation":90,"texture":"#0"}}},{"from":[7.6,10,10.2],"to":[8.4,10.5,11.2],"rotation":{"angle":-45,"axis":"x","origin":[8,11.53564,11.21336]},"faces":{"north":{"uv":[0.25,1.625,0.1875,1.5],"rotation":270,"texture":"#0"},"east":{"uv":[0,1.5,0.0625,1.625],"rotation":270,"texture":"#0"},"south":{"uv":[0.25,1.625,0.1875,1.5],"rotation":270,"texture":"#0"},"west":{"uv":[0.0625,1.5,0,1.625],"rotation":270,"texture":"#0"},"up":{"uv":[0.0625,1.5,0.1875,1.625],"rotation":180,"texture":"#0"},"down":{"uv":[0.0625,1.625,0.1875,1.5],"rotation":180,"texture":"#0"}}},{"from":[7.65,10.02699,11.1458],"to":[8.35,10.52699,12.1458],"rotation":{"angle":22.5,"axis":"x","origin":[8,11.53564,11.21336]},"faces":{"north":{"uv":[0.4125,1.5,0.5,1.5625],"texture":"#0"},"east":{"uv":[0.5,1.5,0.375,1.4375],"rotation":180,"texture":"#0"},"south":{"uv":[0.4125,1.5,0.5,1.5625],"texture":"#0"},"west":{"uv":[0.5,1.5,0.375,1.4375],"rotation":180,"texture":"#0"},"up":{"uv":[0.375,1.5875,0.25,1.5],"rotation":90,"texture":"#0"},"down":{"uv":[0.375,1.5875,0.25,1.5],"rotation":90,"texture":"#0"}}},{"from":[7.5,9.90065,11.14225],"to":[8.5,11.40065,12.14225],"rotation":{"angle":-45,"axis":"x","origin":[8,11.53564,11.21336]},"faces":{"north":{"uv":[1.1875,1.125,1,1.25],"rotation":270,"texture":"#0"},"east":{"uv":[1,1.375,0.8125,1.25],"rotation":270,"texture":"#0"},"south":{"uv":[1.1875,1.125,1,1.25],"rotation":270,"texture":"#0"},"west":{"uv":[1,1.25,0.8125,1.375],"rotation":270,"texture":"#0"},"up":{"uv":[1,1.375,1.125,1.25],"texture":"#0"},"down":{"uv":[1,1.375,1.125,1.25],"texture":"#0"}}},{"from":[7.25,11.40065,10.79225],"to":[8.75,12.90065,12.29225],"rotation":{"angle":-45,"axis":"x","origin":[8,11.53564,11.21336]},"faces":{"north":{"uv":[0.375,1.3125,0.1875,1.5],"rotation":270,"texture":"#0"},"east":{"uv":[1,1.25,0.8125,1.0625],"rotation":270,"texture":"#0"},"south":{"uv":[0.375,1.3125,0.1875,1.5],"rotation":270,"texture":"#0"},"west":{"uv":[1,1.0625,0.8125,1.25],"rotation":270,"texture":"#0"},"up":{"uv":[0.625,1.375,0.8125,1.1875],"texture":"#0"},"down":{"uv":[0.625,1.375,0.8125,1.1875],"texture":"#0"}}},{"from":[8,18,8],"to":[8,24,11],"rotation":{"angle":0,"axis":"y","origin":[8,5.5,6.375]},"faces":{"north":{"uv":[0,0,0,1.125],"rotation":180,"texture":"#missing"},"east":{"uv":[16,4.5625,15.625,5.3125],"rotation":180,"texture":"#0"},"south":{"uv":[0,0,0,1.125],"rotation":180,"texture":"#missing"},"west":{"uv":[15.625,4.5625,16,5.3125],"rotation":180,"texture":"#0"},"up":{"uv":[0,0,0,0.625],"texture":"#missing"},"down":{"uv":[0,0,0,0.625],"texture":"#missing"}}},{"from":[8,18,5],"to":[8,24,8],"rotation":{"angle":0,"axis":"y","origin":[8,5.5,9.625]},"faces":{"north":{"uv":[0,0,0,1.125],"rotation":180,"texture":"#missing"},"east":{"uv":[15.625,4.5625,16,5.3125],"rotation":180,"texture":"#0"},"south":{"uv":[0,0,0,1.125],"rotation":180,"texture":"#missing"},"west":{"uv":[16,4.5625,15.625,5.3125],"rotation":180,"texture":"#0"},"up":{"uv":[0,0.625,0,0],"texture":"#missing"},"down":{"uv":[0,0.625,0,0],"texture":"#missing"}}},{"from":[8,24,6.5],"to":[8,30,9.5],"rotation":{"angle":0,"axis":"y","origin":[8,5.5,6.375]},"faces":{"north":{"uv":[0,0,0,1.125],"rotation":180,"texture":"#missing"},"east":{"uv":[15.25,5.375,15.625,4.5625],"rotation":180,"texture":"#0"},"south":{"uv":[0,0,0,1.125],"rotation":180,"texture":"#missing"},"west":{"uv":[15.625,5.3125,15.25,4.5625],"rotation":180,"texture":"#0"},"up":{"uv":[0,0,0,0.625],"texture":"#missing"},"down":{"uv":[0,0,0,0.625],"texture":"#missing"}}},{"from":[6.75,12.00249,2.55256],"to":[9.25,15.00249,6.55256],"rotation":{"angle":-22.5,"axis":"x","origin":[8,16.93417,3.406]},"faces":{"north":{"uv":[0.8125,0.375,0.5,0],"texture":"#0"},"east":{"uv":[0.5,0.375,0,0],"texture":"#0"},"south":{"uv":[0.8125,0.375,0.5,0],"texture":"#0"},"west":{"uv":[0,0.375,0.5,0],"texture":"#0"},"up":{"uv":[0,0.6875,0.5,0.375],"rotation":90,"texture":"#0"},"down":{"uv":[0.5,0.6875,0,0.375],"rotation":90,"texture":"#0"}}},{"from":[7.25,11.40065,3.70775],"to":[8.75,12.90065,5.20775],"rotation":{"angle":45,"axis":"x","origin":[8,11.53564,4.78664]},"faces":{"north":{"uv":[0.375,1.5,0.1875,1.3125],"rotation":270,"texture":"#0"},"east":{"uv":[1,1.0625,0.8125,1.25],"rotation":270,"texture":"#0"},"south":{"uv":[0.375,1.5,0.1875,1.3125],"rotation":270,"texture":"#0"},"west":{"uv":[1,1.25,0.8125,1.0625],"rotation":270,"texture":"#0"},"up":{"uv":[0.625,1.1875,0.8125,1.375],"texture":"#0"},"down":{"uv":[0.625,1.1875,0.8125,1.375],"texture":"#0"}}},{"from":[7.5,9.90065,3.85775],"to":[8.5,11.40065,4.85775],"rotation":{"angle":45,"axis":"x","origin":[8,11.53564,4.78664]},"faces":{"north":{"uv":[1.1875,1.25,1,1.125],"rotation":270,"texture":"#0"},"east":{"uv":[1,1.25,0.8125,1.375],"rotation":270,"texture":"#0"},"south":{"uv":[1.1875,1.25,1,1.125],"rotation":270,"texture":"#0"},"west":{"uv":[1,1.375,0.8125,1.25],"rotation":270,"texture":"#0"},"up":{"uv":[1,1.25,1.125,1.375],"texture":"#0"},"down":{"uv":[1,1.25,1.125,1.375],"texture":"#0"}}},{"from":[7.6,10,4.8],"to":[8.4,10.5,5.8],"rotation":{"angle":45,"axis":"x","origin":[8,11.53564,4.78664]},"faces":{"north":{"uv":[0.25,1.5,0.1875,1.625],"rotation":270,"texture":"#0"},"east":{"uv":[0,1.625,0.0625,1.5],"rotation":270,"texture":"#0"},"south":{"uv":[0.25,1.5,0.1875,1.625],"rotation":270,"texture":"#0"},"west":{"uv":[0.0625,1.625,0,1.5],"rotation":270,"texture":"#0"},"up":{"uv":[0.0625,1.625,0.1875,1.5],"rotation":180,"texture":"#0"},"down":{"uv":[0.0625,1.5,0.1875,1.625],"rotation":180,"texture":"#0"}}},{"from":[7.65,10.02699,3.8542],"to":[8.35,10.52699,4.8542],"rotation":{"angle":-22.5,"axis":"x","origin":[8,11.53564,4.78664]},"faces":{"north":{"uv":[0.5,1.5,0.4125,1.5625],"texture":"#0"},"east":{"uv":[0.375,1.5,0.5,1.4375],"rotation":180,"texture":"#0"},"south":{"uv":[0.5,1.5,0.4125,1.5625],"texture":"#0"},"west":{"uv":[0.375,1.5,0.5,1.4375],"rotation":180,"texture":"#0"},"up":{"uv":[0.25,1.5875,0.375,1.5],"rotation":90,"texture":"#0"},"down":{"uv":[0.25,1.5875,0.375,1.5],"rotation":90,"texture":"#0"}}},{"from":[8,-14,11],"to":[8,-7,17],"rotation":{"angle":45,"axis":"x","origin":[8,-5.5,4]},"faces":{"north":{"uv":[0,10,0,0],"texture":"#3"},"east":{"uv":[12,14,0,0],"texture":"#3"},"south":{"uv":[0,10,0,0],"texture":"#3"},"west":{"uv":[0,14,12,0],"texture":"#3"},"up":{"uv":[0,10,0,0],"texture":"#3"},"down":{"uv":[0,0,0,10],"texture":"#3"}}},{"from":[7,4.5,7],"to":[9,7.5,9],"rotation":{"angle":0,"axis":"y","origin":[8,4.31499,8]},"faces":{"north":{"uv":[1.625,1.9375,1.875,1.5625],"texture":"#0"},"east":{"uv":[1.625,1.9375,1.875,1.5625],"texture":"#0"},"south":{"uv":[1.625,1.9375,1.875,1.5625],"texture":"#0"},"west":{"uv":[1.625,1.9375,1.875,1.5625],"texture":"#0"},"up":{"uv":[1.375,1.5625,1.625,1.8125],"texture":"#0"},"down":{"uv":[1.375,1.5625,1.625,1.8125],"texture":"#0"}}},{"from":[7,8,7],"to":[9,11,9],"rotation":{"angle":0,"axis":"y","origin":[8,4.31499,8]},"faces":{"north":{"uv":[1.625,1.9375,1.875,1.5625],"texture":"#0"},"east":{"uv":[1.625,1.9375,1.875,1.5625],"texture":"#0"},"south":{"uv":[1.625,1.9375,1.875,1.5625],"texture":"#0"},"west":{"uv":[1.625,1.9375,1.875,1.5625],"texture":"#0"},"up":{"uv":[1.375,1.5625,1.625,1.8125],"texture":"#0"},"down":{"uv":[1.375,1.5625,1.625,1.8125],"texture":"#0"}}},{"from":[7,1,7],"to":[9,4,9],"rotation":{"angle":0,"axis":"y","origin":[8,4.31499,8]},"faces":{"north":{"uv":[1.625,1.9375,1.875,1.5625],"texture":"#0"},"east":{"uv":[1.625,1.9375,1.875,1.5625],"texture":"#0"},"south":{"uv":[1.625,1.9375,1.875,1.5625],"texture":"#0"},"west":{"uv":[1.625,1.9375,1.875,1.5625],"texture":"#0"},"up":{"uv":[1.375,1.5625,1.625,1.8125],"texture":"#0"},"down":{"uv":[1.375,1.5625,1.625,1.8125],"texture":"#0"}}},{"from":[7.75,18.5,5.6],"to":[8.25,19.5,6.1],"rotation":{"angle":22.5,"axis":"x","origin":[8,18.275,6.425]},"faces":{"north":{"uv":[1.25,1.3125,1.125,1.25],"rotation":90,"texture":"#0"},"east":{"uv":[1.25,1.3125,1.125,1.25],"rotation":90,"texture":"#0"},"south":{"uv":[1.25,1.3125,1.125,1.25],"rotation":90,"texture":"#0"},"west":{"uv":[1.25,1.3125,1.125,1.25],"rotation":90,"texture":"#0"},"up":{"uv":[1.25,1.25,1.3125,1.3125],"texture":"#0"},"down":{"uv":[1.25,1.25,1.3125,1.3125],"texture":"#0"}}},{"from":[7.6,17.68188,5.47426],"to":[8.4,19.18188,6.47426],"rotation":{"angle":-22.5,"axis":"x","origin":[8,18.275,6.425]},"faces":{"north":{"uv":[1.4375,1.1,1.25,1],"rotation":90,"texture":"#0"},"east":{"uv":[1.25,1,1.4375,0.875],"rotation":270,"texture":"#0"},"south":{"uv":[1.4375,1.1,1.25,1],"rotation":270,"texture":"#0"},"west":{"uv":[1.4375,1,1.25,0.875],"rotation":90,"texture":"#0"},"up":{"uv":[1.2125,1.125,1.3125,1.25],"texture":"#0"},"down":{"uv":[1.2125,1.125,1.3125,1.25],"rotation":180,"texture":"#0"}}},{"from":[7.5,16.8,6],"to":[8.5,18.3,8],"rotation":{"angle":22.5,"axis":"x","origin":[8,18.275,6.425]},"faces":{"north":{"uv":[0.625,1.625,0.5,1.4375],"texture":"#0"},"east":{"uv":[0.625,1.5625,0.875,1.375],"texture":"#0"},"south":{"uv":[0.625,1.625,0.5,1.4375],"texture":"#0"},"west":{"uv":[0.875,1.5625,0.625,1.375],"texture":"#0"},"up":{"uv":[0.875,1.375,1.125,1.5],"rotation":90,"texture":"#0"},"down":{"uv":[0.875,1.375,1.125,1.5],"rotation":90,"texture":"#0"}}},{"from":[6.75,11.48922,-5.80421],"to":[9.25,13.48922,-3.80421],"rotation":{"angle":45,"axis":"x","origin":[8,-0.31499,8]},"faces":{"north":{"uv":[1.6875,0.25,1.4375,0.5],"texture":"#0"},"east":{"uv":[1.6875,0.25,1.4375,0],"texture":"#0"},"south":{"uv":[1.6875,0.75,1.4375,0.5],"texture":"#0"},"west":{"uv":[1.6875,0.25,1.4375,0],"texture":"#0"},"up":{"uv":[1.6875,0.75,1.4375,0.5],"texture":"#0"},"down":{"uv":[1.6875,0.5,1.4375,0.25],"texture":"#0"}}},{"from":[7.5,16.8,8],"to":[8.5,18.3,10],"rotation":{"angle":-22.5,"axis":"x","origin":[8,18.275,9.575]},"faces":{"north":{"uv":[0.5,1.625,0.625,1.4375],"texture":"#0"},"east":{"uv":[0.875,1.5625,0.625,1.375],"texture":"#0"},"south":{"uv":[0.5,1.625,0.625,1.4375],"texture":"#0"},"west":{"uv":[0.625,1.5625,0.875,1.375],"texture":"#0"},"up":{"uv":[1.125,1.375,0.875,1.5],"rotation":90,"texture":"#0"},"down":{"uv":[1.125,1.375,0.875,1.5],"rotation":90,"texture":"#0"}}},{"from":[7.6,17.68188,9.52574],"to":[8.4,19.18188,10.52574],"rotation":{"angle":22.5,"axis":"x","origin":[8,18.275,9.575]},"faces":{"north":{"uv":[1.4375,1,1.25,1.1],"rotation":270,"texture":"#0"},"east":{"uv":[1.25,0.875,1.4375,1],"rotation":270,"texture":"#0"},"south":{"uv":[1.4375,1,1.25,1.1],"rotation":90,"texture":"#0"},"west":{"uv":[1.4375,0.875,1.25,1],"rotation":90,"texture":"#0"},"up":{"uv":[1.2125,1.25,1.3125,1.125],"texture":"#0"},"down":{"uv":[1.2125,1.25,1.3125,1.125],"rotation":180,"texture":"#0"}}},{"from":[7.75,18.5,9.9],"to":[8.25,19.5,10.4],"rotation":{"angle":-22.5,"axis":"x","origin":[8,18.275,9.575]},"faces":{"north":{"uv":[1.25,1.25,1.125,1.3125],"rotation":90,"texture":"#0"},"east":{"uv":[1.25,1.25,1.125,1.3125],"rotation":90,"texture":"#0"},"south":{"uv":[1.25,1.25,1.125,1.3125],"rotation":90,"texture":"#0"},"west":{"uv":[1.25,1.25,1.125,1.3125],"rotation":90,"texture":"#0"},"up":{"uv":[1.25,1.3125,1.3125,1.25],"texture":"#0"},"down":{"uv":[1.25,1.3125,1.3125,1.25],"texture":"#0"}}},{"from":[5.8,14.5,3],"to":[5.8,23.5,8],"faces":{"north":{"uv":[0,0,0,9],"texture":"#1"},"east":{"uv":[5,0,0,9],"texture":"#1"},"south":{"uv":[0,0,0,9],"texture":"#1"},"west":{"uv":[0,0,5,9],"texture":"#1"},"up":{"uv":[0,5,0,0],"texture":"#1"},"down":{"uv":[0,0,0,5],"texture":"#1"}}},{"from":[10.2,14.5,3],"to":[10.2,23.5,8],"rotation":{"angle":0,"axis":"y","origin":[16,0,0]},"faces":{"north":{"uv":[0,0,0,9],"texture":"#1"},"east":{"uv":[5,0,0,9],"texture":"#1"},"south":{"uv":[0,0,0,9],"texture":"#1"},"west":{"uv":[0,0,5,9],"texture":"#1"},"up":{"uv":[0,5,0,0],"texture":"#1"},"down":{"uv":[0,0,0,5],"texture":"#1"}}},{"from":[7.75,15.26185,13.67603],"to":[8.25,16.26185,14.17603],"rotation":{"angle":-22.5,"axis":"x","origin":[8,14.49536,12.62293]},"faces":{"north":{"uv":[1.375,1.5625,1.5,1.5],"rotation":90,"texture":"#0"},"east":{"uv":[1.375,1.5625,1.5,1.5],"rotation":90,"texture":"#0"},"south":{"uv":[1.375,1.5625,1.5,1.5],"rotation":270,"texture":"#0"},"west":{"uv":[1.375,1.5625,1.5,1.5],"rotation":270,"texture":"#0"},"up":{"uv":[1.3625,1.5,1.3,1.5625],"rotation":180,"texture":"#0"},"down":{"uv":[1.3625,1.5,1.3,1.5625],"texture":"#0"}}},{"from":[7.6,14.58208,13.40611],"to":[8.4,16.08208,14.40611],"rotation":{"angle":0,"axis":"y","origin":[8,14.59536,13.02293]},"faces":{"north":{"uv":[1.5,1.5375,1.6875,1.4375],"rotation":270,"texture":"#0"},"east":{"uv":[1.5,1.4375,1.6875,1.3125],"rotation":270,"texture":"#0"},"south":{"uv":[1.5,1.5375,1.6875,1.4375],"rotation":270,"texture":"#0"},"west":{"uv":[1.5,1.4375,1.6875,1.3125],"rotation":270,"texture":"#0"},"up":{"uv":[1.6875,1.1875,1.5875,1.3125],"rotation":180,"texture":"#0"},"down":{"uv":[1.6875,1.1875,1.5875,1.3125],"rotation":180,"texture":"#0"}}},{"from":[7.5,13.69503,12.94434],"to":[8.5,15.69503,14.44434],"rotation":{"angle":45,"axis":"x","origin":[8,14.59536,13.02293]},"faces":{"north":{"uv":[1.3125,1.3125,1.5625,1.1875],"rotation":270,"texture":"#0"},"east":{"uv":[1.375,1.3125,1.125,1.5],"rotation":90,"texture":"#0"},"south":{"uv":[1.3125,1.3125,1.5625,1.1875],"rotation":270,"texture":"#0"},"west":{"uv":[1.375,1.3125,1.125,1.5],"rotation":90,"texture":"#0"},"up":{"uv":[1.5,1.3125,1.375,1.5],"rotation":180,"texture":"#0"},"down":{"uv":[1.5,1.3125,1.375,1.5],"rotation":180,"texture":"#0"}}},{"from":[7.35,12.90354,10.65014],"to":[8.65,14.90354,13.15014],"rotation":{"angle":-22.5,"axis":"x","origin":[8,14.59536,13.02293]},"faces":{"north":{"uv":[3.0625,0.5,2.875,0.75],"rotation":180,"texture":"#0"},"east":{"uv":[2.875,0.75,2.5625,1],"rotation":180,"texture":"#0"},"south":{"uv":[3.0625,0.5,2.875,0.75],"rotation":180,"texture":"#0"},"west":{"uv":[2.875,0.75,2.5625,1],"rotation":180,"texture":"#0"},"up":{"uv":[2.875,1,2.5625,1.1875],"rotation":90,"texture":"#0"},"down":{"uv":[2.875,1,2.5625,1.1875],"rotation":90,"texture":"#0"}}},{"from":[7.6,14.58208,1.59389],"to":[8.4,16.08208,2.59389],"rotation":{"angle":0,"axis":"y","origin":[8,14.59536,2.97707]},"faces":{"north":{"uv":[1.5,1.4375,1.6875,1.5375],"rotation":270,"texture":"#0"},"east":{"uv":[1.5,1.3125,1.6875,1.4375],"rotation":270,"texture":"#0"},"south":{"uv":[1.5,1.4375,1.6875,1.5375],"rotation":270,"texture":"#0"},"west":{"uv":[1.5,1.3125,1.6875,1.4375],"rotation":270,"texture":"#0"},"up":{"uv":[1.6875,1.3125,1.5875,1.1875],"rotation":180,"texture":"#0"},"down":{"uv":[1.6875,1.3125,1.5875,1.1875],"rotation":180,"texture":"#0"}}},{"from":[7.5,13.69503,1.55566],"to":[8.5,15.69503,3.05566],"rotation":{"angle":-45,"axis":"x","origin":[8,14.59536,2.97707]},"faces":{"north":{"uv":[1.3125,1.1875,1.5625,1.3125],"rotation":270,"texture":"#0"},"east":{"uv":[1.375,1.5,1.125,1.3125],"rotation":90,"texture":"#0"},"south":{"uv":[1.3125,1.1875,1.5625,1.3125],"rotation":270,"texture":"#0"},"west":{"uv":[1.375,1.5,1.125,1.3125],"rotation":90,"texture":"#0"},"up":{"uv":[1.5,1.5,1.375,1.3125],"rotation":180,"texture":"#0"},"down":{"uv":[1.5,1.5,1.375,1.3125],"rotation":180,"texture":"#0"}}},{"from":[7.35,12.90354,2.84986],"to":[8.65,14.90354,5.34986],"rotation":{"angle":22.5,"axis":"x","origin":[8,14.59536,2.97707]},"faces":{"north":{"uv":[2.875,0.5,3.0625,0.75],"rotation":180,"texture":"#0"},"east":{"uv":[2.5625,0.75,2.875,1],"rotation":180,"texture":"#0"},"south":{"uv":[2.875,0.5,3.0625,0.75],"rotation":180,"texture":"#0"},"west":{"uv":[2.5625,0.75,2.875,1],"rotation":180,"texture":"#0"},"up":{"uv":[2.5625,1,2.875,1.1875],"rotation":90,"texture":"#0"},"down":{"uv":[2.5625,1,2.875,1.1875],"rotation":90,"texture":"#0"}}},{"from":[7.25,11.5,10.31029],"to":[8.75,12.5,12.31029],"rotation":{"angle":45,"axis":"x","origin":[8,10.59865,13.44379]},"faces":{"north":{"uv":[0.25,1.625,0.4375,1.75],"texture":"#0"},"east":{"uv":[0,1.625,0.25,1.75],"texture":"#0"},"south":{"uv":[0.25,1.625,0.4375,1.75],"texture":"#0"},"west":{"uv":[0,1.625,0.25,1.75],"texture":"#0"},"up":{"uv":[0,1.75,0.1875,2],"texture":"#0"},"down":{"uv":[0,1.75,0.1875,2],"texture":"#0"}}},{"from":[7.5,10.73214,12.63155],"to":[8.5,12.73214,14.13155],"rotation":{"angle":0,"axis":"y","origin":[8,12.73214,14.68155]},"faces":{"north":{"uv":[0.375,1.75,0.625,1.875],"rotation":90,"texture":"#0"},"east":{"uv":[0,1.75,0.1875,2],"texture":"#0"},"south":{"uv":[0.375,1.75,0.625,1.875],"rotation":90,"texture":"#0"},"west":{"uv":[0,1.75,0.1875,2],"rotation":180,"texture":"#0"},"up":{"uv":[0.25,1.625,0.4375,1.75],"rotation":90,"texture":"#0"},"down":{"uv":[0.25,1.625,0.4375,1.75],"rotation":90,"texture":"#0"}}},{"from":[7.25,9.4,12.88155],"to":[8.75,11.4,13.88155],"rotation":{"angle":0,"axis":"y","origin":[8,10.03214,13.38155]},"faces":{"north":{"uv":[0.1875,1.75,0.375,2],"rotation":180,"texture":"#0"},"east":{"uv":[0.4375,1.625,0.6875,1.75],"rotation":270,"texture":"#0"},"south":{"uv":[0.1875,1.75,0.375,2],"rotation":180,"texture":"#0"},"west":{"uv":[0.4375,1.625,0.6875,1.75],"rotation":270,"texture":"#0"},"up":{"uv":[0.25,1.625,0.4375,1.75],"rotation":180,"texture":"#0"},"down":{"uv":[0.6875,1.625,0.875,1.75],"rotation":180,"texture":"#0"}}},{"from":[8,7.3,11.7],"to":[8,10.3,14.7],"rotation":{"angle":0,"axis":"y","origin":[0,6,16.1]},"faces":{"north":{"uv":[0,0,0,0.375],"texture":"#missing"},"east":{"uv":[14.125,2.5625,13.75,2.9375],"texture":"#0"},"south":{"uv":[0,0,0,0.375],"texture":"#missing"},"west":{"uv":[14.125,2.5625,13.75,2.9375],"texture":"#0"},"up":{"uv":[0,0.375,0,0],"texture":"#missing"},"down":{"uv":[0,0.375,0,0],"texture":"#missing"}}},{"from":[7.25,11.5,3.68971],"to":[8.75,12.5,5.68971],"rotation":{"angle":-45,"axis":"x","origin":[8,10.59865,2.55621]},"faces":{"north":{"uv":[0.4375,1.625,0.25,1.75],"texture":"#0"},"east":{"uv":[0.25,1.625,0,1.75],"texture":"#0"},"south":{"uv":[0.4375,1.625,0.25,1.75],"texture":"#0"},"west":{"uv":[0.25,1.625,0,1.75],"texture":"#0"},"up":{"uv":[0,2,0.1875,1.75],"texture":"#0"},"down":{"uv":[0,2,0.1875,1.75],"texture":"#0"}}},{"from":[7.5,11.03214,1.86845],"to":[8.5,13.03214,3.36845],"rotation":{"angle":0,"axis":"y","origin":[8,12.73214,1.31845]},"faces":{"north":{"uv":[0,1.75,0.25,1.625],"rotation":90,"texture":"#0"},"east":{"uv":[0.1875,1.75,0,2],"texture":"#0"},"south":{"uv":[0,1.75,0.25,1.625],"rotation":270,"texture":"#0"},"west":{"uv":[0.1875,1.75,0,2],"rotation":180,"texture":"#0"},"up":{"uv":[0.4375,1.625,0.25,1.75],"rotation":90,"texture":"#0"},"down":{"uv":[0.4375,1.625,0.25,1.75],"rotation":90,"texture":"#0"}}},{"from":[7.25,9.7,2.11845],"to":[8.75,11.7,3.11845],"rotation":{"angle":0,"axis":"y","origin":[8,10.03214,2.61845]},"faces":{"north":{"uv":[0.1875,1.75,0,2],"rotation":180,"texture":"#0"},"east":{"uv":[0.375,1.875,0.625,1.75],"rotation":270,"texture":"#0"},"south":{"uv":[0.1875,1.75,0,2],"texture":"#0"},"west":{"uv":[0.375,1.875,0.625,1.75],"rotation":270,"texture":"#0"},"up":{"uv":[0.25,1.75,0.4375,1.625],"texture":"#0"},"down":{"uv":[0.25,1.75,0.4375,1.625],"rotation":180,"texture":"#0"}}},{"from":[8,7.5,1.3],"to":[8,10.5,4.3],"rotation":{"angle":0,"axis":"y","origin":[0,6,-0.1]},"faces":{"north":{"uv":[0,0,0,0.375],"texture":"#missing"},"east":{"uv":[13.75,2.5625,14.125,2.9375],"texture":"#0"},"south":{"uv":[0,0,0,0.375],"texture":"#missing"},"west":{"uv":[13.75,2.5625,14.125,2.9375],"texture":"#0"},"up":{"uv":[0,0,0,0.375],"texture":"#missing"},"down":{"uv":[0,0,0,0.375],"texture":"#missing"}}}],"gui_light":"front","display":{"thirdperson_righthand":{"translation":[0,8.75,1.5],"scale":[0.7,0.7,0.7]},"thirdperson_lefthand":{"translation":[0,8.75,1.5],"scale":[0.7,0.7,0.7]},"firstperson_righthand":{"rotation":[5,0,0],"translation":[4,5.25,0],"scale":[0.36289,0.36289,0.36289]},"firstperson_lefthand":{"rotation":[5,0,0],"translation":[4,5.25,0],"scale":[0.36289,0.36289,0.36289]},"ground":{"rotation":[-45,0,0],"translation":[0,9,0],"scale":[0.45,0.45,0.45]},"gui":{"rotation":[-90,-45,-90],"translation":[0.5,0.5,-1.5],"scale":[0.45703,0.45703,0.45703]},"head":{"scale":[0,0,0]},"fixed":{"rotation":[0,-90,0],"translation":[0.5,12.75,-3],"scale":[1.6,1.6,1.6]}},"groups":[0,1,2,3,4,5,6,7,8,9,10,11,{"name":"group","origin":[8.5,-4.81499,8],"color":0,"children":[{"name":"group","origin":[8.5,-4.81499,8],"color":0,"children":[]}]},12,13,14,15,16,17,18,19,20,21,{"name":"group","origin":[16,12,0],"color":0,"children":[22,23,24,25,26,27,28,29,30,31,32,33,34,35,36,37,38,39,40,41,42,43,44,45,46,47,48,49,50,51,52,53,54,55,56,57,58,59,60,61]},62,63,64,65,66,67,68,69,70,71,72,73,74,75,76,77,78,79,80,81,82,83,84,85,86,87,88,89]}