{"credit":"Made with Blockbench, Model By Dr.Phil#0698/Voogle/Vooogle","textures":{"0":"universalfurniture:block/planks/jungle_planks","particle":"universalfurniture:block/planks/jungle_planks"},"elements":[{"from":[0,0,7.5],"to":[2,16,9.5],"faces":{"north":{"uv":[0,0,2,16],"texture":"#0"},"east":{"uv":[0,0,2,16],"texture":"#0"},"south":{"uv":[0,0,2,16],"texture":"#0"},"west":{"uv":[0,0,2,16],"texture":"#0"},"up":{"uv":[0,0,2,2],"texture":"#0"},"down":{"uv":[0,0,2,2],"texture":"#0"}}},{"from":[7,2,7.5],"to":[9,14,9.5],"faces":{"north":{"uv":[0,0,2,12],"texture":"#0"},"east":{"uv":[0,0,2,12],"texture":"#0"},"south":{"uv":[0,0,2,12],"texture":"#0"},"west":{"uv":[0,0,2,12],"texture":"#0"},"up":{"uv":[0,0,2,2],"texture":"#0"},"down":{"uv":[0,0,2,2],"texture":"#0"}}},{"from":[2,7,7.5],"to":[7,9,9.5],"faces":{"north":{"uv":[0,0,5,2],"texture":"#0"},"east":{"uv":[0,0,2,2],"texture":"#0"},"south":{"uv":[0,0,5,2],"texture":"#0"},"west":{"uv":[0,0,2,2],"texture":"#0"},"up":{"uv":[0,0,5,2],"texture":"#0"},"down":{"uv":[0,0,5,2],"texture":"#0"}}},{"from":[9,7,7.5],"to":[14,9,9.5],"faces":{"north":{"uv":[0,0,5,2],"texture":"#0"},"east":{"uv":[0,0,2,2],"texture":"#0"},"south":{"uv":[0,0,5,2],"texture":"#0"},"west":{"uv":[0,0,2,2],"texture":"#0"},"up":{"uv":[0,0,5,2],"texture":"#0"},"down":{"uv":[0,0,5,2],"texture":"#0"}}},{"from":[14,0,7.5],"to":[16,16,9.5],"faces":{"north":{"uv":[0,0,2,16],"texture":"#0"},"east":{"uv":[0,0,2,16],"texture":"#0"},"south":{"uv":[0,0,2,16],"texture":"#0"},"west":{"uv":[0,0,2,16],"texture":"#0"},"up":{"uv":[0,0,2,2],"texture":"#0"},"down":{"uv":[0,0,2,2],"texture":"#0"}}},{"from":[2,0,7.5],"to":[14,2,9.5],"faces":{"north":{"uv":[0,0,12,2],"texture":"#0"},"east":{"uv":[0,0,2,2],"texture":"#0"},"south":{"uv":[0,0,12,2],"texture":"#0"},"west":{"uv":[0,0,2,2],"texture":"#0"},"up":{"uv":[0,0,12,2],"texture":"#0"},"down":{"uv":[0,0,12,2],"texture":"#0"}}},{"from":[2,14,7.5],"to":[14,16,9.5],"faces":{"north":{"uv":[0,0,12,2],"texture":"#0"},"east":{"uv":[0,0,2,2],"texture":"#0"},"south":{"uv":[0,0,12,2],"texture":"#0"},"west":{"uv":[0,0,2,2],"texture":"#0"},"up":{"uv":[0,0,12,2],"texture":"#0"},"down":{"uv":[0,0,12,2],"texture":"#0"}}}],"gui_light":"front","display":{"thirdperson_righthand":{"translation":[0,1,0.5],"scale":[0.17,0.17,0.17]},"thirdperson_lefthand":{"scale":[0.17,0.17,0.17]},"firstperson_righthand":{"translation":[1,4.25,1],"scale":[0.35,0.35,0.35]},"firstperson_lefthand":{"translation":[3.5,3,-2],"scale":[0.48,0.48,0.48]},"ground":{"scale":[0.26,0.26,0.26]},"head":{"translation":[0,0,-5.75],"scale":[1.07,1.07,1.07]},"fixed":{"translation":[0,0,15],"scale":[2.03,2.03,2.1]}}}