{"credit":"Made with Blockbench","parent":"universalfurniture","textures":{"0":"universalfurniture:block/planks/warped_planks","particle":"universalfurniture:block/planks/warped_planks"},"elements":[{"from":[-0.025,-0.025,18.975],"to":[3.025,13.025,22.025],"faces":{"north":{"uv":[0,0,3,13],"texture":"#0"},"east":{"uv":[0,0,3,13],"texture":"#0"},"south":{"uv":[0,0,3,13],"texture":"#0"},"west":{"uv":[0,0,3,13],"texture":"#0"},"up":{"uv":[0,0,3,13],"texture":"#0"},"down":{"uv":[0,0,3,3],"texture":"#0"}}},{"from":[12.975,-0.025,18.975],"to":[16.025,13.025,22.025],"faces":{"north":{"uv":[0,0,3,13],"texture":"#0"},"east":{"uv":[0,0,3,13],"texture":"#0"},"south":{"uv":[0,0,3,13],"texture":"#0"},"west":{"uv":[0,0,3,13],"texture":"#0"},"up":{"uv":[0,0,3,13],"texture":"#0"},"down":{"uv":[0,0,3,13],"texture":"#0"}}},{"from":[-1.025,12.975,18.975],"to":[8.025,15.025,22.025],"faces":{"north":{"uv":[0,0,9,2],"texture":"#0"},"east":{"uv":[0,0,9,2],"texture":"#0"},"south":{"uv":[0,0,9,2],"texture":"#0"},"west":{"uv":[0,0,9,2],"texture":"#0"},"up":{"uv":[0,0,9,2],"texture":"#0"},"down":{"uv":[0,0,9,2],"texture":"#0"}}},{"from":[7.975,12.975,18.975],"to":[17.025,15.025,22.025],"faces":{"north":{"uv":[0,0,9,2],"texture":"#0"},"east":{"uv":[0,0,9,2],"texture":"#0"},"south":{"uv":[0,0,9,2],"texture":"#0"},"west":{"uv":[0,0,9,2],"texture":"#0"},"up":{"uv":[0,0,9,2],"texture":"#0"},"down":{"uv":[0,0,9,2],"texture":"#0"}}},{"from":[7.975,15.975,-10.025],"to":[17.025,18.025,-6.975],"faces":{"north":{"uv":[0,0,9,2],"texture":"#0"},"east":{"uv":[0,0,9,2],"texture":"#0"},"south":{"uv":[0,0,9,2],"texture":"#0"},"west":{"uv":[0,0,9,2],"texture":"#0"},"up":{"uv":[0,0,9,2],"texture":"#0"},"down":{"uv":[0,0,9,2],"texture":"#0"}}},{"from":[-1.025,15.975,-10.025],"to":[8.025,18.025,-6.975],"faces":{"north":{"uv":[0,0,9,2],"texture":"#0"},"east":{"uv":[0,0,9,2],"texture":"#0"},"south":{"uv":[0,0,9,2],"texture":"#0"},"west":{"uv":[0,0,9,2],"texture":"#0"},"up":{"uv":[0,0,9,2],"texture":"#0"},"down":{"uv":[0,0,9,2],"texture":"#0"}}},{"from":[2.975,9.975,18.975],"to":[13.025,12.025,22.025],"faces":{"north":{"uv":[0,0,10,2],"texture":"#0"},"east":{"uv":[0,0,10,2],"texture":"#0"},"south":{"uv":[0,0,10,2],"texture":"#0"},"west":{"uv":[0,0,10,2],"texture":"#0"},"up":{"uv":[0,0,10,2],"texture":"#0"},"down":{"uv":[0,0,10,2],"texture":"#0"}}},{"from":[2.975,12.975,-10.025],"to":[13.025,15.025,-6.975],"faces":{"north":{"uv":[0,0,10,2],"texture":"#0"},"east":{"uv":[0,0,10,2],"texture":"#0"},"south":{"uv":[0,0,10,2],"texture":"#0"},"west":{"uv":[0,0,10,2],"texture":"#0"},"up":{"uv":[0,0,10,2],"texture":"#0"},"down":{"uv":[0,0,10,2],"texture":"#0"}}},{"from":[2.975,9.975,-10.025],"to":[13.025,12.025,-6.975],"faces":{"north":{"uv":[0,0,10,2],"texture":"#0"},"east":{"uv":[0,0,10,2],"texture":"#0"},"south":{"uv":[0,0,10,2],"texture":"#0"},"west":{"uv":[0,0,10,2],"texture":"#0"},"up":{"uv":[0,0,10,2],"texture":"#0"},"down":{"uv":[0,0,10,2],"texture":"#0"}}},{"from":[-0.05,2.95,-10.05],"to":[16.05,5.05,6.05],"faces":{"north":{"uv":[0,0,16,2],"texture":"#0"},"east":{"uv":[0,0,16,2],"texture":"#0"},"south":{"uv":[0,0,16,2],"texture":"#0"},"west":{"uv":[0,0,16,2],"texture":"#0"},"up":{"uv":[0,0,16,16],"texture":"#0"},"down":{"uv":[0,0,16,16],"texture":"#0"}}},{"from":[-0.05,2.95,5.95],"to":[16.05,5.05,22.05],"faces":{"north":{"uv":[0,0,16,2],"texture":"#0"},"east":{"uv":[0,0,16,2],"texture":"#0"},"south":{"uv":[0,0,16,2],"texture":"#0"},"west":{"uv":[0,0,16,2],"texture":"#0"},"up":{"uv":[0,0,16,16],"texture":"#0"},"down":{"uv":[0,0,16,16],"texture":"#0"}}},{"from":[-0.025,-0.025,-10.025],"to":[3.025,16.025,-6.975],"faces":{"north":{"uv":[0,0,3,16],"texture":"#0"},"east":{"uv":[0,0,3,16],"texture":"#0"},"south":{"uv":[0,0,3,16],"texture":"#0"},"west":{"uv":[0,0,3,16],"texture":"#0"},"up":{"uv":[0,0,3,16],"texture":"#0"},"down":{"uv":[0,0,3,3],"texture":"#0"}}},{"from":[12.975,-0.025,-10.025],"to":[16.025,16.025,-6.975],"faces":{"north":{"uv":[0,0,3,16],"texture":"#0"},"east":{"uv":[0,0,3,16],"texture":"#0"},"south":{"uv":[0,0,3,16],"texture":"#0"},"west":{"uv":[0,0,3,16],"texture":"#0"},"up":{"uv":[0,0,3,16],"texture":"#0"},"down":{"uv":[0,0,3,3],"texture":"#0"}}}],"display":{"thirdperson_righthand":{"translation":[0,1.5,0],"scale":[0.14,0.14,0.14]},"thirdperson_lefthand":{"translation":[0,1,0],"scale":[0.14,0.14,0.14]},"firstperson_righthand":{"translation":[0,3.5,0],"scale":[0.24,0.24,0.24]},"firstperson_lefthand":{"translation":[0,3.75,0],"scale":[0.27,0.27,0.27]},"ground":{"scale":[0.29,0.29,0.29]},"gui":{"rotation":[14,-30,0],"translation":[-0.5,-0.75,0],"scale":[0.48,0.48,0.48]},"fixed":{"rotation":[0,180,0],"translation":[0,0,28],"scale":[2,2,2]}}}