{"credit":"Made by PolygonMC","texture_size":[8,8],"textures":{"1":"arcanistset:animations/animations_3","2":"arcanistset:animations/animations_4","3":"arcanistset:wings","particle":"arcanistset:animations/animations_3"},"elements":[{"from":[7.75,7.51092,5.7675],"to":[9.5,9.26092,7.2675],"rotation":{"angle":-45,"axis":"z","origin":[9.5,7.51092,6.0175]},"faces":{"north":{"uv":[8,10.5,8.875,11.375],"texture":"#3","tintindex":0},"east":{"uv":[11,1.5,11.75,2.375],"texture":"#3","tintindex":0},"south":{"uv":[9,10.5,9.875,11.375],"texture":"#3","tintindex":0},"west":{"uv":[11,2.5,11.75,3.375],"texture":"#3","tintindex":0},"up":{"uv":[11.875,4.25,11,3.5],"texture":"#3","tintindex":0},"down":{"uv":[11.875,4.5,11,5.25],"texture":"#3","tintindex":0}}},{"from":[9,7.51092,5.8175],"to":[10.5,9.01092,7.2175],"rotation":{"angle":-45,"axis":"z","origin":[10.5,7.51092,6.0175]},"faces":{"north":{"uv":[11,9.5,11.75,10.25],"texture":"#3","tintindex":0},"east":{"uv":[11,10.5,11.75,11.25],"texture":"#3","tintindex":0},"south":{"uv":[8,11.5,8.75,12.25],"texture":"#3","tintindex":0},"west":{"uv":[9,11.5,9.75,12.25],"texture":"#3","tintindex":0},"up":{"uv":[10.75,12.25,10,11.5],"texture":"#3","tintindex":0},"down":{"uv":[11.75,11.5,11,12.25],"texture":"#3","tintindex":0}}},{"from":[10.8314,7.82943,5.9425],"to":[12.8314,8.82943,7.0925],"rotation":{"angle":22.5,"axis":"z","origin":[9.5,8.5646,6.5175]},"faces":{"north":{"uv":[12,2.5,13,3],"texture":"#3","tintindex":0},"east":{"uv":[8,12.5,8.625,13],"texture":"#3","tintindex":0},"south":{"uv":[12,3,13,3.5],"texture":"#3","tintindex":0},"up":{"uv":[12,6.125,11,5.5],"texture":"#3","tintindex":0},"down":{"uv":[12,6.5,11,7.125],"texture":"#3","tintindex":0}}},{"from":[10.87818,8.0646,6.0675],"to":[12.62818,9.0646,6.9675],"rotation":{"angle":0,"axis":"x","origin":[9.5,8.5646,6.5175]},"faces":{"north":{"uv":[12,6.5,12.875,7],"texture":"#3","tintindex":0},"east":{"uv":[11.5,12.5,12,13],"texture":"#3","tintindex":0},"south":{"uv":[12,7,12.875,7.5],"texture":"#3","tintindex":0},"down":{"uv":[12.875,7.5,12,8],"texture":"#3","tintindex":0}}},{"from":[10.85043,8.20409,6.1925],"to":[12.35043,9.20409,6.8425],"rotation":{"angle":-22.5,"axis":"z","origin":[9.5,8.5646,6.5175]},"faces":{"north":{"uv":[12.5,4.5,13.25,5],"texture":"#3","tintindex":0},"east":{"uv":[13,10,13.375,10.5],"texture":"#3","tintindex":0},"south":{"uv":[12.5,5,13.25,5.5],"texture":"#3","tintindex":0},"down":{"uv":[11.25,12.5,10.5,12.875],"texture":"#3","tintindex":0}}},{"from":[9.20711,8.92513,5.8175],"to":[11.20711,9.92513,7.2175],"rotation":{"angle":-45,"axis":"z","origin":[11.20711,8.92513,6.0175]},"faces":{"north":{"uv":[12,3.5,13,4],"texture":"#3","tintindex":0},"east":{"uv":[12.5,5.5,13.25,6],"texture":"#3","tintindex":0},"south":{"uv":[12,4,13,4.5],"texture":"#3","tintindex":0},"west":{"uv":[12.5,6,13.25,6.5],"texture":"#3","tintindex":0},"up":{"uv":[11,11.25,10,10.5],"texture":"#3","tintindex":0},"down":{"uv":[12,0.5,11,1.25],"texture":"#3","tintindex":0}}},{"from":[10.525,10.34645,5.8425],"to":[11.475,12.29645,7.1925],"rotation":{"angle":-22.5,"axis":"z","origin":[10.5,10.84645,6.0175]},"faces":{"north":{"uv":[12,4.5,12.5,5.5],"texture":"#3","tintindex":0},"east":{"uv":[11,7.5,11.625,8.5],"texture":"#3","tintindex":0},"south":{"uv":[12,5.5,12.5,6.5],"texture":"#3","tintindex":0},"west":{"uv":[11,8.5,11.625,9.5],"texture":"#3","tintindex":0},"up":{"uv":[9.5,13.125,9,12.5],"texture":"#3","tintindex":0}}},{"from":[11.10193,11.78421,5.91375],"to":[11.90943,12.94171,7.12125],"rotation":{"angle":0,"axis":"z","origin":[11.48068,12.78796,6.5175]},"faces":{"north":{"uv":[13,9,13.375,9.625],"texture":"#3","tintindex":0},"east":{"uv":[12,11,12.625,11.625],"texture":"#3","tintindex":0},"south":{"uv":[9.5,13,9.875,13.625],"texture":"#3","tintindex":0},"west":{"uv":[12,12,12.625,12.625],"texture":"#3","tintindex":0},"up":{"uv":[10.375,13.625,10,13],"texture":"#3","tintindex":0}}},{"from":[11.00886,12.74732,5.98642],"to":[11.67101,13.69647,7.04857],"rotation":{"angle":22.5,"axis":"z","origin":[11.31493,13.3219,6.5175]},"faces":{"north":{"uv":[11.5,13,11.875,13.5],"texture":"#3","tintindex":0},"east":{"uv":[13,1.5,13.5,2],"texture":"#3","tintindex":0},"south":{"uv":[13,11.5,13.375,12],"texture":"#3","tintindex":0},"west":{"uv":[13,2,13.5,2.5],"texture":"#3","tintindex":0},"up":{"uv":[12.375,13.5,12,13],"texture":"#3","tintindex":0}}},{"from":[10.61179,6.71146,5.8425],"to":[12.56179,7.66146,7.1925],"rotation":{"angle":-22.5,"axis":"z","origin":[12.64696,7.42971,6.5175]},"faces":{"north":{"uv":[12,4.5,12.5,5.5],"rotation":270,"texture":"#3","tintindex":0},"east":{"uv":[9.5,13.125,9,12.5],"rotation":90,"texture":"#3","tintindex":0},"south":{"uv":[12,5.5,12.5,6.5],"rotation":90,"texture":"#3","tintindex":0},"up":{"uv":[11,8.5,11.625,9.5],"rotation":90,"texture":"#3","tintindex":0},"down":{"uv":[11,7.5,11.625,8.5],"rotation":90,"texture":"#3","tintindex":0}}},{"from":[12.26466,6.84498,5.91375],"to":[13.42216,7.65248,7.12125],"rotation":{"angle":0,"axis":"z","origin":[12.64696,7.42971,6.5175]},"faces":{"north":{"uv":[13,9,13.375,9.625],"rotation":270,"texture":"#3","tintindex":0},"east":{"uv":[10.375,13.625,10,13],"rotation":90,"texture":"#3","tintindex":0},"south":{"uv":[9.5,13,9.875,13.625],"rotation":90,"texture":"#3","tintindex":0},"up":{"uv":[12,12,12.625,12.625],"rotation":90,"texture":"#3","tintindex":0},"down":{"uv":[12,11,12.625,11.625],"rotation":90,"texture":"#3","tintindex":0}}},{"from":[13.14356,6.64051,5.98642],"to":[14.09271,7.30266,7.04857],"rotation":{"angle":22.5,"axis":"z","origin":[12.64696,7.42971,6.5175]},"faces":{"north":{"uv":[11.5,13,11.875,13.5],"rotation":270,"texture":"#3","tintindex":0},"east":{"uv":[12.375,13.5,12,13],"rotation":90,"texture":"#3","tintindex":0},"south":{"uv":[13,11.5,13.375,12],"rotation":90,"texture":"#3","tintindex":0},"up":{"uv":[13,2,13.5,2.5],"rotation":90,"texture":"#3","tintindex":0},"down":{"uv":[13,1.5,13.5,2],"rotation":90,"texture":"#3","tintindex":0}}},{"from":[11.01369,10.22708,5.88975],"to":[12.82719,11.11058,7.14525],"rotation":{"angle":22.5,"axis":"z","origin":[12.90641,10.44261,6.5175]},"faces":{"north":{"uv":[12,8,12.875,8.5],"texture":"#3","tintindex":0},"east":{"uv":[9.5,12.5,10.125,13],"texture":"#3","tintindex":0},"south":{"uv":[12,8.5,12.875,9],"texture":"#3","tintindex":0},"up":{"uv":[12.875,1.125,12,0.5],"texture":"#3","tintindex":0},"down":{"uv":[12.875,1.5,12,2.125],"texture":"#3","tintindex":0}}},{"from":[12.55086,10.23543,5.95601],"to":[13.62734,10.98641,7.07899],"rotation":{"angle":0,"axis":"z","origin":[12.90641,10.44261,6.5175]},"faces":{"north":{"uv":[13,12,13.5,12.375],"texture":"#3","tintindex":0},"east":{"uv":[12.5,13,13,13.375],"texture":"#3","tintindex":0},"south":{"uv":[13,12.5,13.5,12.875],"texture":"#3","tintindex":0},"up":{"uv":[13.5,4,13,3.5],"texture":"#3","tintindex":0},"down":{"uv":[13.5,4,13,4.5],"texture":"#3","tintindex":0}}},{"from":[13.36824,10.56077,6.0236],"to":[14.25095,11.17657,7.01139],"rotation":{"angle":-22.5,"axis":"z","origin":[12.90641,10.44261,6.5175]},"faces":{"north":{"uv":[13.5,1,14,1.25],"texture":"#3","tintindex":0},"east":{"uv":[13.5,1.5,14,1.75],"texture":"#3","tintindex":0},"south":{"uv":[13.5,2,14,2.25],"texture":"#3","tintindex":0},"up":{"uv":[13.5,3,13,2.5],"texture":"#3","tintindex":0},"down":{"uv":[13.5,3,13,3.5],"texture":"#3","tintindex":0}}},{"from":[14.16144,10.05236,6.10756],"to":[14.89409,10.56347,6.92743],"rotation":{"angle":0,"axis":"z","origin":[14.82777,10.10792,6.5175]},"faces":{"north":{"uv":[13.5,2.5,13.875,2.75],"texture":"#3","tintindex":0},"east":{"uv":[13.5,3,13.875,3.25],"texture":"#3","tintindex":0},"south":{"uv":[13.5,3.5,13.875,3.75],"texture":"#3","tintindex":0},"up":{"uv":[13.375,13.375,13,13],"texture":"#3","tintindex":0},"down":{"uv":[13.875,0.5,13.5,0.875],"texture":"#3","tintindex":0}}},{"from":[14.79139,10.24069,6.16905],"to":[15.41414,10.67514,6.86594],"rotation":{"angle":22.5,"axis":"z","origin":[15.27777,10.30792,6.5175]},"faces":{"north":{"uv":[13.5,5.5,13.75,5.75],"texture":"#3","tintindex":0},"east":{"uv":[13.5,4,13.875,4.25],"texture":"#3","tintindex":0},"south":{"uv":[13.5,6,13.75,6.25],"texture":"#3","tintindex":0},"up":{"uv":[13.75,4.875,13.5,4.5],"texture":"#3","tintindex":0},"down":{"uv":[13.75,5,13.5,5.375],"texture":"#3","tintindex":0}}},{"from":[9.5,-2.73908,6.2175],"to":[14.5,8.26092,6.2475],"rotation":{"angle":0,"axis":"z","origin":[10.5,4.76092,6.2175]},"faces":{"north":{"uv":[5.125,10.125,7.625,15.625],"texture":"#3","tintindex":0},"south":{"uv":[7.625,10.125,5.125,15.625],"texture":"#3","tintindex":0}}},{"from":[10.5,-1.23908,6.5025],"to":[31.5,18.76092,6.5325],"rotation":{"angle":0,"axis":"y","origin":[10.5,4.76092,6.5025]},"faces":{"north":{"uv":[0,0,10.5,10],"texture":"#3","tintindex":0},"south":{"uv":[10.5,0,0,10],"texture":"#3","tintindex":0}}},{"from":[5.76256,7.51092,7.75494],"to":[7.26256,9.26092,9.50494],"rotation":{"angle":45,"axis":"x","origin":[6.01256,7.51092,9.50494]},"faces":{"north":{"uv":[11.75,2.5,11,3.375],"texture":"#3","tintindex":0},"east":{"uv":[9.875,10.5,9,11.375],"texture":"#3","tintindex":0},"south":{"uv":[11.75,1.5,11,2.375],"texture":"#3","tintindex":0},"west":{"uv":[8.875,10.5,8,11.375],"texture":"#3","tintindex":0},"up":{"uv":[11,4.25,11.875,3.5],"rotation":270,"texture":"#3","tintindex":0},"down":{"uv":[11,4.5,11.875,5.25],"rotation":90,"texture":"#3","tintindex":0}}},{"from":[5.81256,7.51092,9.00494],"to":[7.21256,9.01092,10.50494],"rotation":{"angle":45,"axis":"x","origin":[6.01256,7.51092,10.50494]},"faces":{"north":{"uv":[9.75,11.5,9,12.25],"texture":"#3","tintindex":0},"east":{"uv":[8.75,11.5,8,12.25],"texture":"#3","tintindex":0},"south":{"uv":[11.75,10.5,11,11.25],"texture":"#3","tintindex":0},"west":{"uv":[11.75,9.5,11,10.25],"texture":"#3","tintindex":0},"up":{"uv":[10,12.25,10.75,11.5],"rotation":270,"texture":"#3","tintindex":0},"down":{"uv":[11,11.5,11.75,12.25],"rotation":90,"texture":"#3","tintindex":0}}},{"from":[5.93756,7.82943,10.83634],"to":[7.08756,8.82943,12.83634],"rotation":{"angle":-22.5,"axis":"x","origin":[6.51256,8.5646,9.50494]},"faces":{"east":{"uv":[13,3,12,3.5],"texture":"#3","tintindex":0},"south":{"uv":[8.625,12.5,8,13],"texture":"#3","tintindex":0},"west":{"uv":[13,2.5,12,3],"texture":"#3","tintindex":0},"up":{"uv":[11,6.125,12,5.5],"rotation":270,"texture":"#3","tintindex":0},"down":{"uv":[11,6.5,12,7.125],"rotation":90,"texture":"#3","tintindex":0}}},{"from":[6.06256,8.0646,10.88312],"to":[6.96256,9.0646,12.63312],"rotation":{"angle":0,"axis":"x","origin":[6.51256,8.5646,9.50494]},"faces":{"east":{"uv":[12.875,7,12,7.5],"texture":"#3","tintindex":0},"south":{"uv":[12,12.5,11.5,13],"texture":"#3","tintindex":0},"west":{"uv":[12.875,6.5,12,7],"texture":"#3","tintindex":0},"down":{"uv":[12,7.5,12.875,8],"rotation":90,"texture":"#3","tintindex":0}}},{"from":[6.18756,8.20409,10.85537],"to":[6.83756,9.20409,12.35537],"rotation":{"angle":22.5,"axis":"x","origin":[6.51256,8.5646,9.50494]},"faces":{"east":{"uv":[13.25,5,12.5,5.5],"texture":"#3","tintindex":0},"south":{"uv":[13.375,10,13,10.5],"texture":"#3","tintindex":0},"west":{"uv":[13.25,4.5,12.5,5],"texture":"#3","tintindex":0},"down":{"uv":[10.5,12.5,11.25,12.875],"rotation":90,"texture":"#3","tintindex":0}}},{"from":[5.81256,8.92513,9.21205],"to":[7.21256,9.92513,11.21205],"rotation":{"angle":45,"axis":"x","origin":[6.01256,8.92513,11.21205]},"faces":{"north":{"uv":[13.25,6,12.5,6.5],"texture":"#3","tintindex":0},"east":{"uv":[13,4,12,4.5],"texture":"#3","tintindex":0},"south":{"uv":[13.25,5.5,12.5,6],"texture":"#3","tintindex":0},"west":{"uv":[13,3.5,12,4],"texture":"#3","tintindex":0},"up":{"uv":[10,11.25,11,10.5],"rotation":270,"texture":"#3","tintindex":0},"down":{"uv":[11,0.5,12,1.25],"rotation":90,"texture":"#3","tintindex":0}}},{"from":[5.83756,10.34645,10.52994],"to":[7.18756,12.29645,11.47994],"rotation":{"angle":22.5,"axis":"x","origin":[6.01256,10.84645,10.50494]},"faces":{"north":{"uv":[11.625,8.5,11,9.5],"texture":"#3","tintindex":0},"east":{"uv":[12.5,5.5,12,6.5],"texture":"#3","tintindex":0},"south":{"uv":[11.625,7.5,11,8.5],"texture":"#3","tintindex":0},"west":{"uv":[12.5,4.5,12,5.5],"texture":"#3","tintindex":0},"up":{"uv":[9,13.125,9.5,12.5],"rotation":270,"texture":"#3","tintindex":0}}},{"from":[5.90881,11.78421,11.10687],"to":[7.11631,12.94171,11.91437],"rotation":{"angle":0,"axis":"z","origin":[6.51256,12.78796,11.48562]},"faces":{"north":{"uv":[12.625,12,12,12.625],"texture":"#3","tintindex":0},"east":{"uv":[9.875,13,9.5,13.625],"texture":"#3","tintindex":0},"south":{"uv":[12.625,11,12,11.625],"texture":"#3","tintindex":0},"west":{"uv":[13.375,9,13,9.625],"texture":"#3","tintindex":0},"up":{"uv":[10,13.625,10.375,13],"rotation":270,"texture":"#3","tintindex":0}}},{"from":[5.98148,12.74732,11.0138],"to":[7.04363,13.69647,11.67595],"rotation":{"angle":-22.5,"axis":"x","origin":[6.51256,13.3219,11.31987]},"faces":{"north":{"uv":[13.5,2,13,2.5],"texture":"#3","tintindex":0},"east":{"uv":[13.375,11.5,13,12],"texture":"#3","tintindex":0},"south":{"uv":[13.5,1.5,13,2],"texture":"#3","tintindex":0},"west":{"uv":[11.875,13,11.5,13.5],"texture":"#3","tintindex":0},"up":{"uv":[12,13.5,12.375,13],"rotation":270,"texture":"#3","tintindex":0}}},{"from":[6.49756,-1.23908,10.45],"to":[6.52756,18.76092,31.45],"rotation":{"angle":0,"axis":"y","origin":[6.49756,4.76092,10.50494]},"faces":{"east":{"uv":[0,0,10.5,10],"texture":"#3","tintindex":0},"west":{"uv":[10.5,0,0,10],"texture":"#3","tintindex":0}}},{"from":[6.01866,10.56077,13.37318],"to":[7.00646,11.17657,14.25589],"rotation":{"angle":22.5,"axis":"x","origin":[6.51256,10.44261,12.91134]},"faces":{"east":{"uv":[14,2,13.5,2.25],"texture":"#3","tintindex":0},"south":{"uv":[14,1.5,13.5,1.75],"texture":"#3","tintindex":0},"west":{"uv":[14,1,13.5,1.25],"texture":"#3","tintindex":0},"up":{"uv":[13,3,13.5,2.5],"rotation":270,"texture":"#3","tintindex":0},"down":{"uv":[13,3,13.5,3.5],"rotation":90,"texture":"#3","tintindex":0}}},{"from":[5.95108,10.23543,12.5558],"to":[7.07405,10.98641,13.63227],"rotation":{"angle":0,"axis":"z","origin":[6.51256,10.44261,12.91134]},"faces":{"east":{"uv":[13.5,12.5,13,12.875],"texture":"#3","tintindex":0},"south":{"uv":[13,13,12.5,13.375],"texture":"#3","tintindex":0},"west":{"uv":[13.5,12,13,12.375],"texture":"#3","tintindex":0},"up":{"uv":[13,4,13.5,3.5],"rotation":270,"texture":"#3","tintindex":0},"down":{"uv":[13,4,13.5,4.5],"rotation":90,"texture":"#3","tintindex":0}}},{"from":[5.88481,10.22708,11.01863],"to":[7.14031,11.11058,12.83213],"rotation":{"angle":-22.5,"axis":"x","origin":[6.51256,10.44261,12.91134]},"faces":{"east":{"uv":[12.875,8.5,12,9],"texture":"#3","tintindex":0},"south":{"uv":[10.125,12.5,9.5,13],"texture":"#3","tintindex":0},"west":{"uv":[12.875,8,12,8.5],"texture":"#3","tintindex":0},"up":{"uv":[12,1.125,12.875,0.5],"rotation":270,"texture":"#3","tintindex":0},"down":{"uv":[12,1.5,12.875,2.125],"rotation":90,"texture":"#3","tintindex":0}}},{"from":[6.10262,10.05236,14.16638],"to":[6.9225,10.56347,14.89903],"rotation":{"angle":0,"axis":"z","origin":[6.51256,10.10792,14.83271]},"faces":{"east":{"uv":[13.875,3.5,13.5,3.75],"texture":"#3","tintindex":0},"south":{"uv":[13.875,3,13.5,3.25],"texture":"#3","tintindex":0},"west":{"uv":[13.875,2.5,13.5,2.75],"texture":"#3","tintindex":0},"up":{"uv":[13,13.375,13.375,13],"rotation":270,"texture":"#3","tintindex":0},"down":{"uv":[13.5,0.5,13.875,0.875],"rotation":90,"texture":"#3","tintindex":0}}},{"from":[6.16411,10.24069,14.79633],"to":[6.861,10.67514,15.41908],"rotation":{"angle":-22.5,"axis":"x","origin":[6.51256,10.30792,15.28271]},"faces":{"east":{"uv":[13.75,6,13.5,6.25],"texture":"#3","tintindex":0},"south":{"uv":[13.875,4,13.5,4.25],"texture":"#3","tintindex":0},"west":{"uv":[13.75,5.5,13.5,5.75],"texture":"#3","tintindex":0},"up":{"uv":[13.5,4.875,13.75,4.5],"rotation":270,"texture":"#3","tintindex":0},"down":{"uv":[13.5,5,13.75,5.375],"rotation":90,"texture":"#3","tintindex":0}}},{"from":[6.21256,-2.73908,9.50494],"to":[6.24256,8.26092,14.50494],"rotation":{"angle":0,"axis":"z","origin":[6.21256,4.76092,10.50494]},"faces":{"east":{"uv":[5.125,10.125,7.625,15.625],"texture":"#3","tintindex":0},"west":{"uv":[7.625,10.125,5.125,15.625],"texture":"#3","tintindex":0}}},{"from":[5.98149,6.64051,13.1485],"to":[7.04364,7.30266,14.09765],"rotation":{"angle":-22.5,"axis":"x","origin":[6.51256,7.42971,12.6519]},"faces":{"east":{"uv":[13,12,13.375,11.5],"rotation":90,"texture":"#3","tintindex":0},"south":{"uv":[12.375,13,12,13.5],"rotation":90,"texture":"#3","tintindex":0},"west":{"uv":[11.5,13.5,11.875,13],"rotation":270,"texture":"#3","tintindex":0},"up":{"uv":[13,2.5,13.5,2],"texture":"#3","tintindex":0},"down":{"uv":[13,2,13.5,1.5],"rotation":180,"texture":"#3","tintindex":0}}},{"from":[5.90882,6.84498,12.2696],"to":[7.11632,7.65248,13.4271],"rotation":{"angle":0,"axis":"z","origin":[6.51256,7.42971,12.6519]},"faces":{"east":{"uv":[9.5,13.625,9.875,13],"rotation":90,"texture":"#3","tintindex":0},"south":{"uv":[10.375,13,10,13.625],"rotation":90,"texture":"#3","tintindex":0},"west":{"uv":[13,9.625,13.375,9],"rotation":270,"texture":"#3","tintindex":0},"up":{"uv":[12,12.625,12.625,12],"texture":"#3","tintindex":0},"down":{"uv":[12,11.625,12.625,11],"rotation":180,"texture":"#3","tintindex":0}}},{"from":[5.83757,6.71146,10.61672],"to":[7.18757,7.66146,12.56672],"rotation":{"angle":22.5,"axis":"x","origin":[6.51256,7.42971,12.6519]},"faces":{"east":{"uv":[12,6.5,12.5,5.5],"rotation":90,"texture":"#3","tintindex":0},"south":{"uv":[9.5,12.5,9,13.125],"rotation":90,"texture":"#3","tintindex":0},"west":{"uv":[12,5.5,12.5,4.5],"rotation":270,"texture":"#3","tintindex":0},"up":{"uv":[11,9.5,11.625,8.5],"texture":"#3","tintindex":0},"down":{"uv":[11,8.5,11.625,7.5],"rotation":180,"texture":"#3","tintindex":0}}},{"from":[7.96035,5,12.94535],"to":[17.96035,15,12.97535],"rotation":{"angle":45,"axis":"y","origin":[12.96035,10,12.96035]},"faces":{"north":{"uv":[1.33333,1.33333,14.66667,14.66667],"texture":"#1","tintindex":0},"south":{"uv":[14.66667,1.33333,1.33333,14.66667],"texture":"#1","tintindex":0}}},{"from":[9.96035,7,15.94535],"to":[15.96035,13,15.97535],"rotation":{"angle":45,"axis":"y","origin":[12.96035,10,12.96035]},"faces":{"north":{"uv":[2,2,14,14],"texture":"#2","tintindex":0},"south":{"uv":[14,2,2,14],"texture":"#2","tintindex":0}}}],"gui_light":"front","display":{"thirdperson_righthand":{"rotation":[50.75,135,0],"translation":[0,-0.25,-0.25],"scale":[0.52539,0.52539,0.52539]},"thirdperson_lefthand":{"rotation":[67,45,0],"translation":[-5.5,-7.5,9],"scale":[1.3,1.3,1.3]},"firstperson_righthand":{"rotation":[176.75,45,-180],"translation":[0,1.25,2.5]},"firstperson_lefthand":{"rotation":[-10,0,0],"translation":[0,1.75,0],"scale":[0,0,0]},"ground":{"rotation":[-45,-45,0],"translation":[0,4,0],"scale":[0.7,0.7,0.7]},"gui":{"rotation":[0,135,0],"translation":[0,1,0],"scale":[0.54766,0.54766,0.54766]},"head":{"rotation":[0,-45,0],"translation":[0,-49,6],"scale":[2,2,2]},"fixed":{"rotation":[0,135,0],"translation":[0,-1.75,-1.25],"scale":[2,2,2]}}}