{"credit":"Made by PolygonMC","texture_size":[8,8],"textures":{"1":"arcanistset:animations/animations_3","2":"arcanistset:animations/animations_4","3":"arcanistset:wings","particle":"arcanistset:animations/animations_3"},"elements":[{"from":[7.875,-10.74454,6.88375],"to":[8.75,-9.86954,7.63375],"rotation":{"angle":-45,"axis":"z","origin":[8.75,-10.74454,7.00875]},"faces":{"north":{"uv":[8,10.5,8.875,11.375],"texture":"#3","tintindex":0},"east":{"uv":[11,1.5,11.75,2.375],"texture":"#3","tintindex":0},"south":{"uv":[9,10.5,9.875,11.375],"texture":"#3","tintindex":0},"west":{"uv":[11,2.5,11.75,3.375],"texture":"#3","tintindex":0},"up":{"uv":[11.875,4.25,11,3.5],"texture":"#3","tintindex":0},"down":{"uv":[11.875,4.5,11,5.25],"texture":"#3","tintindex":0}}},{"from":[8.5,-10.74454,6.90875],"to":[9.25,-9.99454,7.60875],"rotation":{"angle":-45,"axis":"z","origin":[9.25,-10.74454,7.00875]},"faces":{"north":{"uv":[11,9.5,11.75,10.25],"texture":"#3","tintindex":0},"east":{"uv":[11,10.5,11.75,11.25],"texture":"#3","tintindex":0},"south":{"uv":[8,11.5,8.75,12.25],"texture":"#3","tintindex":0},"west":{"uv":[9,11.5,9.75,12.25],"texture":"#3","tintindex":0},"up":{"uv":[10.75,12.25,10,11.5],"texture":"#3","tintindex":0},"down":{"uv":[11.75,11.5,11,12.25],"texture":"#3","tintindex":0}}},{"from":[9.4157,-10.58528,6.97125],"to":[10.4157,-10.08528,7.54625],"rotation":{"angle":22.5,"axis":"z","origin":[8.75,-10.2177,7.25875]},"faces":{"north":{"uv":[12,2.5,13,3],"texture":"#3","tintindex":0},"east":{"uv":[8,12.5,8.625,13],"texture":"#3","tintindex":0},"south":{"uv":[12,3,13,3.5],"texture":"#3","tintindex":0},"up":{"uv":[12,6.125,11,5.5],"texture":"#3","tintindex":0},"down":{"uv":[12,6.5,11,7.125],"texture":"#3","tintindex":0}}},{"from":[9.43909,-10.4677,7.03375],"to":[10.31409,-9.9677,7.48375],"rotation":{"angle":0,"axis":"x","origin":[8.75,-10.2177,7.25875]},"faces":{"north":{"uv":[12,6.5,12.875,7],"texture":"#3","tintindex":0},"east":{"uv":[11.5,12.5,12,13],"texture":"#3","tintindex":0},"south":{"uv":[12,7,12.875,7.5],"texture":"#3","tintindex":0},"down":{"uv":[12.875,7.5,12,8],"texture":"#3","tintindex":0}}},{"from":[9.42522,-10.39795,7.09625],"to":[10.17522,-9.89795,7.42125],"rotation":{"angle":-22.5,"axis":"z","origin":[8.75,-10.2177,7.25875]},"faces":{"north":{"uv":[12.5,4.5,13.25,5],"texture":"#3","tintindex":0},"east":{"uv":[13,10,13.375,10.5],"texture":"#3","tintindex":0},"south":{"uv":[12.5,5,13.25,5.5],"texture":"#3","tintindex":0},"down":{"uv":[11.25,12.5,10.5,12.875],"texture":"#3","tintindex":0}}},{"from":[8.60356,-10.03743,6.90875],"to":[9.60356,-9.53743,7.60875],"rotation":{"angle":-45,"axis":"z","origin":[9.60356,-10.03743,7.00875]},"faces":{"north":{"uv":[12,3.5,13,4],"texture":"#3","tintindex":0},"east":{"uv":[12.5,5.5,13.25,6],"texture":"#3","tintindex":0},"south":{"uv":[12,4,13,4.5],"texture":"#3","tintindex":0},"west":{"uv":[12.5,6,13.25,6.5],"texture":"#3","tintindex":0},"up":{"uv":[11,11.25,10,10.5],"texture":"#3","tintindex":0},"down":{"uv":[12,0.5,11,1.25],"texture":"#3","tintindex":0}}},{"from":[9.2625,-9.32677,6.92125],"to":[9.7375,-8.35177,7.59625],"rotation":{"angle":-22.5,"axis":"z","origin":[9.25,-9.07677,7.00875]},"faces":{"north":{"uv":[12,4.5,12.5,5.5],"texture":"#3","tintindex":0},"east":{"uv":[11,7.5,11.625,8.5],"texture":"#3","tintindex":0},"south":{"uv":[12,5.5,12.5,6.5],"texture":"#3","tintindex":0},"west":{"uv":[11,8.5,11.625,9.5],"texture":"#3","tintindex":0},"up":{"uv":[9.5,13.125,9,12.5],"texture":"#3","tintindex":0}}},{"from":[9.55097,-8.60789,6.95688],"to":[9.95472,-8.02914,7.56063],"rotation":{"angle":0,"axis":"z","origin":[9.74034,-8.10602,7.25875]},"faces":{"north":{"uv":[13,9,13.375,9.625],"texture":"#3","tintindex":0},"east":{"uv":[12,11,12.625,11.625],"texture":"#3","tintindex":0},"south":{"uv":[9.5,13,9.875,13.625],"texture":"#3","tintindex":0},"west":{"uv":[12,12,12.625,12.625],"texture":"#3","tintindex":0},"up":{"uv":[10.375,13.625,10,13],"texture":"#3","tintindex":0}}},{"from":[9.50443,-8.12634,6.99321],"to":[9.83551,-7.65176,7.52429],"rotation":{"angle":22.5,"axis":"z","origin":[9.65747,-7.83905,7.25875]},"faces":{"north":{"uv":[11.5,13,11.875,13.5],"texture":"#3","tintindex":0},"east":{"uv":[13,1.5,13.5,2],"texture":"#3","tintindex":0},"south":{"uv":[13,11.5,13.375,12],"texture":"#3","tintindex":0},"west":{"uv":[13,2,13.5,2.5],"texture":"#3","tintindex":0},"up":{"uv":[12.375,13.5,12,13],"texture":"#3","tintindex":0}}},{"from":[9.3059,-11.14427,6.92125],"to":[10.2809,-10.66927,7.59625],"rotation":{"angle":-22.5,"axis":"z","origin":[10.32348,-10.78514,7.25875]},"faces":{"north":{"uv":[12,4.5,12.5,5.5],"rotation":270,"texture":"#3","tintindex":0},"east":{"uv":[9.5,13.125,9,12.5],"rotation":90,"texture":"#3","tintindex":0},"south":{"uv":[12,5.5,12.5,6.5],"rotation":90,"texture":"#3","tintindex":0},"up":{"uv":[11,8.5,11.625,9.5],"rotation":90,"texture":"#3","tintindex":0},"down":{"uv":[11,7.5,11.625,8.5],"rotation":90,"texture":"#3","tintindex":0}}},{"from":[10.13233,-11.07751,6.95688],"to":[10.71108,-10.67376,7.56063],"rotation":{"angle":0,"axis":"z","origin":[10.32348,-10.78514,7.25875]},"faces":{"north":{"uv":[13,9,13.375,9.625],"rotation":270,"texture":"#3","tintindex":0},"east":{"uv":[10.375,13.625,10,13],"rotation":90,"texture":"#3","tintindex":0},"south":{"uv":[9.5,13,9.875,13.625],"rotation":90,"texture":"#3","tintindex":0},"up":{"uv":[12,12,12.625,12.625],"rotation":90,"texture":"#3","tintindex":0},"down":{"uv":[12,11,12.625,11.625],"rotation":90,"texture":"#3","tintindex":0}}},{"from":[10.57178,-11.17974,6.99321],"to":[11.04636,-10.84867,7.52429],"rotation":{"angle":22.5,"axis":"z","origin":[10.32348,-10.78514,7.25875]},"faces":{"north":{"uv":[11.5,13,11.875,13.5],"rotation":270,"texture":"#3","tintindex":0},"east":{"uv":[12.375,13.5,12,13],"rotation":90,"texture":"#3","tintindex":0},"south":{"uv":[13,11.5,13.375,12],"rotation":90,"texture":"#3","tintindex":0},"up":{"uv":[13,2,13.5,2.5],"rotation":90,"texture":"#3","tintindex":0},"down":{"uv":[13,1.5,13.5,2],"rotation":90,"texture":"#3","tintindex":0}}},{"from":[9.50685,-9.38646,6.94488],"to":[10.4136,-8.94471,7.57263],"rotation":{"angle":22.5,"axis":"z","origin":[10.45321,-9.27869,7.25875]},"faces":{"north":{"uv":[12,8,12.875,8.5],"texture":"#3","tintindex":0},"east":{"uv":[9.5,12.5,10.125,13],"texture":"#3","tintindex":0},"south":{"uv":[12,8.5,12.875,9],"texture":"#3","tintindex":0},"up":{"uv":[12.875,1.125,12,0.5],"texture":"#3","tintindex":0},"down":{"uv":[12.875,1.5,12,2.125],"texture":"#3","tintindex":0}}},{"from":[10.27543,-9.38228,6.97801],"to":[10.81367,-9.00679,7.5395],"rotation":{"angle":0,"axis":"z","origin":[10.45321,-9.27869,7.25875]},"faces":{"north":{"uv":[13,12,13.5,12.375],"texture":"#3","tintindex":0},"east":{"uv":[12.5,13,13,13.375],"texture":"#3","tintindex":0},"south":{"uv":[13,12.5,13.5,12.875],"texture":"#3","tintindex":0},"up":{"uv":[13.5,4,13,3.5],"texture":"#3","tintindex":0},"down":{"uv":[13.5,4,13,4.5],"texture":"#3","tintindex":0}}},{"from":[10.68412,-9.21962,7.0118],"to":[11.12548,-8.91172,7.50569],"rotation":{"angle":-22.5,"axis":"z","origin":[10.45321,-9.27869,7.25875]},"faces":{"north":{"uv":[13.5,1,14,1.25],"texture":"#3","tintindex":0},"east":{"uv":[13.5,1.5,14,1.75],"texture":"#3","tintindex":0},"south":{"uv":[13.5,2,14,2.25],"texture":"#3","tintindex":0},"up":{"uv":[13.5,3,13,2.5],"texture":"#3","tintindex":0},"down":{"uv":[13.5,3,13,3.5],"texture":"#3","tintindex":0}}},{"from":[11.08072,-9.47382,7.05378],"to":[11.44705,-9.21826,7.46372],"rotation":{"angle":0,"axis":"z","origin":[11.41389,-9.44604,7.25875]},"faces":{"north":{"uv":[13.5,2.5,13.875,2.75],"texture":"#3","tintindex":0},"east":{"uv":[13.5,3,13.875,3.25],"texture":"#3","tintindex":0},"south":{"uv":[13.5,3.5,13.875,3.75],"texture":"#3","tintindex":0},"up":{"uv":[13.375,13.375,13,13],"texture":"#3","tintindex":0},"down":{"uv":[13.875,0.5,13.5,0.875],"texture":"#3","tintindex":0}}},{"from":[11.3957,-9.37965,7.08453],"to":[11.70707,-9.16243,7.43297],"rotation":{"angle":22.5,"axis":"z","origin":[11.63889,-9.34604,7.25875]},"faces":{"north":{"uv":[13.5,5.5,13.75,5.75],"texture":"#3","tintindex":0},"east":{"uv":[13.5,4,13.875,4.25],"texture":"#3","tintindex":0},"south":{"uv":[13.5,6,13.75,6.25],"texture":"#3","tintindex":0},"up":{"uv":[13.75,4.875,13.5,4.5],"texture":"#3","tintindex":0},"down":{"uv":[13.75,5,13.5,5.375],"texture":"#3","tintindex":0}}},{"from":[8.75,-15.86954,7.10875],"to":[11.25,-10.36954,7.12375],"rotation":{"angle":0,"axis":"z","origin":[9.25,-12.11954,7.10875]},"faces":{"north":{"uv":[5.125,10.125,7.625,15.625],"texture":"#3","tintindex":0},"south":{"uv":[7.625,10.125,5.125,15.625],"texture":"#3","tintindex":0}}},{"from":[9.25,-15.11954,7.25125],"to":[19.75,-5.11954,7.26625],"rotation":{"angle":0,"axis":"y","origin":[9.25,-12.11954,7.25125]},"faces":{"north":{"uv":[0,0,10.5,10],"texture":"#3","tintindex":0},"south":{"uv":[10.5,0,0,10],"texture":"#3","tintindex":0}}},{"from":[6.88128,-10.74454,7.87747],"to":[7.63128,-9.86954,8.75247],"rotation":{"angle":45,"axis":"x","origin":[7.00628,-10.74454,8.75247]},"faces":{"north":{"uv":[11.75,2.5,11,3.375],"texture":"#3","tintindex":0},"east":{"uv":[9.875,10.5,9,11.375],"texture":"#3","tintindex":0},"south":{"uv":[11.75,1.5,11,2.375],"texture":"#3","tintindex":0},"west":{"uv":[8.875,10.5,8,11.375],"texture":"#3","tintindex":0},"up":{"uv":[11,4.25,11.875,3.5],"rotation":270,"texture":"#3","tintindex":0},"down":{"uv":[11,4.5,11.875,5.25],"rotation":90,"texture":"#3","tintindex":0}}},{"from":[6.90628,-10.74454,8.50247],"to":[7.60628,-9.99454,9.25247],"rotation":{"angle":45,"axis":"x","origin":[7.00628,-10.74454,9.25247]},"faces":{"north":{"uv":[9.75,11.5,9,12.25],"texture":"#3","tintindex":0},"east":{"uv":[8.75,11.5,8,12.25],"texture":"#3","tintindex":0},"south":{"uv":[11.75,10.5,11,11.25],"texture":"#3","tintindex":0},"west":{"uv":[11.75,9.5,11,10.25],"texture":"#3","tintindex":0},"up":{"uv":[10,12.25,10.75,11.5],"rotation":270,"texture":"#3","tintindex":0},"down":{"uv":[11,11.5,11.75,12.25],"rotation":90,"texture":"#3","tintindex":0}}},{"from":[6.96878,-10.58528,9.41817],"to":[7.54378,-10.08528,10.41817],"rotation":{"angle":-22.5,"axis":"x","origin":[7.25628,-10.2177,8.75247]},"faces":{"east":{"uv":[13,3,12,3.5],"texture":"#3","tintindex":0},"south":{"uv":[8.625,12.5,8,13],"texture":"#3","tintindex":0},"west":{"uv":[13,2.5,12,3],"texture":"#3","tintindex":0},"up":{"uv":[11,6.125,12,5.5],"rotation":270,"texture":"#3","tintindex":0},"down":{"uv":[11,6.5,12,7.125],"rotation":90,"texture":"#3","tintindex":0}}},{"from":[7.03128,-10.4677,9.44156],"to":[7.48128,-9.9677,10.31656],"rotation":{"angle":0,"axis":"x","origin":[7.25628,-10.2177,8.75247]},"faces":{"east":{"uv":[12.875,7,12,7.5],"texture":"#3","tintindex":0},"south":{"uv":[12,12.5,11.5,13],"texture":"#3","tintindex":0},"west":{"uv":[12.875,6.5,12,7],"texture":"#3","tintindex":0},"down":{"uv":[12,7.5,12.875,8],"rotation":90,"texture":"#3","tintindex":0}}},{"from":[7.09378,-10.39795,9.42769],"to":[7.41878,-9.89795,10.17769],"rotation":{"angle":22.5,"axis":"x","origin":[7.25628,-10.2177,8.75247]},"faces":{"east":{"uv":[13.25,5,12.5,5.5],"texture":"#3","tintindex":0},"south":{"uv":[13.375,10,13,10.5],"texture":"#3","tintindex":0},"west":{"uv":[13.25,4.5,12.5,5],"texture":"#3","tintindex":0},"down":{"uv":[10.5,12.5,11.25,12.875],"rotation":90,"texture":"#3","tintindex":0}}},{"from":[6.90628,-10.03743,8.60602],"to":[7.60628,-9.53743,9.60602],"rotation":{"angle":45,"axis":"x","origin":[7.00628,-10.03743,9.60602]},"faces":{"north":{"uv":[13.25,6,12.5,6.5],"texture":"#3","tintindex":0},"east":{"uv":[13,4,12,4.5],"texture":"#3","tintindex":0},"south":{"uv":[13.25,5.5,12.5,6],"texture":"#3","tintindex":0},"west":{"uv":[13,3.5,12,4],"texture":"#3","tintindex":0},"up":{"uv":[10,11.25,11,10.5],"rotation":270,"texture":"#3","tintindex":0},"down":{"uv":[11,0.5,12,1.25],"rotation":90,"texture":"#3","tintindex":0}}},{"from":[6.91878,-9.32677,9.26497],"to":[7.59378,-8.35177,9.73997],"rotation":{"angle":22.5,"axis":"x","origin":[7.00628,-9.07677,9.25247]},"faces":{"north":{"uv":[11.625,8.5,11,9.5],"texture":"#3","tintindex":0},"east":{"uv":[12.5,5.5,12,6.5],"texture":"#3","tintindex":0},"south":{"uv":[11.625,7.5,11,8.5],"texture":"#3","tintindex":0},"west":{"uv":[12.5,4.5,12,5.5],"texture":"#3","tintindex":0},"up":{"uv":[9,13.125,9.5,12.5],"rotation":270,"texture":"#3","tintindex":0}}},{"from":[6.95441,-8.60789,9.55344],"to":[7.55816,-8.02914,9.95718],"rotation":{"angle":0,"axis":"z","origin":[7.25628,-8.10602,9.74281]},"faces":{"north":{"uv":[12.625,12,12,12.625],"texture":"#3","tintindex":0},"east":{"uv":[9.875,13,9.5,13.625],"texture":"#3","tintindex":0},"south":{"uv":[12.625,11,12,11.625],"texture":"#3","tintindex":0},"west":{"uv":[13.375,9,13,9.625],"texture":"#3","tintindex":0},"up":{"uv":[10,13.625,10.375,13],"rotation":270,"texture":"#3","tintindex":0}}},{"from":[6.99074,-8.12634,9.5069],"to":[7.52182,-7.65176,9.83798],"rotation":{"angle":-22.5,"axis":"x","origin":[7.25628,-7.83905,9.65994]},"faces":{"north":{"uv":[13.5,2,13,2.5],"texture":"#3","tintindex":0},"east":{"uv":[13.375,11.5,13,12],"texture":"#3","tintindex":0},"south":{"uv":[13.5,1.5,13,2],"texture":"#3","tintindex":0},"west":{"uv":[11.875,13,11.5,13.5],"texture":"#3","tintindex":0},"up":{"uv":[12,13.5,12.375,13],"rotation":270,"texture":"#3","tintindex":0}}},{"from":[7.24878,-15.11954,9.225],"to":[7.26378,-5.11954,19.725],"rotation":{"angle":0,"axis":"y","origin":[7.24878,-12.11954,9.25247]},"faces":{"east":{"uv":[0,0,10.5,10],"texture":"#3","tintindex":0},"west":{"uv":[10.5,0,0,10],"texture":"#3","tintindex":0}}},{"from":[7.00933,-9.21962,10.68659],"to":[7.50323,-8.91172,11.12795],"rotation":{"angle":22.5,"axis":"x","origin":[7.25628,-9.27869,10.45567]},"faces":{"east":{"uv":[14,2,13.5,2.25],"texture":"#3","tintindex":0},"south":{"uv":[14,1.5,13.5,1.75],"texture":"#3","tintindex":0},"west":{"uv":[14,1,13.5,1.25],"texture":"#3","tintindex":0},"up":{"uv":[13,3,13.5,2.5],"rotation":270,"texture":"#3","tintindex":0},"down":{"uv":[13,3,13.5,3.5],"rotation":90,"texture":"#3","tintindex":0}}},{"from":[6.97554,-9.38228,10.2779],"to":[7.53703,-9.00679,10.81614],"rotation":{"angle":0,"axis":"z","origin":[7.25628,-9.27869,10.45567]},"faces":{"east":{"uv":[13.5,12.5,13,12.875],"texture":"#3","tintindex":0},"south":{"uv":[13,13,12.5,13.375],"texture":"#3","tintindex":0},"west":{"uv":[13.5,12,13,12.375],"texture":"#3","tintindex":0},"up":{"uv":[13,4,13.5,3.5],"rotation":270,"texture":"#3","tintindex":0},"down":{"uv":[13,4,13.5,4.5],"rotation":90,"texture":"#3","tintindex":0}}},{"from":[6.94241,-9.38646,9.50932],"to":[7.57016,-8.94471,10.41607],"rotation":{"angle":-22.5,"axis":"x","origin":[7.25628,-9.27869,10.45567]},"faces":{"east":{"uv":[12.875,8.5,12,9],"texture":"#3","tintindex":0},"south":{"uv":[10.125,12.5,9.5,13],"texture":"#3","tintindex":0},"west":{"uv":[12.875,8,12,8.5],"texture":"#3","tintindex":0},"up":{"uv":[12,1.125,12.875,0.5],"rotation":270,"texture":"#3","tintindex":0},"down":{"uv":[12,1.5,12.875,2.125],"rotation":90,"texture":"#3","tintindex":0}}},{"from":[7.05131,-9.47382,11.08319],"to":[7.46125,-9.21826,11.44952],"rotation":{"angle":0,"axis":"z","origin":[7.25628,-9.44604,11.41636]},"faces":{"east":{"uv":[13.875,3.5,13.5,3.75],"texture":"#3","tintindex":0},"south":{"uv":[13.875,3,13.5,3.25],"texture":"#3","tintindex":0},"west":{"uv":[13.875,2.5,13.5,2.75],"texture":"#3","tintindex":0},"up":{"uv":[13,13.375,13.375,13],"rotation":270,"texture":"#3","tintindex":0},"down":{"uv":[13.5,0.5,13.875,0.875],"rotation":90,"texture":"#3","tintindex":0}}},{"from":[7.08206,-9.37965,11.39816],"to":[7.4305,-9.16243,11.70954],"rotation":{"angle":-22.5,"axis":"x","origin":[7.25628,-9.34604,11.64136]},"faces":{"east":{"uv":[13.75,6,13.5,6.25],"texture":"#3","tintindex":0},"south":{"uv":[13.875,4,13.5,4.25],"texture":"#3","tintindex":0},"west":{"uv":[13.75,5.5,13.5,5.75],"texture":"#3","tintindex":0},"up":{"uv":[13.5,4.875,13.75,4.5],"rotation":270,"texture":"#3","tintindex":0},"down":{"uv":[13.5,5,13.75,5.375],"rotation":90,"texture":"#3","tintindex":0}}},{"from":[7.10628,-15.86954,8.75247],"to":[7.12128,-10.36954,11.25247],"rotation":{"angle":0,"axis":"z","origin":[7.10628,-12.11954,9.25247]},"faces":{"east":{"uv":[5.125,10.125,7.625,15.625],"texture":"#3","tintindex":0},"west":{"uv":[7.625,10.125,5.125,15.625],"texture":"#3","tintindex":0}}},{"from":[6.99075,-11.17974,10.57425],"to":[7.52182,-10.84867,11.04883],"rotation":{"angle":-22.5,"axis":"x","origin":[7.25628,-10.78514,10.32595]},"faces":{"east":{"uv":[13,12,13.375,11.5],"rotation":90,"texture":"#3","tintindex":0},"south":{"uv":[12.375,13,12,13.5],"rotation":90,"texture":"#3","tintindex":0},"west":{"uv":[11.5,13.5,11.875,13],"rotation":270,"texture":"#3","tintindex":0},"up":{"uv":[13,2.5,13.5,2],"texture":"#3","tintindex":0},"down":{"uv":[13,2,13.5,1.5],"rotation":180,"texture":"#3","tintindex":0}}},{"from":[6.95441,-11.07751,10.1348],"to":[7.55816,-10.67376,10.71355],"rotation":{"angle":0,"axis":"z","origin":[7.25628,-10.78514,10.32595]},"faces":{"east":{"uv":[9.5,13.625,9.875,13],"rotation":90,"texture":"#3","tintindex":0},"south":{"uv":[10.375,13,10,13.625],"rotation":90,"texture":"#3","tintindex":0},"west":{"uv":[13,9.625,13.375,9],"rotation":270,"texture":"#3","tintindex":0},"up":{"uv":[12,12.625,12.625,12],"texture":"#3","tintindex":0},"down":{"uv":[12,11.625,12.625,11],"rotation":180,"texture":"#3","tintindex":0}}},{"from":[6.91879,-11.14427,9.30836],"to":[7.59379,-10.66927,10.28336],"rotation":{"angle":22.5,"axis":"x","origin":[7.25628,-10.78514,10.32595]},"faces":{"east":{"uv":[12,6.5,12.5,5.5],"rotation":90,"texture":"#3","tintindex":0},"south":{"uv":[9.5,12.5,9,13.125],"rotation":90,"texture":"#3","tintindex":0},"west":{"uv":[12,5.5,12.5,4.5],"rotation":270,"texture":"#3","tintindex":0},"up":{"uv":[11,9.5,11.625,8.5],"texture":"#3","tintindex":0},"down":{"uv":[11,8.5,11.625,7.5],"rotation":180,"texture":"#3","tintindex":0}}},{"from":[7.98018,-12,10.47267],"to":[12.98018,-7,10.48768],"rotation":{"angle":45,"axis":"y","origin":[10.48017,-9.5,10.48017]},"faces":{"north":{"uv":[1.33333,1.33333,14.66667,14.66667],"texture":"#1","tintindex":0},"south":{"uv":[14.66667,1.33333,1.33333,14.66667],"texture":"#1","tintindex":0}}},{"from":[8.98017,-11,11.97268],"to":[11.98018,-8,11.98768],"rotation":{"angle":45,"axis":"y","origin":[10.48017,-9.5,10.48017]},"faces":{"north":{"uv":[2,2,14,14],"texture":"#2","tintindex":0},"south":{"uv":[14,2,2,14],"texture":"#2","tintindex":0}}}],"gui_light":"front","display":{"thirdperson_righthand":{"rotation":[50.75,135,0],"translation":[0,-0.25,-0.25],"scale":[0.52539,0.52539,0.52539]},"thirdperson_lefthand":{"rotation":[67,45,0],"translation":[-5.5,-7.5,9],"scale":[1.3,1.3,1.3]},"firstperson_righthand":{"rotation":[176.75,45,-180],"translation":[0,1.25,2.5]},"firstperson_lefthand":{"rotation":[-10,0,0],"translation":[0,1.75,0],"scale":[0,0,0]},"ground":{"rotation":[-45,-45,0],"translation":[0,4,0],"scale":[0.7,0.7,0.7]},"gui":{"rotation":[0,135,0],"translation":[0,19.5,0],"scale":[0.98,0.98,0.98]},"head":{"rotation":[0,-45,0],"translation":[0,-36.75,6],"scale":[4,4,4]},"fixed":{"rotation":[0,135,0],"translation":[0,-1.75,-1.25],"scale":[2,2,2]}}}