{"credit":"Madebysamus2002","texture_size":[64,64],"textures":{"0":"food2:food2_texture/donut_chocolate","particle":"food2:food2_texture/donut_chocolate"},"elements":[{"from":[5.0625,7,5],"to":[7.0625,9,11],"rotation":{"angle":0,"axis":"y","origin":[8,8,8]},"faces":{"north":{"uv":[1,9,1.5,9.5],"texture":"#0"},"east":{"uv":[7.75,6.75,9.25,7.25],"texture":"#0"},"south":{"uv":[9.125,1.5,9.625,2],"texture":"#0"},"west":{"uv":[7.75,7.5,9.25,8],"texture":"#0"},"up":{"uv":[5,5.25,4.5,3.75],"texture":"#0"},"down":{"uv":[0.625,5,0,6.5],"texture":"#0"}}},{"from":[9.0625,7,5],"to":[11.0625,9,11],"rotation":{"angle":0,"axis":"y","origin":[8,8,8]},"faces":{"north":{"uv":[2.75,9,3.25,9.5],"texture":"#0"},"east":{"uv":[7.25,4.5,8.75,5],"texture":"#0"},"south":{"uv":[9,3,9.5,3.5],"texture":"#0"},"west":{"uv":[2.5,7.5,4,8],"texture":"#0"},"up":{"uv":[5,8.75,4.5,7.25],"texture":"#0"},"down":{"uv":[5.75,7.75,5.25,9.25],"texture":"#0"}}},{"from":[7.0625,7,5],"to":[9.0625,9,7],"rotation":{"angle":0,"axis":"y","origin":[8,8,8]},"faces":{"north":{"uv":[7.75,0.75,8.25,1.25],"texture":"#0"},"east":{"uv":[9,0,9.625,0.5],"texture":"#0"},"south":{"uv":[7.75,3.75,8.5,4.25],"texture":"#0"},"west":{"uv":[9,0.75,9.625,1.25],"texture":"#0"},"up":{"uv":[5.5,2.25,5,1.75],"texture":"#0"},"down":{"uv":[5.5,2.75,4.875,3.25],"texture":"#0"}}},{"from":[7.0625,7,9],"to":[9.0625,9,11],"rotation":{"angle":0,"axis":"y","origin":[8,8,8]},"faces":{"north":{"uv":[7.75,3.75,8.5,4.25],"texture":"#0"},"east":{"uv":[9,0.75,9.625,1.25],"texture":"#0"},"south":{"uv":[7.75,0.75,8.25,1.25],"texture":"#0"},"west":{"uv":[9,0,9.625,0.5],"texture":"#0"},"up":{"uv":[5.5,2.25,5,1.75],"rotation":180,"texture":"#0"},"down":{"uv":[5.5,2.75,4.875,3.25],"rotation":180,"texture":"#0"}}}],"gui_light":"front","display":{"thirdperson_righthand":{"translation":[0,-0.25,0],"scale":[1.2,1.2,1.2]},"thirdperson_lefthand":{"translation":[0,-0.25,0],"scale":[1.2,1.2,1.2]},"firstperson_righthand":{"rotation":[20,1,7],"translation":[2,1.75,0.75],"scale":[1.2,1.2,1.2]},"firstperson_lefthand":{"rotation":[20,1,7],"translation":[2,1.75,0.75],"scale":[1.2,1.2,1.2]},"ground":{"scale":[1.2,1.2,1.2]},"gui":{"rotation":[40,49,0],"translation":[0,-0.25,0],"scale":[1.6,1.6,1.6]},"fixed":{"rotation":[-90,28,0],"translation":[0,0,-2],"scale":[2,2,2]}},"groups":[{"name":"donut1","origin":[8,8,8],"color":0,"boneType":"","children":[0,1,2,3]},{"name":"donut2","origin":[8,8,8],"color":0,"boneType":"","children":[]},{"name":"donut3","origin":[8,8,8],"color":0,"boneType":"","children":[]}]}