{"credit":"Madebysamus2002","texture_size":[64,64],"textures":{"0":"food2:food2_texture/kebap","particle":"food2:food2_texture/kebap"},"elements":[{"from":[7.775,7.75,3.125],"to":[8.275,8.25,12.125],"rotation":{"angle":45,"axis":"y","origin":[8,8,8]},"faces":{"north":{"uv":[4.5,10.75,4.625,10.875],"texture":"#0"},"east":{"uv":[0,4.25,2.25,4.375],"texture":"#0"},"south":{"uv":[10.75,4.5,10.875,4.625],"texture":"#0"},"west":{"uv":[2.5,4.25,4.75,4.375],"texture":"#0"},"up":{"uv":[4.625,2.25,4.5,0],"texture":"#0"},"down":{"uv":[0.125,4.75,0,7],"texture":"#0"}}},{"from":[7.25,7.5,10.625],"to":[8.75,8.5,11.625],"rotation":{"angle":45,"axis":"y","origin":[8,8,8]},"faces":{"north":{"uv":[5,1.5,5.375,1.75],"texture":"#0"},"east":{"uv":[2.5,5.25,2.75,5.5],"texture":"#0"},"south":{"uv":[5,2,5.375,2.25],"texture":"#0"},"west":{"uv":[2.5,5.75,2.75,6],"texture":"#0"},"up":{"uv":[5.375,4.25,5,4],"texture":"#0"},"down":{"uv":[4.375,5.25,4,5.5],"texture":"#0"}}},{"from":[7.25,7.5,9.875],"to":[8.75,8.5,10.375],"rotation":{"angle":45,"axis":"y","origin":[8,8,8]},"faces":{"north":{"uv":[4.75,5.25,5.125,5.5],"texture":"#0"},"east":{"uv":[10.25,0,10.375,0.25],"texture":"#0"},"south":{"uv":[5.5,2.5,5.875,2.75],"texture":"#0"},"west":{"uv":[10.25,0.5,10.375,0.75],"texture":"#0"},"up":{"uv":[9.625,5.125,9.25,5],"texture":"#0"},"down":{"uv":[5.875,9.25,5.5,9.375],"texture":"#0"}}},{"from":[7.25,7.5,5.125],"to":[8.75,8.5,5.625],"rotation":{"angle":45,"axis":"y","origin":[8,8,8]},"faces":{"north":{"uv":[6.5,4,6.875,4.25],"texture":"#0"},"east":{"uv":[2.25,10.25,2.375,10.5],"texture":"#0"},"south":{"uv":[6.5,4.5,6.875,4.75],"texture":"#0"},"west":{"uv":[2.75,10.25,2.875,10.5],"texture":"#0"},"up":{"uv":[9.875,0.125,9.5,0],"texture":"#0"},"down":{"uv":[9.875,0.5,9.5,0.625],"texture":"#0"}}},{"from":[7.25,7.5,4.625],"to":[8.75,8.5,5.125],"rotation":{"angle":45,"axis":"y","origin":[8,8,8]},"faces":{"north":{"uv":[4,6.75,4.375,7],"texture":"#0"},"east":{"uv":[3.25,10.25,3.375,10.5],"texture":"#0"},"south":{"uv":[4.75,6.75,5.125,7],"texture":"#0"},"west":{"uv":[3.75,10.25,3.875,10.5],"texture":"#0"},"up":{"uv":[9.875,1.125,9.5,1],"texture":"#0"},"down":{"uv":[9.875,1.5,9.5,1.625],"texture":"#0"}}},{"from":[7.25,7.5,6.875],"to":[8.75,8.5,7.375],"rotation":{"angle":45,"axis":"y","origin":[8,8,8]},"faces":{"north":{"uv":[5.75,1.5,6.125,1.75],"texture":"#0"},"east":{"uv":[1.25,10.25,1.375,10.5],"texture":"#0"},"south":{"uv":[5.75,2,6.125,2.25],"texture":"#0"},"west":{"uv":[10.25,1.5,10.375,1.75],"texture":"#0"},"up":{"uv":[9.625,6.625,9.25,6.5],"texture":"#0"},"down":{"uv":[9.625,7,9.25,7.125],"texture":"#0"}}},{"from":[7.25,7.5,8.625],"to":[8.75,8.5,9.625],"rotation":{"angle":45,"axis":"y","origin":[8,8,8]},"faces":{"north":{"uv":[4,5.75,4.375,6],"texture":"#0"},"east":{"uv":[2.5,6.25,2.75,6.5],"texture":"#0"},"south":{"uv":[5.75,4,6.125,4.25],"texture":"#0"},"west":{"uv":[2.5,6.75,2.75,7],"texture":"#0"},"up":{"uv":[5.125,6,4.75,5.75],"texture":"#0"},"down":{"uv":[5.875,5.75,5.5,6],"texture":"#0"}}},{"from":[7.25,7.5,5.625],"to":[8.75,8.5,6.625],"rotation":{"angle":45,"axis":"y","origin":[8,8,8]},"faces":{"north":{"uv":[6.25,5.75,6.625,6],"texture":"#0"},"east":{"uv":[5.75,8.75,6,9],"texture":"#0"},"south":{"uv":[6.25,6.25,6.625,6.5],"texture":"#0"},"west":{"uv":[6.25,8.75,6.5,9],"texture":"#0"},"up":{"uv":[6.875,1.75,6.5,1.5],"texture":"#0"},"down":{"uv":[6.875,2,6.5,2.25],"texture":"#0"}}},{"from":[7.25,7.5,7.375],"to":[8.75,8.5,8.375],"rotation":{"angle":45,"axis":"y","origin":[8,8,8]},"faces":{"north":{"uv":[4,6.25,4.375,6.5],"texture":"#0"},"east":{"uv":[0,7.25,0.25,7.5],"texture":"#0"},"south":{"uv":[4.75,6.25,5.125,6.5],"texture":"#0"},"west":{"uv":[5.25,8.75,5.5,9],"texture":"#0"},"up":{"uv":[6.625,5.5,6.25,5.25],"texture":"#0"},"down":{"uv":[5.875,6.25,5.5,6.5],"texture":"#0"}}}],"gui_light":"front","display":{"thirdperson_righthand":{"rotation":[91,142,0],"translation":[-0.5,5.5,1.25],"scale":[1.6,1.6,1.6]},"thirdperson_lefthand":{"rotation":[91,-129,0],"translation":[-0.5,5.5,1.25],"scale":[1.6,1.6,1.6]},"firstperson_righthand":{"rotation":[91,142,0],"translation":[0.75,5.5,1.25],"scale":[1.6,1.6,1.6]},"firstperson_lefthand":{"rotation":[91,-133,0],"translation":[0.75,5.5,1.25],"scale":[1.6,1.6,1.6]},"ground":{"scale":[1.6,1.6,1.6]},"gui":{"rotation":[55,-176,14],"translation":[-0.25,0.25,0],"scale":[2,2,2]},"fixed":{"rotation":[-90,-23,0],"translation":[0,0,-1.25],"scale":[2.9,2.9,2.9]}},"groups":[{"name":"lambkebap","origin":[9.59099,8,5.23786],"color":0,"boneType":"","children":[0,1,2,3,4,5,6,7,8]}]}