{"credit":"Madebysamus2002","texture_size":[64,64],"textures":{"0":"food2:food2_texture/turkey","particle":"food2:food2_texture/turkey"},"elements":[{"from":[2.0625,7.81026,10.74343],"to":[4.0625,11.31026,15.24343],"rotation":{"angle":22.5,"axis":"x","origin":[5.725,8,8]},"faces":{"north":{"uv":[4.75,7.25,5.25,8],"texture":"#0"},"east":{"uv":[0,6.25,1.25,7],"texture":"#0"},"south":{"uv":[5.5,7.25,6,8],"texture":"#0"},"west":{"uv":[6.25,1.75,7.5,2.5],"texture":"#0"},"up":{"uv":[3.5,7.75,3,6.5],"texture":"#0"},"down":{"uv":[7.25,0,6.75,1.25],"texture":"#0"}}},{"from":[1.0625,5.8295,3.85653],"to":[4.0625,8.8295,9.35653],"rotation":{"angle":0,"axis":"y","origin":[5.725,8,8]},"faces":{"north":{"uv":[7,6.75,7.75,7.5],"texture":"#0"},"east":{"uv":[4.5,1.75,6,2.5],"texture":"#0"},"south":{"uv":[0,7.25,0.75,8],"texture":"#0"},"west":{"uv":[2.25,4.5,3.75,5.25],"texture":"#0"},"up":{"uv":[4.75,6,4,4.5],"texture":"#0"},"down":{"uv":[5.75,4.5,5,6],"texture":"#0"}}},{"from":[2.0625,5.89277,1.78958],"to":[4.0625,7.89277,3.78958],"rotation":{"angle":0,"axis":"y","origin":[5.725,8,8]},"faces":{"north":{"uv":[1,7.5,1.5,8],"texture":"#0"},"east":{"uv":[7.5,1,8,1.5],"texture":"#0"},"south":{"uv":[1.75,7.5,2.25,8],"texture":"#0"},"west":{"uv":[7.75,1.75,8.25,2.25],"texture":"#0"},"up":{"uv":[8.25,4.25,7.75,3.75],"texture":"#0"},"down":{"uv":[8.25,4.5,7.75,5],"texture":"#0"}}},{"from":[11.9375,5.8295,3.85653],"to":[14.9375,8.8295,9.35653],"rotation":{"angle":0,"axis":"y","origin":[10.275,8,8]},"faces":{"north":{"uv":[7.25,2.75,8,3.5],"texture":"#0"},"east":{"uv":[2.25,5.5,3.75,6.25],"texture":"#0"},"south":{"uv":[3.75,7.25,4.5,8],"texture":"#0"},"west":{"uv":[5.5,2.75,7,3.5],"texture":"#0"},"up":{"uv":[6.75,5.25,6,3.75],"texture":"#0"},"down":{"uv":[6.75,5.5,6,7],"texture":"#0"}}},{"from":[11.9375,5.89277,1.78958],"to":[13.9375,7.89277,3.78958],"rotation":{"angle":0,"axis":"y","origin":[10.275,8,8]},"faces":{"north":{"uv":[7.75,5.25,8.25,5.75],"texture":"#0"},"east":{"uv":[7.75,6,8.25,6.5],"texture":"#0"},"south":{"uv":[7,7.75,7.5,8.25],"texture":"#0"},"west":{"uv":[7.75,7.75,8.25,8.25],"texture":"#0"},"up":{"uv":[3,8.5,2.5,8],"texture":"#0"},"down":{"uv":[8.5,6.75,8,7.25],"texture":"#0"}}},{"from":[11.9375,7.81026,10.74343],"to":[13.9375,11.31026,15.24343],"rotation":{"angle":22.5,"axis":"x","origin":[10.275,8,8]},"faces":{"north":{"uv":[6.25,7.25,6.75,8],"texture":"#0"},"east":{"uv":[4,6.25,5.25,7],"texture":"#0"},"south":{"uv":[7.5,0,8,0.75],"texture":"#0"},"west":{"uv":[1.5,6.5,2.75,7.25],"texture":"#0"},"up":{"uv":[7.5,5,7,3.75],"texture":"#0"},"down":{"uv":[7.5,5.25,7,6.5],"texture":"#0"}}},{"from":[4,6.35723,3.65012],"to":[12,11.85723,13.65012],"rotation":{"angle":0,"axis":"y","origin":[4.8375,8,8]},"faces":{"north":{"uv":[0,4.5,2,6],"texture":"#0"},"east":{"uv":[0,2.75,2.5,4.25],"texture":"#0"},"south":{"uv":[4.5,0,6.5,1.5],"texture":"#0"},"west":{"uv":[2.75,2.75,5.25,4.25],"texture":"#0"},"up":{"uv":[2,2.5,0,0],"texture":"#0"},"down":{"uv":[4.25,0,2.25,2.5],"texture":"#0"}}}],"gui_light":"front","display":{"thirdperson_righthand":{"translation":[0,0,-1.5]},"thirdperson_lefthand":{"translation":[0,0,-1.5]},"firstperson_righthand":{"rotation":[17,14,0],"translation":[2.25,2.25,-3.5]},"firstperson_lefthand":{"rotation":[17,14,0],"translation":[2.25,2.25,-3.5]},"gui":{"rotation":[26,139,0],"translation":[-0.5,-0.5,0],"scale":[0.8,0.8,0.8]},"fixed":{"rotation":[-90,0,0],"translation":[0,-1.25,-4.25],"scale":[2,2,2]}}}