{"credit":"MadewithBlockbench","texture_size":[128,128],"textures":{"0":"easter_furniture:easter_texture_01","particle":"easter_furniture:easter_texture_01"},"elements":[{"from":[3,7,3],"to":[13,10,13],"faces":{"north":{"uv":[0,1.25,1.25,1.625],"texture":"#0"},"east":{"uv":[0,1.25,1.25,1.625],"texture":"#0"},"south":{"uv":[0,1.25,1.25,1.625],"texture":"#0"},"west":{"uv":[0,1.25,1.25,1.625],"texture":"#0"},"up":{"uv":[0,0,1.25,1.25],"texture":"#0"},"down":{"uv":[0,0,1.25,1.25],"texture":"#0"}}},{"from":[3.5,0,4],"to":[5.5,7,6],"rotation":{"angle":-45,"axis":"y","origin":[5,7,5]},"faces":{"north":{"uv":[1.25,0,1.5,0.875],"texture":"#0"},"east":{"uv":[1.25,0,1.5,0.875],"texture":"#0"},"south":{"uv":[1.25,0,1.5,0.875],"texture":"#0"},"west":{"uv":[1.25,0,1.5,0.875],"texture":"#0"},"up":{"uv":[1.25,0.875,1.5,1.125],"texture":"#0"},"down":{"uv":[1.25,0.875,1.5,1.125],"texture":"#0"}}},{"from":[5,3,4],"to":[11,4.5,5],"faces":{"north":{"uv":[0.75,1.625,0,1.8125],"texture":"#0"},"south":{"uv":[0.75,1.625,0,1.8125],"texture":"#0"},"up":{"uv":[1.5,0.75,1.625,0],"rotation":90,"texture":"#0"},"down":{"uv":[1.5,0.75,1.625,0],"rotation":90,"texture":"#0"}}},{"from":[5,3,11],"to":[11,4.5,12],"rotation":{"angle":0,"axis":"y","origin":[0,0,16]},"faces":{"north":{"uv":[0,1.625,0.75,1.8125],"texture":"#0"},"south":{"uv":[0,1.625,0.75,1.8125],"texture":"#0"},"up":{"uv":[1.625,0.75,1.5,0],"rotation":90,"texture":"#0"},"down":{"uv":[1.625,0.75,1.5,0],"rotation":90,"texture":"#0"}}},{"from":[11,3,5],"to":[12,4.5,11],"faces":{"east":{"uv":[0.75,1.625,0,1.8125],"texture":"#0"},"west":{"uv":[0.75,1.625,0,1.8125],"texture":"#0"},"up":{"uv":[1.5,0.75,1.625,0],"rotation":180,"texture":"#0"},"down":{"uv":[1.5,0.75,1.625,0],"texture":"#0"}}},{"from":[4,3,5],"to":[5,4.5,11],"rotation":{"angle":0,"axis":"y","origin":[-16,0,0]},"faces":{"east":{"uv":[0,1.625,0.75,1.8125],"texture":"#0"},"west":{"uv":[0,1.625,0.75,1.8125],"texture":"#0"},"up":{"uv":[1.625,0.75,1.5,0],"rotation":180,"texture":"#0"},"down":{"uv":[1.625,0.75,1.5,0],"texture":"#0"}}},{"from":[10.5,0,4],"to":[12.5,7,6],"rotation":{"angle":45,"axis":"y","origin":[11,7,5]},"faces":{"north":{"uv":[1.5,0,1.25,0.875],"texture":"#0"},"east":{"uv":[1.5,0,1.25,0.875],"texture":"#0"},"south":{"uv":[1.5,0,1.25,0.875],"texture":"#0"},"west":{"uv":[1.5,0,1.25,0.875],"texture":"#0"},"up":{"uv":[1.5,0.875,1.25,1.125],"texture":"#0"},"down":{"uv":[1.5,0.875,1.25,1.125],"texture":"#0"}}},{"from":[10.5,0,10],"to":[12.5,7,12],"rotation":{"angle":-45,"axis":"y","origin":[11,7,11]},"faces":{"north":{"uv":[1.25,0,1.5,0.875],"texture":"#0"},"east":{"uv":[1.25,0,1.5,0.875],"texture":"#0"},"south":{"uv":[1.25,0,1.5,0.875],"texture":"#0"},"west":{"uv":[1.25,0,1.5,0.875],"texture":"#0"},"up":{"uv":[1.5,1.125,1.25,0.875],"texture":"#0"},"down":{"uv":[1.5,1.125,1.25,0.875],"texture":"#0"}}},{"from":[3.5,0,10],"to":[5.5,7,12],"rotation":{"angle":45,"axis":"y","origin":[5,7,11]},"faces":{"north":{"uv":[1.5,0,1.25,0.875],"texture":"#0"},"east":{"uv":[1.5,0,1.25,0.875],"texture":"#0"},"south":{"uv":[1.5,0,1.25,0.875],"texture":"#0"},"west":{"uv":[1.5,0,1.25,0.875],"texture":"#0"},"up":{"uv":[1.25,1.125,1.5,0.875],"texture":"#0"},"down":{"uv":[1.25,1.125,1.5,0.875],"texture":"#0"}}}],"gui_light":"front","display":{"thirdperson_righthand":{"rotation":[67.5,0,0],"translation":[0,1.75,-0.25],"scale":[0.375,0.375,0.375]},"thirdperson_lefthand":{"rotation":[67.5,0,0],"translation":[0,1.75,-0.25],"scale":[0.375,0.375,0.375]},"firstperson_righthand":{"translation":[0,3,0],"scale":[0.49961,0.49961,0.49961]},"firstperson_lefthand":{"translation":[0,3,0],"scale":[0.49961,0.49961,0.49961]},"ground":{"translation":[0,6,0],"scale":[0.6,0.6,0.6]},"gui":{"rotation":[30,135,0],"translation":[0,2,0],"scale":[0.94531,0.94531,0.94531]},"head":{"rotation":[0,-180,0],"translation":[0,-29.55,-0.5],"scale":[1.7,1.7,1.7]},"fixed":{"rotation":[-90,0,0],"translation":[-0.25,-0.25,-17.5],"scale":[2.2,2.2,2.2]}}}