{"credit":"MadewithBlockbench","texture_size":[28,28],"textures":{"0":"elitecreatures:japan_furniture_v1/wall","particle":"elitecreatures:japan_furniture_v1/wall"},"elements":[{"from":[9.01,-0.34,8.16],"to":[12.39,16.19,11.54],"rotation":{"angle":0,"axis":"y","origin":[4.875,8,4]},"faces":{"north":{"uv":[4.625,0,6.55643,9.44571],"texture":"#0"},"east":{"uv":[4.625,0,6.55643,9.44571],"texture":"#0"},"south":{"uv":[4.625,0,6.55643,9.44571],"texture":"#0"},"west":{"uv":[4.625,0,6.55643,9.44571],"texture":"#0"},"up":{"uv":[6.625,0,7.985,1.36],"texture":"#0"},"down":{"uv":[6.625,0,7.985,1.36],"texture":"#0"}}}],"gui_light":"front","display":{"thirdperson_righthand":{"rotation":[16.25,0,0],"translation":[0,0.75,0.25],"scale":[0.42,0.42,0.43]},"thirdperson_lefthand":{"rotation":[16.25,0,0],"translation":[0,0.75,0.25],"scale":[0.42,0.42,0.43]},"firstperson_righthand":{"scale":[0,0,0]},"firstperson_lefthand":{"scale":[0,0,0]},"ground":{"translation":[0,1.5,0],"scale":[0.5,0.5,0.5]},"gui":{"rotation":[19,122,0],"translation":[0,-0.5,0],"scale":[0.83,0.83,0.84]},"head":{"translation":[0.5,-9.75,1],"scale":[4,4,4]},"fixed":{"translation":[0,0,-5.5]}},"groups":[0,{"name":"group","origin":[4.875,8,4],"color":0,"children":[]}]}