{"credit":"MadewithBlockbench","texture_size":[28,28],"textures":{"0":"elitecreatures:japan_furniture_v1/door_1","particle":"elitecreatures:japan_furniture_v1/door_1"},"elements":[{"from":[-0.4348,19.9592,7.3532],"to":[16.4348,24.5528,8.6468],"rotation":{"angle":0,"axis":"y","origin":[8,8,8]},"faces":{"north":{"uv":[8.55286,10.875,1.25,12.86357],"texture":"#0"},"east":{"uv":[1,0,0,1],"texture":"#0"},"south":{"uv":[1.25,10.875,8.55286,12.86357],"texture":"#0"},"west":{"uv":[1,0,0,1],"texture":"#0"},"up":{"uv":[1,0,0,1],"texture":"#0"},"down":{"uv":[1,0,0,1],"texture":"#0"}}},{"from":[-3.2068,23.7212,6.8252],"to":[19.2068,25.1468,9.1748],"rotation":{"angle":0,"axis":"y","origin":[8,8,8]},"faces":{"north":{"uv":[7.74214,0.625,7.125,10.32786],"rotation":270,"texture":"#0"},"east":{"uv":[7.74214,0.625,7.125,0.70286],"rotation":270,"texture":"#0"},"south":{"uv":[7.74214,10.32786,7.125,0.625],"rotation":270,"texture":"#0"},"west":{"uv":[7.74214,0.625,7.125,0.70286],"rotation":270,"texture":"#0"},"up":{"uv":[8.99214,10.32786,7.75,0.625],"rotation":270,"texture":"#0"},"down":{"uv":[7.74214,0.625,7.125,0.70286],"rotation":270,"texture":"#0"}}},{"from":[7.9472,18.4742,7.6172],"to":[16.5008,19.6358,8.6468],"rotation":{"angle":0,"axis":"y","origin":[8,8,8]},"faces":{"north":{"uv":[1.60286,4.13143,1.125,0.5],"rotation":270,"texture":"#0"},"east":{"uv":[16,1,15,0],"rotation":90,"texture":"#0"},"south":{"uv":[1.60286,0.5,1.125,4.13143],"rotation":270,"texture":"#0"},"west":{"uv":[1.60286,0.63143,1.125,0.5],"rotation":270,"texture":"#0"},"up":{"uv":[1.22786,4.13143,1.125,0.5],"rotation":90,"texture":"#0"},"down":{"uv":[1.21536,4.13143,1.22813,0.5],"rotation":90,"texture":"#0"}}},{"from":[7.9472,14.3822,7.6172],"to":[16.3688,15.9398,8.6468],"rotation":{"angle":0,"axis":"y","origin":[8,8,8]},"faces":{"north":{"uv":[2.49929,4.14571,1.875,0.5],"rotation":270,"texture":"#0"},"east":{"uv":[16,1,15,0],"rotation":90,"texture":"#0"},"south":{"uv":[2.49929,0.5,1.875,4.14571],"rotation":270,"texture":"#0"},"west":{"uv":[2.49929,0.64571,1.875,0.5],"rotation":270,"texture":"#0"},"up":{"uv":[1.98679,4.14571,1.875,0.5],"rotation":90,"texture":"#0"},"down":{"uv":[1.98679,4.14571,1.875,0.5],"rotation":90,"texture":"#0"}}},{"from":[-0.5008,18.4742,7.6172],"to":[8.0528,19.6358,8.6468],"rotation":{"angle":0,"axis":"y","origin":[1.96925,8.726,8.1056]},"faces":{"north":{"uv":[1.60286,0.5,1.125,4.13143],"rotation":270,"texture":"#0"},"east":{"uv":[1.60286,0.5,1.125,0.63143],"rotation":270,"texture":"#0"},"south":{"uv":[1.60286,4.13143,1.125,0.5],"rotation":270,"texture":"#0"},"west":{"uv":[16,0,15,1],"rotation":90,"texture":"#0"},"up":{"uv":[1.22786,0.5,1.125,4.13143],"rotation":90,"texture":"#0"},"down":{"uv":[1.21536,0.5,1.22813,4.13143],"rotation":90,"texture":"#0"}}},{"from":[-0.3688,14.3822,7.6172],"to":[8.0528,15.9398,8.6468],"rotation":{"angle":0,"axis":"y","origin":[1.96925,8.726,8.1056]},"faces":{"north":{"uv":[2.49929,0.5,1.875,4.14571],"rotation":270,"texture":"#0"},"east":{"uv":[2.49929,0.5,1.875,0.64571],"rotation":270,"texture":"#0"},"south":{"uv":[2.49929,4.14571,1.875,0.5],"rotation":270,"texture":"#0"},"west":{"uv":[16,0,15,1],"rotation":90,"texture":"#0"},"up":{"uv":[1.98679,0.5,1.875,4.14571],"rotation":90,"texture":"#0"},"down":{"uv":[1.98679,0.5,1.875,4.14571],"rotation":90,"texture":"#0"}}},{"from":[-0.3688,6.4622,7.6172],"to":[8.0528,8.0198,8.6468],"rotation":{"angle":0,"axis":"y","origin":[1.96925,8.726,8.1056]},"faces":{"north":{"uv":[2.49929,0.5,1.875,4.14571],"rotation":270,"texture":"#0"},"east":{"uv":[2.49929,0.5,1.875,0.64571],"rotation":270,"texture":"#0"},"south":{"uv":[2.49929,4.14571,1.875,0.5],"rotation":270,"texture":"#0"},"west":{"uv":[16,0,15,1],"rotation":90,"texture":"#0"},"up":{"uv":[1.98679,0.5,1.875,4.14571],"rotation":90,"texture":"#0"},"down":{"uv":[1.98679,0.5,1.875,4.14571],"rotation":90,"texture":"#0"}}},{"from":[-2.1508,-2.4808,6.9572],"to":[-0.3292,24.5528,9.0428],"rotation":{"angle":0,"axis":"y","origin":[8,8,8]},"faces":{"north":{"uv":[0.73857,0,0,11.70286],"texture":"#0"},"east":{"uv":[0.73857,0,0.675,11.70286],"texture":"#0"},"south":{"uv":[0,0,0.73857,11.70286],"texture":"#0"},"west":{"uv":[0,0,0.73857,11.70286],"texture":"#0"},"up":{"uv":[1,0,0,1],"texture":"#0"},"down":{"uv":[0.73857,11.75,0,11.67786],"rotation":180,"texture":"#0"}}},{"from":[-0.3358,-2.4148,7.4852],"to":[0.5288,19.8338,8.7788],"rotation":{"angle":0,"axis":"y","origin":[1.96925,8.726,8.1056]},"faces":{"north":{"uv":[10.61357,0,1.125,0.37429],"rotation":270,"texture":"#0"},"east":{"uv":[10.61357,0,1.125,0.075],"rotation":270,"texture":"#0"},"south":{"uv":[10.61357,0.37429,1.125,0],"rotation":270,"texture":"#0"},"west":{"uv":[10.61357,0.05,1.125,0],"rotation":270,"texture":"#0"},"up":{"uv":[1.36357,0,1.125,0.37429],"rotation":270,"texture":"#0"},"down":{"uv":[10.61357,0,10.5,0.37429],"rotation":90,"texture":"#0"}}},{"from":[-0.3688,-2.3818,7.6172],"to":[8.0528,-0.8242,8.6468],"rotation":{"angle":0,"axis":"y","origin":[1.96925,8.726,8.1056]},"faces":{"north":{"uv":[2.49929,0.5,1.875,4.14571],"rotation":270,"texture":"#0"},"east":{"uv":[2.49929,0.5,1.875,0.64571],"rotation":270,"texture":"#0"},"south":{"uv":[2.49929,4.14571,1.875,0.5],"rotation":270,"texture":"#0"},"west":{"uv":[16,0,15,1],"rotation":90,"texture":"#0"},"up":{"uv":[1.98679,0.5,1.875,4.14571],"rotation":90,"texture":"#0"},"down":{"uv":[1.98679,0.5,1.875,4.14571],"rotation":90,"texture":"#0"}}},{"from":[7.9472,-2.3818,7.6172],"to":[16.3688,-0.8242,8.6468],"rotation":{"angle":0,"axis":"y","origin":[8,8,8]},"faces":{"north":{"uv":[2.49929,4.14571,1.875,0.5],"rotation":270,"texture":"#0"},"east":{"uv":[16,1,15,0],"rotation":90,"texture":"#0"},"south":{"uv":[2.49929,0.5,1.875,4.14571],"rotation":270,"texture":"#0"},"west":{"uv":[2.49929,0.64571,1.875,0.5],"rotation":270,"texture":"#0"},"up":{"uv":[1.98679,4.14571,1.875,0.5],"rotation":90,"texture":"#0"},"down":{"uv":[1.98679,4.14571,1.875,0.5],"rotation":90,"texture":"#0"}}},{"from":[8.0132,7.8152,7.7492],"to":[16.6328,15.1808,8.4092],"rotation":{"angle":0,"axis":"y","origin":[8,8,8]},"faces":{"north":{"uv":[3,2.525,6.70286,5.40286],"texture":"#0"},"east":{"uv":[0,0,1,1],"texture":"#0"},"south":{"uv":[6.70286,2.525,3,5.40286],"texture":"#0"},"west":{"uv":[6.625,2.525,6.70286,5.40286],"texture":"#0"},"up":{"uv":[0,0,1,1],"texture":"#0"},"down":{"uv":[0,0,1,1],"texture":"#0"}}},{"from":[7.9472,6.4622,7.6172],"to":[16.3688,8.0198,8.6468],"rotation":{"angle":0,"axis":"y","origin":[8,8,8]},"faces":{"north":{"uv":[2.49929,4.14571,1.875,0.5],"rotation":270,"texture":"#0"},"east":{"uv":[16,1,15,0],"rotation":90,"texture":"#0"},"south":{"uv":[2.49929,0.5,1.875,4.14571],"rotation":270,"texture":"#0"},"west":{"uv":[2.49929,0.64571,1.875,0.5],"rotation":270,"texture":"#0"},"up":{"uv":[1.98679,4.14571,1.875,0.5],"rotation":90,"texture":"#0"},"down":{"uv":[1.98679,4.14571,1.875,0.5],"rotation":90,"texture":"#0"}}},{"from":[15.4712,-2.4148,7.4852],"to":[16.3358,19.8338,8.7788],"rotation":{"angle":0,"axis":"y","origin":[8,8,8]},"faces":{"north":{"uv":[10.61357,0.37429,1.125,0],"rotation":270,"texture":"#0"},"east":{"uv":[10.61357,0,1.125,0.05],"rotation":270,"texture":"#0"},"south":{"uv":[10.61357,0,1.125,0.37429],"rotation":270,"texture":"#0"},"west":{"uv":[10.61357,0.075,1.125,0],"rotation":270,"texture":"#0"},"up":{"uv":[1.36357,0.37429,1.125,0],"rotation":270,"texture":"#0"},"down":{"uv":[10.61357,0.37429,10.5,0],"rotation":90,"texture":"#0"}}},{"from":[16.3292,-2.4808,6.9572],"to":[18.1508,24.5528,9.0428],"rotation":{"angle":0,"axis":"y","origin":[8,8,8]},"faces":{"north":{"uv":[0,0,0.73857,11.70286],"texture":"#0"},"east":{"uv":[0,0,0.73857,11.70286],"texture":"#0"},"south":{"uv":[0.73857,0,0,11.70286],"texture":"#0"},"west":{"uv":[0.675,0,0.73857,11.70286],"texture":"#0"},"up":{"uv":[0,0,1,1],"texture":"#0"},"down":{"uv":[0,11.75,0.73857,11.67786],"rotation":180,"texture":"#0"}}},{"from":[8.0132,-1.0288,7.7492],"to":[16.6328,6.6008,8.4092],"rotation":{"angle":0,"axis":"y","origin":[8,8,8]},"faces":{"north":{"uv":[3,2.525,6.73143,5.82786],"texture":"#0"},"east":{"uv":[0,0,1,1],"texture":"#0"},"south":{"uv":[6.73143,2.525,3,5.82786],"texture":"#0"},"west":{"uv":[6.5875,2.525,6.73143,5.82786],"texture":"#0"},"up":{"uv":[0,0,1,1],"texture":"#0"},"down":{"uv":[0,0,1,1],"texture":"#0"}}},{"from":[8.0132,15.7352,7.7492],"to":[16.6328,19.1408,8.4092],"rotation":{"angle":0,"axis":"y","origin":[8,8,8]},"faces":{"north":{"uv":[3,2.525,6.73143,3.99929],"texture":"#0"},"east":{"uv":[0,0,1,1],"texture":"#0"},"south":{"uv":[6.73143,2.525,3,3.99929],"texture":"#0"},"west":{"uv":[6.5875,2.525,6.73143,3.99929],"texture":"#0"},"up":{"uv":[0,0,1,1],"texture":"#0"},"down":{"uv":[0,0,1,1],"texture":"#0"}}},{"from":[-0.6328,15.7352,7.7492],"to":[7.9868,19.1408,8.4092],"rotation":{"angle":0,"axis":"y","origin":[1.96925,8.726,8.1056]},"faces":{"north":{"uv":[6.73143,2.525,3,3.99929],"texture":"#0"},"east":{"uv":[6.73143,2.525,6.5875,3.99929],"texture":"#0"},"south":{"uv":[3,2.525,6.73143,3.99929],"texture":"#0"},"west":{"uv":[1,0,0,1],"texture":"#0"},"up":{"uv":[1,0,0,1],"texture":"#0"},"down":{"uv":[1,0,0,1],"texture":"#0"}}},{"from":[-0.6328,7.8152,7.7492],"to":[7.9868,15.1808,8.4092],"rotation":{"angle":0,"axis":"y","origin":[1.96925,8.726,8.1056]},"faces":{"north":{"uv":[6.70286,2.525,3,5.40286],"texture":"#0"},"east":{"uv":[6.70286,2.525,6.625,5.40286],"texture":"#0"},"south":{"uv":[3,2.525,6.70286,5.40286],"texture":"#0"},"west":{"uv":[1,0,0,1],"texture":"#0"},"up":{"uv":[1,0,0,1],"texture":"#0"},"down":{"uv":[1,0,0,1],"texture":"#0"}}},{"from":[-0.6328,-1.0288,7.7492],"to":[7.9868,6.6008,8.4092],"rotation":{"angle":0,"axis":"y","origin":[1.96925,8.726,8.1056]},"faces":{"north":{"uv":[6.73143,2.525,3,5.82786],"texture":"#0"},"east":{"uv":[6.73143,2.525,6.5875,5.82786],"texture":"#0"},"south":{"uv":[3,2.525,6.73143,5.82786],"texture":"#0"},"west":{"uv":[1,0,0,1],"texture":"#0"},"up":{"uv":[1,0,0,1],"texture":"#0"},"down":{"uv":[1,0,0,1],"texture":"#0"}}},{"from":[-3.2068,19.4972,6.8252],"to":[19.2068,20.9228,9.1748],"rotation":{"angle":0,"axis":"y","origin":[8,8,8]},"faces":{"north":{"uv":[7.74214,0.625,7.125,10.32786],"rotation":270,"texture":"#0"},"east":{"uv":[7.74214,0.625,7.125,0.70286],"rotation":270,"texture":"#0"},"south":{"uv":[7.74214,10.32786,7.125,0.625],"rotation":270,"texture":"#0"},"west":{"uv":[7.74214,0.625,7.125,0.70286],"rotation":270,"texture":"#0"},"up":{"uv":[8.99214,10.32786,7.75,0.625],"rotation":270,"texture":"#0"},"down":{"uv":[7.74214,0.625,7.125,0.70286],"rotation":270,"texture":"#0"}}},{"from":[5.3864,8.99,7.0232],"to":[7.8416,13.478,8.1848],"rotation":{"angle":0,"axis":"y","origin":[4.436,11.234,7.604]},"faces":{"north":{"uv":[11.71643,1.375,10.625,3.24196],"texture":"#0"},"east":{"uv":[11.71643,1.375,11.6625,3.24196],"texture":"#0"},"south":{"uv":[10.625,1.375,12.71643,3.24196],"texture":"#0"},"west":{"uv":[10.70393,1.8125,10.6375,3.07946],"texture":"#0"},"up":{"uv":[10.70393,1.8125,10.6375,3.07946],"texture":"#0"},"down":{"uv":[10.70393,1.8125,10.6375,3.07946],"texture":"#0"}}},{"from":[8.1584,8.99,7.0232],"to":[10.6136,13.478,8.1848],"rotation":{"angle":0,"axis":"y","origin":[11.564,11.234,7.604]},"faces":{"north":{"uv":[10.625,1.375,11.71643,3.24196],"texture":"#0"},"east":{"uv":[10.6375,1.8125,10.70393,3.07946],"texture":"#0"},"south":{"uv":[12.71643,1.375,10.625,3.24196],"texture":"#0"},"west":{"uv":[11.6625,1.375,11.71643,3.24196],"texture":"#0"},"up":{"uv":[10.6375,1.8125,10.70393,3.07946],"texture":"#0"},"down":{"uv":[10.6375,1.8125,10.70393,3.07946],"texture":"#0"}}}],"gui_light":"front","display":{"thirdperson_righthand":{"rotation":[8.5,0,0],"translation":[-0.25,0,0],"scale":[0.37,0.37,0.36]},"thirdperson_lefthand":{"rotation":[8.5,0,0],"translation":[-0.25,0,0],"scale":[0.37,0.37,0.36]},"firstperson_righthand":{"scale":[0,0,0]},"firstperson_lefthand":{"scale":[0,0,0]},"ground":{"translation":[0,0.25,0],"scale":[0.33,0.33,0.31]},"gui":{"rotation":[24,164,0],"translation":[0,-1.75,0],"scale":[0.53,0.53,0.53]},"head":{"translation":[0,-1,-2],"scale":[4,4,4]},"fixed":{"translation":[0,-2,-3.25]}},"groups":[{"name":"group","origin":[8,8,8],"color":0,"children":[{"name":"group","origin":[10.7,10.45,7.7],"color":0,"children":[0,1,2,3,4,5,6,7,8,9,10,11,12,13,14,15,16,17,18,19,20,21,22]}]}]}