{"credit":"MythicMMC Team","textures":{"0":"diablo_skills:s4_db_totem/s4_db_totem_6","particle":"diablo_skills:s4_db_totem/s4_db_totem_6"},"elements":[{"from":[-16,1,-16],"to":[32,1,32],"rotation":{"angle":-45,"axis":"y","origin":[8,1,8]},"faces":{"north":{"uv":[0,0,16,0],"texture":"#missing"},"east":{"uv":[0,0,16,0],"texture":"#missing"},"south":{"uv":[0,0,16,0],"texture":"#missing"},"west":{"uv":[0,0,16,0],"texture":"#missing"},"up":{"uv":[0.5,0.5,15.5,15.25],"rotation":270,"texture":"#0"},"down":{"uv":[0.5,15.25,15.5,0.5],"rotation":90,"texture":"#0"}}},{"from":[-16,2.25,-16],"to":[32,2.25,32],"rotation":{"angle":0,"axis":"y","origin":[8,2.25,8]},"faces":{"north":{"uv":[0,0,16,0],"texture":"#missing"},"east":{"uv":[0,0,16,0],"texture":"#missing"},"south":{"uv":[0,0,16,0],"texture":"#missing"},"west":{"uv":[0,0,16,0],"texture":"#missing"},"up":{"uv":[0.5,0.5,15.5,15.25],"rotation":270,"texture":"#0"},"down":{"uv":[0.5,15.25,15.5,0.5],"rotation":90,"texture":"#0"}}}],"display":{"thirdperson_righthand":{"rotation":[90,0,0],"translation":[-6,-2,-4.75],"scale":[4,1,4]},"head":{"translation":[0,-13,0],"scale":[4,4,4]}}}