{"credit":"Made with Blockbench","parent":"block/cube_all","textures":{"particle":"roofing:block/orange_planks","all":"roofing:block/orange_planks"},"elements":[{"from":[0,0,0],"to":[16,16,16],"faces":{"north":{"uv":[0,0,16,16],"texture":"#all"},"east":{"uv":[0,0,16,16],"texture":"#all"},"south":{"uv":[0,0,16,16],"texture":"#all"},"west":{"uv":[0,0,16,16],"texture":"#all"},"up":{"uv":[0,0,16,16],"texture":"#all"},"down":{"uv":[0,0,16,16],"texture":"#all"}}}],"display":{"thirdperson_righthand":{"rotation":[68,16,0],"translation":[-0.75,3.25,1.5],"scale":[0.47,0.47,0.47]},"thirdperson_lefthand":{"rotation":[68,16,0],"translation":[-0.75,3.25,1.5],"scale":[0.47,0.47,0.47]},"firstperson_righthand":{"rotation":[0,151,0],"translation":[2,3.5,0],"scale":[0.46,0.46,0.46]},"firstperson_lefthand":{"rotation":[0,151,0],"translation":[2,3.5,0],"scale":[0.46,0.46,0.46]},"ground":{"scale":[0.25,0.25,0.25]},"gui":{"rotation":[22,-139,0],"scale":[0.67,0.67,0.67]},"head":{"translation":[0,-14.5,0],"scale":[2.285,2.285,2.285]},"fixed":{"rotation":[-90,0,0],"translation":[0,0,-16],"scale":[2,2,2]}}}