{"credit":"Made with Blockbench","texture_size":[128,128],"textures":{"2":"city_streets:mail_box","particle":"city_streets:mail_box"},"elements":[{"from":[14.75,22.75,9.5],"to":[20.75,24.75,15.5],"rotation":{"angle":45,"axis":"y","origin":[12.5,25.75,19.75]},"faces":{"north":{"uv":[9,0,8.25,0.25],"texture":"#2"},"east":{"uv":[8.875,7.625,8.125,7.875],"texture":"#2"},"south":{"uv":[8.875,7.375,8.125,7.625],"texture":"#2"},"west":{"uv":[9,0.25,8.25,0.5],"texture":"#2"},"up":{"uv":[3.75,5,3,5.75],"texture":"#2"},"down":{"uv":[4.5,5.75,3.75,5],"texture":"#2"}}},{"from":[15,22.75,0.25],"to":[21,24.75,6.25],"rotation":{"angle":-45,"axis":"y","origin":[12.5,25.75,-4.25]},"faces":{"north":{"uv":[9,2.5,8.25,2.75],"texture":"#2"},"east":{"uv":[9,2.25,8.25,2.5],"texture":"#2"},"south":{"uv":[9,2,8.25,2.25],"texture":"#2"},"west":{"uv":[9,2.75,8.25,3],"texture":"#2"},"up":{"uv":[6,4.5,5.25,5.25],"texture":"#2"},"down":{"uv":[6,6,5.25,5.25],"texture":"#2"}}},{"from":[5,22.75,8.25],"to":[11,24.75,15.25],"rotation":{"angle":0,"axis":"y","origin":[-5.5,25.75,19.75]},"faces":{"north":{"uv":[9,0.75,8.25,1],"texture":"#2"},"east":{"uv":[9,6.875,8.125,7.125],"texture":"#2"},"south":{"uv":[9,0.5,8.25,0.75],"texture":"#2"},"west":{"uv":[9,7.125,8.125,7.375],"texture":"#2"},"up":{"uv":[2.25,5,1.5,5.875],"texture":"#2"},"down":{"uv":[5.75,2.875,5,2],"texture":"#2"}}},{"from":[9.25,22.75,5],"to":[15.25,24.75,11],"rotation":{"angle":0,"axis":"y","origin":[-5.5,25.75,19.75]},"faces":{"north":{"uv":[9,1.5,8.25,1.75],"texture":"#2"},"east":{"uv":[9,1.25,8.25,1.5],"texture":"#2"},"south":{"uv":[9,1,8.25,1.25],"texture":"#2"},"west":{"uv":[9,1.75,8.25,2],"texture":"#2"},"up":{"uv":[5.75,3.75,5,4.5],"texture":"#2"},"down":{"uv":[5.25,5.75,4.5,5],"texture":"#2"}}},{"from":[-4.75,22.75,9.5],"to":[1.25,24.75,15.5],"rotation":{"angle":-45,"axis":"y","origin":[3.5,25.75,19.75]},"faces":{"north":{"uv":[9,3.5,8.25,3.75],"texture":"#2"},"east":{"uv":[9,3.25,8.25,3.5],"texture":"#2"},"south":{"uv":[9,3,8.25,3.25],"texture":"#2"},"west":{"uv":[9,3.75,8.25,4],"texture":"#2"},"up":{"uv":[6.5,0,5.75,0.75],"texture":"#2"},"down":{"uv":[6.5,1.5,5.75,0.75],"texture":"#2"}}},{"from":[0.75,22.75,5],"to":[5.75,24.75,11],"rotation":{"angle":0,"axis":"y","origin":[21.5,25.75,19.75]},"faces":{"north":{"uv":[2.125,7.25,1.5,7.5],"texture":"#2"},"east":{"uv":[9,4,8.25,4.25],"texture":"#2"},"south":{"uv":[7.375,5,6.75,5.25],"texture":"#2"},"west":{"uv":[9,4.25,8.25,4.5],"texture":"#2"},"up":{"uv":[5.875,6,5.25,6.75],"texture":"#2"},"down":{"uv":[6.625,6,6,5.25],"texture":"#2"}}},{"from":[-5,22.75,0.25],"to":[1,24.75,6.25],"rotation":{"angle":45,"axis":"y","origin":[3.5,25.75,-4.25]},"faces":{"north":{"uv":[2.25,8.375,1.5,8.625],"texture":"#2"},"east":{"uv":[8.75,8.25,8,8.5],"texture":"#2"},"south":{"uv":[8,8.25,7.25,8.5],"texture":"#2"},"west":{"uv":[3,8.375,2.25,8.625],"texture":"#2"},"up":{"uv":[6.5,1.5,5.75,2.25],"texture":"#2"},"down":{"uv":[6.5,3,5.75,2.25],"texture":"#2"}}},{"from":[5,22.75,0.75],"to":[11,24.75,8.75],"rotation":{"angle":0,"axis":"y","origin":[-5.5,25.75,-4.25]},"faces":{"north":{"uv":[7.125,8.375,6.375,8.625],"texture":"#2"},"east":{"uv":[8.625,5.25,7.625,5.5],"texture":"#2"},"south":{"uv":[3.75,8.375,3,8.625],"texture":"#2"},"west":{"uv":[8.625,5.5,7.625,5.75],"texture":"#2"},"up":{"uv":[0.75,5,0,6],"texture":"#2"},"down":{"uv":[5.75,1,5,0],"texture":"#2"}}},{"from":[15,2.75,13.25],"to":[20,22.75,14.25],"rotation":{"angle":45,"axis":"y","origin":[12.25,5.75,19.5]},"faces":{"north":{"uv":[1.25,0,0.625,2.5],"texture":"#2"},"east":{"uv":[5,6.5,4.875,9],"texture":"#2"},"south":{"uv":[0.625,0,0,2.5],"texture":"#2"},"west":{"uv":[5.125,6.5,5,9],"texture":"#2"},"up":{"uv":[2.125,8.25,1.5,8.375],"texture":"#2"},"down":{"uv":[4.375,8.75,3.75,8.625],"texture":"#2"}}},{"from":[5.5,2.75,13],"to":[10.5,22.75,14],"rotation":{"angle":0,"axis":"y","origin":[-5.75,5.75,19.5]},"faces":{"north":{"uv":[2.5,0,1.875,2.5],"texture":"#2"},"east":{"uv":[5.25,6.5,5.125,9],"texture":"#2"},"south":{"uv":[1.875,0,1.25,2.5],"texture":"#2"},"west":{"uv":[0.125,6.75,0,9.25],"texture":"#2"},"up":{"uv":[9.625,1.75,9,1.875],"texture":"#2"},"down":{"uv":[9.625,2,9,1.875],"texture":"#2"}}},{"from":[13,2.75,5.25],"to":[14,22.75,10.25],"rotation":{"angle":0,"axis":"y","origin":[-5.75,5.75,19.5]},"faces":{"north":{"uv":[0.375,6.75,0.25,9.25],"texture":"#2"},"east":{"uv":[0.625,2.5,0,5],"texture":"#2"},"south":{"uv":[0.25,6.75,0.125,9.25],"texture":"#2"},"west":{"uv":[3.125,0,2.5,2.5],"texture":"#2"},"up":{"uv":[4.5,8.875,4.375,9.5],"texture":"#2"},"down":{"uv":[9.125,2.625,9,2],"texture":"#2"}}},{"from":[8.6,24.5,5.25],"to":[11.6,30.5,10.25],"rotation":{"angle":45,"axis":"z","origin":[13.5,28.25,7.75]},"faces":{"north":{"uv":[7.375,7,7,7.75],"texture":"#2"},"east":{"uv":[6.5,6,5.875,6.75],"texture":"#2"},"south":{"uv":[7,7,6.625,7.75],"texture":"#2"},"west":{"uv":[7.125,0,6.5,0.75],"texture":"#2"},"up":{"uv":[4.875,7.25,4.5,7.875],"texture":"#2"},"down":{"uv":[6.5,8.125,6.125,7.5],"texture":"#2"}}},{"from":[4.5,24.75,5.25],"to":[7.5,30.75,10.25],"rotation":{"angle":-45,"axis":"z","origin":[2.5,28.25,7.75]},"faces":{"north":{"uv":[7.5,0.75,7.125,1.5],"texture":"#2"},"east":{"uv":[7.125,0.75,6.5,1.5],"texture":"#2"},"south":{"uv":[7.5,0,7.125,0.75],"texture":"#2"},"west":{"uv":[7.125,1.5,6.5,2.25],"texture":"#2"},"up":{"uv":[6.875,7.75,6.5,8.375],"texture":"#2"},"down":{"uv":[7.25,8.375,6.875,7.75],"texture":"#2"}}},{"from":[5.5,20.75,6.75],"to":[10.5,26.75,9.75],"rotation":{"angle":-45,"axis":"x","origin":[2.5,28.25,7.75]},"faces":{"north":{"uv":[3.625,6.5,3,7.25],"texture":"#2"},"east":{"uv":[7.5,1.5,7.125,2.25],"texture":"#2"},"south":{"uv":[7.125,2.25,6.5,3],"texture":"#2"},"west":{"uv":[7.5,2.25,7.125,3],"texture":"#2"},"up":{"uv":[2.125,7.875,1.5,8.25],"texture":"#2"},"down":{"uv":[6,8.25,5.375,7.875],"texture":"#2"}}},{"from":[5.5,20.75,5.9],"to":[10.5,26.75,8.9],"rotation":{"angle":45,"axis":"x","origin":[13.5,28.25,7.75]},"faces":{"north":{"uv":[4.25,6.5,3.625,7.25],"texture":"#2"},"east":{"uv":[7.5,3,7.125,3.75],"texture":"#2"},"south":{"uv":[7.125,3,6.5,3.75],"texture":"#2"},"west":{"uv":[7.5,3.75,7.125,4.5],"texture":"#2"},"up":{"uv":[8.5,5.75,7.875,6.125],"texture":"#2"},"down":{"uv":[7.875,8.25,7.25,7.875],"texture":"#2"}}},{"from":[15.5,2.75,1.25],"to":[20.5,22.75,2.25],"rotation":{"angle":-45,"axis":"y","origin":[12.25,5.75,-4.5]},"faces":{"north":{"uv":[1.875,2.5,1.25,5],"texture":"#2"},"east":{"uv":[0.5,6.75,0.375,9.25],"texture":"#2"},"south":{"uv":[1.25,2.5,0.625,5],"texture":"#2"},"west":{"uv":[0.625,6.75,0.5,9.25],"texture":"#2"},"up":{"uv":[3,9,2.375,9.125],"texture":"#2"},"down":{"uv":[9.625,2.75,9,2.625],"texture":"#2"}}},{"from":[-4,2.75,13],"to":[1,22.75,14],"rotation":{"angle":-45,"axis":"y","origin":[3.25,5.75,19.5]},"faces":{"north":{"uv":[3.125,2.5,2.5,5],"texture":"#2"},"east":{"uv":[0.75,6.75,0.625,9.25],"texture":"#2"},"south":{"uv":[2.5,2.5,1.875,5],"texture":"#2"},"west":{"uv":[0.875,6.75,0.75,9.25],"texture":"#2"},"up":{"uv":[9.625,2.75,9,2.875],"texture":"#2"},"down":{"uv":[9.625,3,9,2.875],"texture":"#2"}}},{"from":[2,2.75,5.5],"to":[3,22.75,10.5],"rotation":{"angle":0,"axis":"y","origin":[21.25,5.75,19.5]},"faces":{"north":{"uv":[1.125,6.75,1,9.25],"texture":"#2"},"east":{"uv":[3.75,0,3.125,2.5],"texture":"#2"},"south":{"uv":[1,6.75,0.875,9.25],"texture":"#2"},"west":{"uv":[3.75,2.5,3.125,5],"texture":"#2"},"up":{"uv":[3.125,9,3,9.625],"texture":"#2"},"down":{"uv":[9.125,3.625,9,3],"texture":"#2"}}},{"from":[-4.75,2.75,1.75],"to":[0.25,22.75,2.75],"rotation":{"angle":45,"axis":"y","origin":[3.25,5.75,-4.5]},"faces":{"north":{"uv":[4.375,2.5,3.75,5],"texture":"#2"},"east":{"uv":[1.25,6.75,1.125,9.25],"texture":"#2"},"south":{"uv":[4.375,0,3.75,2.5],"texture":"#2"},"west":{"uv":[1.375,6.75,1.25,9.25],"texture":"#2"},"up":{"uv":[3.75,9,3.125,9.125],"texture":"#2"},"down":{"uv":[9.625,3.75,9,3.625],"texture":"#2"}}},{"from":[5.5,2.75,2],"to":[10.5,22.75,3],"rotation":{"angle":0,"axis":"y","origin":[-5.75,5.75,-4.5]},"faces":{"north":{"uv":[5,2.5,4.375,5],"texture":"#2"},"east":{"uv":[1.5,6.75,1.375,9.25],"texture":"#2"},"south":{"uv":[5,0,4.375,2.5],"texture":"#2"},"west":{"uv":[5.375,6.75,5.25,9.25],"texture":"#2"},"up":{"uv":[9.625,3.75,9,3.875],"texture":"#2"},"down":{"uv":[9.625,4,9,3.875],"texture":"#2"}}},{"from":[5.5,24.5,5.25],"to":[10.5,28.5,10.25],"rotation":{"angle":0,"axis":"y","origin":[-5.5,25.75,-4.25]},"faces":{"north":{"uv":[2.75,7,2.125,7.5],"texture":"#2"},"east":{"uv":[6,6.75,5.375,7.25],"texture":"#2"},"south":{"uv":[7.375,4.5,6.75,5],"texture":"#2"},"west":{"uv":[6.625,7,6,7.5],"texture":"#2"},"up":{"uv":[7.125,6,6.5,6.625],"texture":"#2"},"down":{"uv":[2.125,7.25,1.5,6.625],"texture":"#2"}}},{"from":[9.4,24.75,3],"to":[14.4,26.75,6],"rotation":{"angle":-45,"axis":"y","origin":[11.75,26.25,4]},"faces":{"north":{"uv":[6,8.25,5.375,8.5],"texture":"#2"},"east":{"uv":[6.375,6.75,6,7],"texture":"#2"},"south":{"uv":[6,7.25,5.375,7.5],"texture":"#2"},"west":{"uv":[4.75,8.5,4.375,8.75],"texture":"#2"},"up":{"uv":[8.5,7.875,7.875,8.25],"texture":"#2"},"down":{"uv":[2.75,8.375,2.125,8],"texture":"#2"}}},{"from":[9.5,24.75,12.5],"to":[14.5,26.75,15.5],"rotation":{"angle":-45,"axis":"y","origin":[11.75,26.25,4]},"faces":{"north":{"uv":[9.125,4.75,8.5,5],"texture":"#2"},"east":{"uv":[8.125,8.5,7.75,8.75],"texture":"#2"},"south":{"uv":[9.125,4.5,8.5,4.75],"texture":"#2"},"west":{"uv":[8.875,7.875,8.5,8.125],"texture":"#2"},"up":{"uv":[3.375,8,2.75,8.375],"texture":"#2"},"down":{"uv":[4,8.375,3.375,8],"texture":"#2"}}},{"from":[5.75,24.75,6.75],"to":[8.75,26.75,11.75],"rotation":{"angle":-45,"axis":"y","origin":[11.75,26.25,4]},"faces":{"north":{"uv":[8.875,8.5,8.5,8.75],"texture":"#2"},"east":{"uv":[9.125,5,8.5,5.25],"texture":"#2"},"south":{"uv":[8.5,8.5,8.125,8.75],"texture":"#2"},"west":{"uv":[6,8.5,5.375,8.75],"texture":"#2"},"up":{"uv":[4.875,7.875,4.5,8.5],"texture":"#2"},"down":{"uv":[4.375,8.625,4,8],"texture":"#2"}}},{"from":[15,24.75,6.75],"to":[18,26.75,11.75],"rotation":{"angle":-45,"axis":"y","origin":[11.75,26.25,4]},"faces":{"north":{"uv":[2.25,8.625,1.875,8.875],"texture":"#2"},"east":{"uv":[9.125,5.75,8.5,6],"texture":"#2"},"south":{"uv":[1.875,8.625,1.5,8.875],"texture":"#2"},"west":{"uv":[7.75,8.5,7.125,8.75],"texture":"#2"},"up":{"uv":[8.5,4.5,8.125,5.125],"texture":"#2"},"down":{"uv":[6.375,8.75,6,8.125],"texture":"#2"}}},{"from":[14.75,0,9.5],"to":[20.75,3,15.5],"rotation":{"angle":45,"axis":"y","origin":[12.5,3,19.75]},"faces":{"north":{"uv":[4.25,7.25,3.5,7.625],"texture":"#2"},"east":{"uv":[3.5,7.25,2.75,7.625],"texture":"#2"},"south":{"uv":[7.875,6,7.125,6.375],"texture":"#2"},"west":{"uv":[8.125,4.5,7.375,4.875],"texture":"#2"},"up":{"uv":[3.75,5.75,3,6.5],"texture":"#2"},"down":{"uv":[6.5,3.75,5.75,3],"texture":"#2"}}},{"from":[5,0,8.25],"to":[11,3,15.25],"rotation":{"angle":0,"axis":"y","origin":[-5.5,3,19.75]},"faces":{"north":{"uv":[8.125,6.375,7.375,6.75],"texture":"#2"},"east":{"uv":[3,6.625,2.125,7],"texture":"#2"},"south":{"uv":[8.125,4.875,7.375,5.25],"texture":"#2"},"west":{"uv":[7.375,6.625,6.5,7],"texture":"#2"},"up":{"uv":[3,5,2.25,5.875],"texture":"#2"},"down":{"uv":[5.75,3.75,5,2.875],"texture":"#2"}}},{"from":[9.25,0,5],"to":[15.25,3,11],"rotation":{"angle":0,"axis":"y","origin":[-5.5,3,19.75]},"faces":{"north":{"uv":[8.25,0,7.5,0.375],"texture":"#2"},"east":{"uv":[8.125,7.125,7.375,7.5],"texture":"#2"},"south":{"uv":[8.125,6.75,7.375,7.125],"texture":"#2"},"west":{"uv":[8.25,0.375,7.5,0.75],"texture":"#2"},"up":{"uv":[4.5,5.75,3.75,6.5],"texture":"#2"},"down":{"uv":[6.5,4.5,5.75,3.75],"texture":"#2"}}},{"from":[15,0,0.25],"to":[21,3,6.25],"rotation":{"angle":-45,"axis":"y","origin":[12.5,3,-4.25]},"faces":{"north":{"uv":[2.25,7.5,1.5,7.875],"texture":"#2"},"east":{"uv":[8.25,1.125,7.5,1.5],"texture":"#2"},"south":{"uv":[8.25,0.75,7.5,1.125],"texture":"#2"},"west":{"uv":[8.25,1.5,7.5,1.875],"texture":"#2"},"up":{"uv":[5.25,5.75,4.5,6.5],"texture":"#2"},"down":{"uv":[2.25,6.625,1.5,5.875],"texture":"#2"}}},{"from":[-4.75,0,9.5],"to":[1.25,3,15.5],"rotation":{"angle":-45,"axis":"y","origin":[3.5,3,19.75]},"faces":{"north":{"uv":[8.25,2.625,7.5,3],"texture":"#2"},"east":{"uv":[8.25,2.25,7.5,2.625],"texture":"#2"},"south":{"uv":[8.25,1.875,7.5,2.25],"texture":"#2"},"west":{"uv":[8.25,3,7.5,3.375],"texture":"#2"},"up":{"uv":[3,5.875,2.25,6.625],"texture":"#2"},"down":{"uv":[0.75,6.75,0,6],"texture":"#2"}}},{"from":[0.75,0,5],"to":[5.75,3,11],"rotation":{"angle":0,"axis":"y","origin":[21.5,3,19.75]},"faces":{"north":{"uv":[8.75,6.5,8.125,6.875],"texture":"#2"},"east":{"uv":[8.25,3.375,7.5,3.75],"texture":"#2"},"south":{"uv":[8.75,6.125,8.125,6.5],"texture":"#2"},"west":{"uv":[8.25,3.75,7.5,4.125],"texture":"#2"},"up":{"uv":[7.125,3.75,6.5,4.5],"texture":"#2"},"down":{"uv":[4.875,7.25,4.25,6.5],"texture":"#2"}}},{"from":[-5,0,0.25],"to":[1,3,6.25],"rotation":{"angle":45,"axis":"y","origin":[3.5,3,-4.25]},"faces":{"north":{"uv":[8.125,7.5,7.375,7.875],"texture":"#2"},"east":{"uv":[6.125,7.5,5.375,7.875],"texture":"#2"},"south":{"uv":[8.25,4.125,7.5,4.5],"texture":"#2"},"west":{"uv":[3,7.625,2.25,8],"texture":"#2"},"up":{"uv":[1.5,6,0.75,6.75],"texture":"#2"},"down":{"uv":[6.75,5.25,6,4.5],"texture":"#2"}}},{"from":[5,0,0.75],"to":[11,3,8.75],"rotation":{"angle":0,"axis":"y","origin":[-5.5,3,-4.25]},"faces":{"north":{"uv":[4.5,7.625,3.75,8],"texture":"#2"},"east":{"uv":[7.625,5.25,6.625,5.625],"texture":"#2"},"south":{"uv":[3.75,7.625,3,8],"texture":"#2"},"west":{"uv":[7.625,5.625,6.625,6],"texture":"#2"},"up":{"uv":[1.5,5,0.75,6],"texture":"#2"},"down":{"uv":[5.75,2,5,1],"texture":"#2"}}},{"from":[14.75,15.75,13.5],"to":[20.75,16.75,14.5],"rotation":{"angle":45,"axis":"y","origin":[12.5,16.75,19.75]},"faces":{"north":{"uv":[9.25,8.125,8.5,8.25],"texture":"#2"},"east":{"uv":[5.125,4.5,5,4.625],"texture":"#2"},"south":{"uv":[9.25,6,8.5,6.125],"texture":"#2"},"west":{"uv":[5.125,4.625,5,4.75],"texture":"#2"},"up":{"uv":[3,8.625,2.25,8.75],"texture":"#2"},"down":{"uv":[3.75,8.75,3,8.625],"texture":"#2"}}},{"from":[5,19.75,1.75],"to":[11,20.75,2.75],"rotation":{"angle":0,"axis":"y","origin":[-5.5,20.75,-4.25]},"faces":{"north":{"uv":[9.375,5.375,8.625,5.5],"texture":"#2"},"east":{"uv":[5.125,4.75,5,4.875],"texture":"#2"},"south":{"uv":[9.375,5.25,8.625,5.375],"texture":"#2"},"west":{"uv":[5.125,4.875,5,5],"texture":"#2"},"up":{"uv":[9.375,5.5,8.625,5.625],"texture":"#2"},"down":{"uv":[9.375,5.75,8.625,5.625],"texture":"#2"}}},{"from":[-5,19.75,1.25],"to":[1,20.75,2.25],"rotation":{"angle":45,"axis":"y","origin":[3.5,20.75,-4.25]},"faces":{"north":{"uv":[3,8.75,2.25,8.875],"texture":"#2"},"east":{"uv":[5.25,4.5,5.125,4.625],"texture":"#2"},"south":{"uv":[7.125,8.625,6.375,8.75],"texture":"#2"},"west":{"uv":[5.25,4.625,5.125,4.75],"texture":"#2"},"up":{"uv":[3.75,8.75,3,8.875],"texture":"#2"},"down":{"uv":[4.5,8.875,3.75,8.75],"texture":"#2"}}},{"from":[1.75,19.75,5],"to":[2.75,20.75,11],"rotation":{"angle":0,"axis":"y","origin":[21.5,20.75,19.75]},"faces":{"north":{"uv":[5.25,4.875,5.125,5],"texture":"#2"},"east":{"uv":[6.125,8.75,5.375,8.875],"texture":"#2"},"south":{"uv":[5.25,4.75,5.125,4.875],"texture":"#2"},"west":{"uv":[6.875,8.75,6.125,8.875],"texture":"#2"},"up":{"uv":[4.875,8.5,4.75,9.25],"texture":"#2"},"down":{"uv":[4.625,9.5,4.5,8.75],"texture":"#2"}}},{"from":[-4.75,19.75,13.5],"to":[1.25,20.75,14.5],"rotation":{"angle":-45,"axis":"y","origin":[3.5,20.75,19.75]},"faces":{"north":{"uv":[9.5,6.25,8.75,6.375],"texture":"#2"},"east":{"uv":[6.5,6.75,6.375,6.875],"texture":"#2"},"south":{"uv":[9.5,6.125,8.75,6.25],"texture":"#2"},"west":{"uv":[6.5,6.875,6.375,7],"texture":"#2"},"up":{"uv":[9.5,6.375,8.75,6.5],"texture":"#2"},"down":{"uv":[9.5,6.625,8.75,6.5],"texture":"#2"}}},{"from":[15,19.75,1.25],"to":[21,20.75,2.25],"rotation":{"angle":-45,"axis":"y","origin":[12.5,20.75,-4.25]},"faces":{"north":{"uv":[9.5,6.75,8.75,6.875],"texture":"#2"},"east":{"uv":[2.875,7,2.75,7.125],"texture":"#2"},"south":{"uv":[9.5,6.625,8.75,6.75],"texture":"#2"},"west":{"uv":[3,7,2.875,7.125],"texture":"#2"},"up":{"uv":[7.625,8.75,6.875,8.875],"texture":"#2"},"down":{"uv":[8.375,8.875,7.625,8.75],"texture":"#2"}}},{"from":[13.25,19.75,5],"to":[14.25,20.75,11],"rotation":{"angle":0,"axis":"y","origin":[-5.5,20.75,19.75]},"faces":{"north":{"uv":[3,7.125,2.875,7.25],"texture":"#2"},"east":{"uv":[9.5,8.25,8.75,8.375],"texture":"#2"},"south":{"uv":[2.875,7.125,2.75,7.25],"texture":"#2"},"west":{"uv":[9.125,8.75,8.375,8.875],"texture":"#2"},"up":{"uv":[4.75,8.75,4.625,9.5],"texture":"#2"},"down":{"uv":[1.625,9.625,1.5,8.875],"texture":"#2"}}},{"from":[5,19.75,13.25],"to":[11,20.75,14.25],"rotation":{"angle":0,"axis":"y","origin":[-5.5,20.75,19.75]},"faces":{"north":{"uv":[2.375,8.875,1.625,9],"texture":"#2"},"east":{"uv":[7.25,6.375,7.125,6.5],"texture":"#2"},"south":{"uv":[9.5,8.375,8.75,8.5],"texture":"#2"},"west":{"uv":[7.25,6.5,7.125,6.625],"texture":"#2"},"up":{"uv":[3.125,8.875,2.375,9],"texture":"#2"},"down":{"uv":[3.875,9,3.125,8.875],"texture":"#2"}}},{"from":[14.75,19.75,13.5],"to":[20.75,20.75,14.5],"rotation":{"angle":45,"axis":"y","origin":[12.5,20.75,19.75]},"faces":{"north":{"uv":[6.875,8.875,6.125,9],"texture":"#2"},"east":{"uv":[4.375,7.25,4.25,7.375],"texture":"#2"},"south":{"uv":[6.125,8.875,5.375,9],"texture":"#2"},"west":{"uv":[4.5,7.25,4.375,7.375],"texture":"#2"},"up":{"uv":[7.625,8.875,6.875,9],"texture":"#2"},"down":{"uv":[9.625,7.5,8.875,7.375],"texture":"#2"}}},{"from":[5,15.75,13.25],"to":[11,16.75,14.25],"rotation":{"angle":0,"axis":"y","origin":[-5.5,16.75,19.75]},"faces":{"north":{"uv":[8.375,8.875,7.625,9],"texture":"#2"},"east":{"uv":[7.375,6.375,7.25,6.5],"texture":"#2"},"south":{"uv":[9.625,7.5,8.875,7.625],"texture":"#2"},"west":{"uv":[7.375,6.5,7.25,6.625],"texture":"#2"},"up":{"uv":[9.625,7.625,8.875,7.75],"texture":"#2"},"down":{"uv":[9.625,7.875,8.875,7.75],"texture":"#2"}}},{"from":[13.25,15.75,5],"to":[14.25,16.75,11],"rotation":{"angle":0,"axis":"y","origin":[-5.5,16.75,19.75]},"faces":{"north":{"uv":[4.5,7.375,4.375,7.5],"texture":"#2"},"east":{"uv":[9.625,7.875,8.875,8],"texture":"#2"},"south":{"uv":[4.375,7.375,4.25,7.5],"texture":"#2"},"west":{"uv":[9.625,8,8.875,8.125],"texture":"#2"},"up":{"uv":[4,8.875,3.875,9.625],"texture":"#2"},"down":{"uv":[4.125,9.625,4,8.875],"texture":"#2"}}},{"from":[15,15.75,1.25],"to":[21,16.75,2.25],"rotation":{"angle":-45,"axis":"y","origin":[12.5,16.75,-4.25]},"faces":{"north":{"uv":[9.625,8.5,8.875,8.625],"texture":"#2"},"east":{"uv":[2.375,7.5,2.25,7.625],"texture":"#2"},"south":{"uv":[9.125,8.875,8.375,9],"texture":"#2"},"west":{"uv":[2.5,7.5,2.375,7.625],"texture":"#2"},"up":{"uv":[9.625,8.625,8.875,8.75],"texture":"#2"},"down":{"uv":[9.75,0.125,9,0],"texture":"#2"}}},{"from":[-4.75,15.75,13.5],"to":[1.25,16.75,14.5],"rotation":{"angle":-45,"axis":"y","origin":[3.5,16.75,19.75]},"faces":{"north":{"uv":[9.75,0.25,9,0.375],"texture":"#2"},"east":{"uv":[2.625,7.5,2.5,7.625],"texture":"#2"},"south":{"uv":[9.75,0.125,9,0.25],"texture":"#2"},"west":{"uv":[2.75,7.5,2.625,7.625],"texture":"#2"},"up":{"uv":[9.75,0.375,9,0.5],"texture":"#2"},"down":{"uv":[9.75,0.625,9,0.5],"texture":"#2"}}},{"from":[1.75,15.75,5],"to":[2.75,16.75,11],"rotation":{"angle":0,"axis":"y","origin":[21.5,16.75,19.75]},"faces":{"north":{"uv":[4.5,7.5,4.375,7.625],"texture":"#2"},"east":{"uv":[9.75,0.625,9,0.75],"texture":"#2"},"south":{"uv":[4.375,7.5,4.25,7.625],"texture":"#2"},"west":{"uv":[9.75,0.75,9,0.875],"texture":"#2"},"up":{"uv":[4.25,8.875,4.125,9.625],"texture":"#2"},"down":{"uv":[4.375,9.625,4.25,8.875],"texture":"#2"}}},{"from":[-5,15.75,1.25],"to":[1,16.75,2.25],"rotation":{"angle":45,"axis":"y","origin":[3.5,16.75,-4.25]},"faces":{"north":{"uv":[9.75,1,9,1.125],"texture":"#2"},"east":{"uv":[6.625,7.5,6.5,7.625],"texture":"#2"},"south":{"uv":[9.75,0.875,9,1],"texture":"#2"},"west":{"uv":[7.75,5.75,7.625,5.875],"texture":"#2"},"up":{"uv":[9.75,1.125,9,1.25],"texture":"#2"},"down":{"uv":[9.75,1.375,9,1.25],"texture":"#2"}}},{"from":[5,15.75,1.75],"to":[11,16.75,2.75],"rotation":{"angle":0,"axis":"y","origin":[-5.5,16.75,-4.25]},"faces":{"north":{"uv":[9.75,1.5,9,1.625],"texture":"#2"},"east":{"uv":[7.75,5.875,7.625,6],"texture":"#2"},"south":{"uv":[9.75,1.375,9,1.5],"texture":"#2"},"west":{"uv":[6.625,7.625,6.5,7.75],"texture":"#2"},"up":{"uv":[2.375,9,1.625,9.125],"texture":"#2"},"down":{"uv":[9.75,1.75,9,1.625],"texture":"#2"}}}],"gui_light":"front","display":{"thirdperson_righthand":{"rotation":[68,16,0],"translation":[0.25,0.25,-0.75],"scale":[0.34492,0.34492,0.34492]},"thirdperson_lefthand":{"rotation":[68,16,0],"translation":[0.25,0.25,-0.75],"scale":[0.34492,0.34492,0.34492]},"firstperson_righthand":{"rotation":[18,125,-10],"translation":[3.13,1.95,-0.87],"scale":[0.30695,0.30695,0.30695]},"firstperson_lefthand":{"rotation":[18,125,-10],"translation":[3.13,1.95,-0.87],"scale":[0.30695,0.30695,0.30695]},"ground":{"translation":[0,1,0],"scale":[0.22852,0.22852,0.22852]},"gui":{"rotation":[13,160,0],"translation":[0,-2.75,0],"scale":[0.48828,0.48828,0.48828]},"head":{"translation":[0,-14.25,0],"scale":[2.285,2.285,2.285]},"fixed":{"rotation":[-90,0,0],"translation":[0,0,-15.5],"scale":[2,2,2]}},"groups":[{"name":"mail_box","origin":[0,0,0],"color":0,"children":[{"name":"top","origin":[-6,3,20.25],"color":0,"children":[0,1,2,3,4,5,6,7]},{"name":"upper","origin":[-6,3,20.25],"color":0,"children":[8,9,10,11,12,13,14,15,16,17,18,19,20,21,22,23,24]},{"name":"lower","origin":[-6,3,20.25],"color":0,"children":[25,26,27,28,29,30,31,32]},{"name":"border","origin":[-6,3,20.25],"color":0,"children":[33,34,35,36,37,38,39,40,41,42,43,44,45,46,47,48]}]}]}