{"credit":"MadewithBlockbench","texture_size":[64,64],"textures":{"2":"city_streets:transit_fence","particle":"city_streets:transit_fence"},"elements":[{"from":[-12.5,0,3],"to":[-11.5,1,13],"rotation":{"angle":0,"axis":"y","origin":[8,8.5,8]},"faces":{"north":{"uv":[8.5,8.75,8.75,9],"texture":"#2"},"east":{"uv":[2,8.5,4.5,8.75],"texture":"#2"},"south":{"uv":[8.75,8.75,9,9],"texture":"#2"},"west":{"uv":[4.5,8.5,7,8.75],"texture":"#2"},"up":{"uv":[7.25,11,7,8.5],"texture":"#2"},"down":{"uv":[7.5,8.5,7.25,11],"texture":"#2"}}},{"from":[-12.5,1,7.5],"to":[-11.5,4,8.5],"rotation":{"angle":0,"axis":"y","origin":[8,8.5,8]},"faces":{"north":{"uv":[5.5,8.75,5.75,9.5],"texture":"#2"},"east":{"uv":[5.75,8.75,6,9.5],"texture":"#2"},"south":{"uv":[6,8.75,6.25,9.5],"texture":"#2"},"west":{"uv":[6.25,8.75,6.5,9.5],"texture":"#2"},"up":{"uv":[2.25,9.25,2,9],"texture":"#2"},"down":{"uv":[2.5,9,2.25,9.25],"texture":"#2"}}},{"from":[27.5,1,7.5],"to":[28.5,4,8.5],"rotation":{"angle":0,"axis":"y","origin":[8,8.5,8]},"faces":{"north":{"uv":[6.5,8.75,6.75,9.5],"texture":"#2"},"east":{"uv":[6.75,8.75,7,9.5],"texture":"#2"},"south":{"uv":[7.5,8.75,7.75,9.5],"texture":"#2"},"west":{"uv":[7.75,8.75,8,9.5],"texture":"#2"},"up":{"uv":[2.75,9.25,2.5,9],"texture":"#2"},"down":{"uv":[3,9,2.75,9.25],"texture":"#2"}}},{"from":[-11.5,5,7.5],"to":[27.5,8,8.5],"rotation":{"angle":0,"axis":"y","origin":[8,8.5,8]},"faces":{"north":{"uv":[0,6,9.75,6.75],"texture":"#2"},"east":{"uv":[8,8.75,8.25,9.5],"texture":"#2"},"south":{"uv":[0,6,9.75,6.75],"texture":"#2"},"west":{"uv":[8.25,8.75,8.5,9.5],"texture":"#2"},"up":{"uv":[9.75,7.75,0,7.5],"texture":"#2"},"down":{"uv":[9.75,7.75,0,8],"texture":"#2"}}},{"from":[27.5,0,3],"to":[28.5,1,13],"rotation":{"angle":0,"axis":"y","origin":[8,8.5,8]},"faces":{"north":{"uv":[3,9,3.25,9.25],"texture":"#2"},"east":{"uv":[7.5,8.5,10,8.75],"texture":"#2"},"south":{"uv":[3.25,9,3.5,9.25],"texture":"#2"},"west":{"uv":[2,8.75,4.5,9],"texture":"#2"},"up":{"uv":[4.75,11.25,4.5,8.75],"texture":"#2"},"down":{"uv":[5,8.75,4.75,11.25],"texture":"#2"}}},{"from":[27.5,4,7.5],"to":[28.5,21,8.5],"rotation":{"angle":0,"axis":"y","origin":[8,8.5,8]},"faces":{"north":{"uv":[0,8.5,0.25,12.75],"texture":"#2"},"east":{"uv":[0.25,8.5,0.5,12.75],"texture":"#2"},"south":{"uv":[0.5,8.5,0.75,12.75],"texture":"#2"},"west":{"uv":[0.75,8.5,1,12.75],"texture":"#2"},"up":{"uv":[3.75,9.25,3.5,9],"texture":"#2"},"down":{"uv":[4,9,3.75,9.25],"texture":"#2"}}},{"from":[-12.5,4,7.5],"to":[-11.5,21,8.5],"rotation":{"angle":0,"axis":"y","origin":[8,8.5,8]},"faces":{"north":{"uv":[1,8.5,1.25,12.75],"texture":"#2"},"east":{"uv":[1.25,8.5,1.5,12.75],"texture":"#2"},"south":{"uv":[1.5,8.5,1.75,12.75],"texture":"#2"},"west":{"uv":[1.75,8.5,2,12.75],"texture":"#2"},"up":{"uv":[4.25,9.25,4,9],"texture":"#2"},"down":{"uv":[4.5,9,4.25,9.25],"texture":"#2"}}},{"from":[-11.5,15,7.5],"to":[27.5,20,8.5],"rotation":{"angle":0,"axis":"y","origin":[8,8.5,8]},"faces":{"north":{"uv":[0,3.5,9.75,4.75],"texture":"#2"},"east":{"uv":[5,8.75,5.25,10],"texture":"#2"},"south":{"uv":[0,3.5,9.75,4.75],"texture":"#2"},"west":{"uv":[5.25,8.75,5.5,10],"texture":"#2"},"up":{"uv":[9.75,8.25,0,8],"texture":"#2"},"down":{"uv":[9.75,8.25,0,8.5],"texture":"#2"}}},{"from":[-11.5,8,8],"to":[27.5,15,8],"rotation":{"angle":0,"axis":"y","origin":[8,8.5,8]},"faces":{"north":{"uv":[0,0,9.75,1.75],"texture":"#2"},"east":{"uv":[0,0,0,1.75],"texture":"#2"},"south":{"uv":[0,0,9.75,1.75],"texture":"#2"},"west":{"uv":[0,0,0,1.75],"texture":"#2"},"up":{"uv":[9.75,0,0,0],"texture":"#2"},"down":{"uv":[9.75,0,0,0],"texture":"#2"}}}],"gui_light":"front","display":{"thirdperson_righthand":{"rotation":[58,9,0],"translation":[0.75,1,0],"scale":[0.18945,0.18945,0.18945]},"thirdperson_lefthand":{"rotation":[58,9,0],"translation":[0.75,1,0],"scale":[0.18945,0.18945,0.18945]},"firstperson_righthand":{"rotation":[17,128,-3],"translation":[3.75,2.75,0.25],"scale":[0.30234,0.30234,0.30234]},"firstperson_lefthand":{"rotation":[17,128,-3],"translation":[3.75,2.75,0.25],"scale":[0.30234,0.30234,0.30234]},"ground":{"translation":[0,1.25,0],"scale":[0.4082,0.4082,0.4082]},"gui":{"rotation":[30,148,0],"translation":[0,-0.75,0],"scale":[0.375,0.375,0.375]},"head":{"translation":[0,-14.75,0],"scale":[2.285,2.285,2.285]},"fixed":{"rotation":[-90,0,0],"translation":[0.25,-0.5,-14.75],"scale":[2,2,2]}},"groups":[{"name":"security_fence","origin":[0,0,-16],"color":0,"children":[0,1,2,3,4,5,6,7,8]}]}