{"credit":"Made with Blockbench","texture_size":[128,128],"textures":{"2":"workshop_six:tavern_furniture/tavern_long_table"},"elements":[{"from":[-16,12,-4],"to":[32,14,20],"rotation":{"angle":0,"axis":"y","origin":[-4,12,-4]},"faces":{"north":{"uv":[5,6,11,6.25],"texture":"#2"},"east":{"uv":[6,5.75,9,6],"texture":"#2"},"south":{"uv":[6,5,12,5.25],"texture":"#2"},"west":{"uv":[7.25,3.75,10.25,4],"texture":"#2"},"up":{"uv":[6,3,0,0],"texture":"#2"},"down":{"uv":[6,3,0,6],"texture":"#2"}}},{"from":[16,11,3],"to":[26,12,13],"rotation":{"angle":0,"axis":"y","origin":[21,12,8]},"faces":{"north":{"uv":[8,7.125,9.25,7.25],"texture":"#2"},"east":{"uv":[8,7.25,9.25,7.375],"texture":"#2"},"south":{"uv":[8,7.375,9.25,7.5],"texture":"#2"},"west":{"uv":[8,7.5,9.25,7.625],"texture":"#2"},"up":{"uv":[2.5,7.25,1.25,6],"texture":"#2"},"down":{"uv":[7.25,1.25,6,2.5],"texture":"#2"}}},{"from":[17,5,4],"to":[25,11,12],"rotation":{"angle":0,"axis":"y","origin":[21,12,8]},"faces":{"north":{"uv":[3.5,7.25,4.5,8],"texture":"#2"},"east":{"uv":[7.25,4,8.25,4.75],"texture":"#2"},"south":{"uv":[4.5,7.75,5.5,8.5],"texture":"#2"},"west":{"uv":[5.5,7.75,6.5,8.5],"texture":"#2"},"up":{"uv":[6,7.75,5,6.75],"texture":"#2"},"down":{"uv":[7,6.75,6,7.75],"texture":"#2"}}},{"from":[25,0,7],"to":[27,7,9],"rotation":{"angle":0,"axis":"y","origin":[21,12,8]},"faces":{"north":{"uv":[0.25,8.25,0.5,9.125],"texture":"#2"},"east":{"uv":[0.5,8.25,0.75,9.125],"texture":"#2"},"south":{"uv":[0.75,8.25,1,9.125],"texture":"#2"},"west":{"uv":[8.25,6.25,8.5,7.125],"texture":"#2"},"up":{"uv":[9,2,8.75,1.75],"texture":"#2"},"down":{"uv":[9,2,8.75,2.25],"texture":"#2"}}},{"from":[16,0,3],"to":[26,5,13],"rotation":{"angle":0,"axis":"y","origin":[21,12,8]},"faces":{"north":{"uv":[7.25,0,8.5,0.625],"texture":"#2"},"east":{"uv":[7.25,0.625,8.5,1.25],"texture":"#2"},"south":{"uv":[1,7.25,2.25,7.875],"texture":"#2"},"west":{"uv":[7.25,1.25,8.5,1.875],"texture":"#2"},"up":{"uv":[1.25,7.25,0,6],"texture":"#2"},"down":{"uv":[7.25,0,6,1.25],"texture":"#2"}}},{"from":[27,0,7],"to":[30,2,9],"rotation":{"angle":0,"axis":"y","origin":[21,12,8]},"faces":{"north":{"uv":[6.5,8.5,6.875,8.75],"texture":"#2"},"east":{"uv":[8.75,1.25,9,1.5],"texture":"#2"},"south":{"uv":[8.5,6.625,8.875,6.875],"texture":"#2"},"west":{"uv":[8.75,1.5,9,1.75],"texture":"#2"},"up":{"uv":[7.25,8.75,6.875,8.5],"texture":"#2"},"down":{"uv":[8.875,6.875,8.5,7.125],"texture":"#2"}}},{"from":[20,0,12],"to":[22,7,14],"rotation":{"angle":0,"axis":"y","origin":[21,12,8]},"faces":{"north":{"uv":[3,7.875,3.25,8.75],"texture":"#2"},"east":{"uv":[3.25,7.875,3.5,8.75],"texture":"#2"},"south":{"uv":[3.5,8,3.75,8.875],"texture":"#2"},"west":{"uv":[3.75,8,4,8.875],"texture":"#2"},"up":{"uv":[8.875,4.625,8.625,4.375],"texture":"#2"},"down":{"uv":[8.875,8.375,8.625,8.625],"texture":"#2"}}},{"from":[20,0,14],"to":[22,2,17],"rotation":{"angle":0,"axis":"y","origin":[21,12,8]},"faces":{"north":{"uv":[8.625,8.625,8.875,8.875],"texture":"#2"},"east":{"uv":[4.5,7.25,4.875,7.5],"texture":"#2"},"south":{"uv":[8.75,0,9,0.25],"texture":"#2"},"west":{"uv":[4.5,7.5,4.875,7.75],"texture":"#2"},"up":{"uv":[7.75,6.625,7.5,6.25],"texture":"#2"},"down":{"uv":[8,6.25,7.75,6.625],"texture":"#2"}}},{"from":[20,0,-1],"to":[22,2,2],"rotation":{"angle":0,"axis":"y","origin":[21,12,8]},"faces":{"north":{"uv":[8.75,0.75,9,1],"texture":"#2"},"east":{"uv":[8.25,4.375,8.625,4.625],"texture":"#2"},"south":{"uv":[8.75,1,9,1.25],"texture":"#2"},"west":{"uv":[8.5,3.5,8.875,3.75],"texture":"#2"},"up":{"uv":[8.75,5.625,8.5,5.25],"texture":"#2"},"down":{"uv":[8.75,6.25,8.5,6.625],"texture":"#2"}}},{"from":[20,0,2],"to":[22,7,4],"rotation":{"angle":0,"axis":"y","origin":[21,12,8]},"faces":{"north":{"uv":[4,8,4.25,8.875],"texture":"#2"},"east":{"uv":[4.25,8,4.5,8.875],"texture":"#2"},"south":{"uv":[8,6.25,8.25,7.125],"texture":"#2"},"west":{"uv":[0,8.25,0.25,9.125],"texture":"#2"},"up":{"uv":[9,0.5,8.75,0.25],"texture":"#2"},"down":{"uv":[9,0.5,8.75,0.75],"texture":"#2"}}},{"from":[-10,11,3],"to":[0,12,13],"rotation":{"angle":0,"axis":"y","origin":[-5,12,8]},"faces":{"north":{"uv":[8,7.625,9.25,7.75],"texture":"#2"},"east":{"uv":[8.25,4,9.5,4.125],"texture":"#2"},"south":{"uv":[8.25,4.125,9.5,4.25],"texture":"#2"},"west":{"uv":[8.25,4.25,9.5,4.375],"texture":"#2"},"up":{"uv":[3.75,7.25,2.5,6],"texture":"#2"},"down":{"uv":[7.25,2.5,6,3.75],"texture":"#2"}}},{"from":[-9,5,4],"to":[-1,11,12],"rotation":{"angle":0,"axis":"y","origin":[-5,12,8]},"faces":{"north":{"uv":[6.5,7.75,7.5,8.5],"texture":"#2"},"east":{"uv":[5.5,7.75,6.5,8.5],"texture":"#2"},"south":{"uv":[1,7.875,2,8.625],"texture":"#2"},"west":{"uv":[2,7.875,3,8.625],"texture":"#2"},"up":{"uv":[8,7.75,7,6.75],"texture":"#2"},"down":{"uv":[1,7.25,0,8.25],"texture":"#2"}}},{"from":[-1,4,7.5],"to":[19,8,8.5],"rotation":{"angle":0,"axis":"y","origin":[-5,13,8.5]},"faces":{"north":{"uv":[6,5.25,8.5,5.75],"texture":"#2"},"east":{"uv":[4.875,7.25,5,7.75],"texture":"#2"},"south":{"uv":[8.5,5.25,6,5.75],"texture":"#2"},"west":{"uv":[7,8.75,7.125,9.25],"texture":"#2"},"up":{"uv":[9.75,4.875,7.25,4.75],"texture":"#2"},"down":{"uv":[9.75,4.875,7.25,5],"texture":"#2"}}},{"from":[-10,0,3],"to":[0,5,13],"rotation":{"angle":0,"axis":"y","origin":[-5,12,8]},"faces":{"north":{"uv":[7.25,1.875,8.5,2.5],"texture":"#2"},"east":{"uv":[7.25,1.25,8.5,1.875],"texture":"#2"},"south":{"uv":[7.25,2.5,8.5,3.125],"texture":"#2"},"west":{"uv":[7.25,3.125,8.5,3.75],"texture":"#2"},"up":{"uv":[5,7.25,3.75,6],"texture":"#2"},"down":{"uv":[7.25,3.75,6,5],"texture":"#2"}}},{"from":[-6,0,12],"to":[-4,7,14],"rotation":{"angle":0,"axis":"y","origin":[-5,12,8]},"faces":{"north":{"uv":[8.5,0,8.75,0.875],"texture":"#2"},"east":{"uv":[8.5,0.875,8.75,1.75],"texture":"#2"},"south":{"uv":[8.5,1.75,8.75,2.625],"texture":"#2"},"west":{"uv":[8.5,2.625,8.75,3.5],"texture":"#2"},"up":{"uv":[9,2.5,8.75,2.25],"texture":"#2"},"down":{"uv":[9,2.5,8.75,2.75],"texture":"#2"}}},{"from":[-6,0,14],"to":[-4,2,17],"rotation":{"angle":0,"axis":"y","origin":[-5,12,8]},"faces":{"north":{"uv":[8.75,2.75,9,3],"texture":"#2"},"east":{"uv":[7.25,8.5,7.625,8.75],"texture":"#2"},"south":{"uv":[3,8.75,3.25,9],"texture":"#2"},"west":{"uv":[7.625,8.5,8,8.75],"texture":"#2"},"up":{"uv":[8.75,8.125,8.5,7.75],"texture":"#2"},"down":{"uv":[8.25,8.5,8,8.875],"texture":"#2"}}},{"from":[-6,0,-1],"to":[-4,2,2],"rotation":{"angle":0,"axis":"y","origin":[-5,12,8]},"faces":{"north":{"uv":[8.75,3,9,3.25],"texture":"#2"},"east":{"uv":[8.5,8.125,8.875,8.375],"texture":"#2"},"south":{"uv":[3.25,8.75,3.5,9],"texture":"#2"},"west":{"uv":[8.25,8.5,8.625,8.75],"texture":"#2"},"up":{"uv":[1.25,9,1,8.625],"texture":"#2"},"down":{"uv":[1.5,8.625,1.25,9],"texture":"#2"}}},{"from":[-6,0,2],"to":[-4,7,4],"rotation":{"angle":0,"axis":"y","origin":[-5,12,8]},"faces":{"north":{"uv":[4.5,8.5,4.75,9.375],"texture":"#2"},"east":{"uv":[4.75,8.5,5,9.375],"texture":"#2"},"south":{"uv":[5,8.5,5.25,9.375],"texture":"#2"},"west":{"uv":[5.25,8.5,5.5,9.375],"texture":"#2"},"up":{"uv":[9,3.5,8.75,3.25],"texture":"#2"},"down":{"uv":[9,5.25,8.75,5.5],"texture":"#2"}}},{"from":[-14,0,7],"to":[-11,2,9],"rotation":{"angle":0,"axis":"y","origin":[-5,12,8]},"faces":{"north":{"uv":[1.5,8.625,1.875,8.875],"texture":"#2"},"east":{"uv":[8.75,5.5,9,5.75],"texture":"#2"},"south":{"uv":[1.875,8.625,2.25,8.875],"texture":"#2"},"west":{"uv":[8.75,6.25,9,6.5],"texture":"#2"},"up":{"uv":[2.625,8.875,2.25,8.625],"texture":"#2"},"down":{"uv":[3,8.625,2.625,8.875],"texture":"#2"}}},{"from":[-11,0,7],"to":[-9,7,9],"rotation":{"angle":0,"axis":"y","origin":[-5,12,8]},"faces":{"north":{"uv":[5.5,8.5,5.75,9.375],"texture":"#2"},"east":{"uv":[5.75,8.5,6,9.375],"texture":"#2"},"south":{"uv":[6,8.5,6.25,9.375],"texture":"#2"},"west":{"uv":[6.25,8.5,6.5,9.375],"texture":"#2"},"up":{"uv":[6.75,9,6.5,8.75],"texture":"#2"},"down":{"uv":[7,8.75,6.75,9],"texture":"#2"}}}],"gui_light":"front","display":{"thirdperson_righthand":{"rotation":[0,-1,0],"scale":[0.29,0.29,0.29]},"thirdperson_lefthand":{"rotation":[0,-1,0],"scale":[0.29,0.29,0.29]},"firstperson_righthand":{"translation":[4,0,0],"scale":[0.29,0.29,0.29]},"firstperson_lefthand":{"translation":[4,0,0],"scale":[0.29,0.29,0.29]},"ground":{"scale":[0.4,0.4,0.4]},"gui":{"rotation":[16.21,45.96,3.36],"scale":[0.37,0.37,0.37]},"head":{"translation":[0,-27.25,0],"scale":[2,2,2]}},"groups":[{"name":"table","origin":[0,12,20],"color":0,"children":[0,{"name":"group","origin":[2,12,20],"color":0,"children":[1,2,3,4,5,6,7,8,9]},{"name":"group","origin":[2,12,20],"color":0,"children":[10,11,12,13,14,15,16,17,18,19]}]}]}