{"credit":"Made with Blockbench","texture_size":[64,64],"textures":{"2":"workshop_six:tavern_furniture/tavern_barrel","3":"workshop_six:tavern_furniture/tavern_keg"},"elements":[{"from":[11,8.4,-2.7],"to":[24,9.7,16.8],"rotation":{"angle":0,"axis":"x","origin":[1.5,0,15.8]},"faces":{"north":{"uv":[4.25,3.125,5.5,3],"texture":"#2"},"east":{"uv":[3,8.625,3.125,6.75],"rotation":270,"texture":"#2"},"south":{"uv":[4.25,3.125,5.5,3.25],"rotation":180,"texture":"#2"},"west":{"uv":[3.125,8.625,3.25,6.75],"rotation":90,"texture":"#2"},"up":{"uv":[3,1.875,4.25,0],"rotation":180,"texture":"#2"},"down":{"uv":[3,3.75,4.25,1.875],"texture":"#2"}}},{"from":[11,-3.3,-2.7],"to":[24,-2,16.8],"rotation":{"angle":0,"axis":"x","origin":[1.5,0,15.8]},"faces":{"north":{"uv":[4.25,3.375,5.5,3.25],"texture":"#2"},"east":{"uv":[3.25,8.625,3.375,6.75],"rotation":270,"texture":"#2"},"south":{"uv":[4.25,3.375,5.5,3.5],"rotation":180,"texture":"#2"},"west":{"uv":[3.375,8.625,3.5,6.75],"rotation":90,"texture":"#2"},"up":{"uv":[0,5.125,1.25,3.25],"rotation":180,"texture":"#2"},"down":{"uv":[1.25,5.125,2.5,3.25],"texture":"#2"}}},{"from":[22.7,-2,-2.7],"to":[24,8.4,16.8],"rotation":{"angle":0,"axis":"x","origin":[1.5,0,15.8]},"faces":{"north":{"uv":[5.75,2.875,5.875,1.875],"texture":"#2"},"east":{"uv":[5.5,4.875,6.5,3],"rotation":270,"texture":"#2"},"south":{"uv":[5.875,1.875,6,2.875],"rotation":180,"texture":"#2"},"west":{"uv":[5.75,1.875,6.75,0],"rotation":90,"texture":"#2"},"up":{"uv":[3.5,8.625,3.625,6.75],"rotation":180,"texture":"#2"},"down":{"uv":[3.625,8.625,3.75,6.75],"texture":"#2"}}},{"from":[11,-2,-2.7],"to":[12.3,8.4,16.8],"rotation":{"angle":0,"axis":"x","origin":[1.5,0,15.8]},"faces":{"north":{"uv":[6,2.875,6.125,1.875],"texture":"#2"},"east":{"uv":[6,6.75,7,4.875],"rotation":270,"texture":"#2"},"south":{"uv":[6.125,1.875,6.25,2.875],"rotation":180,"texture":"#2"},"west":{"uv":[6.5,3.75,7.5,1.875],"rotation":90,"texture":"#2"},"up":{"uv":[3.75,8.625,3.875,6.75],"rotation":180,"texture":"#2"},"down":{"uv":[3.875,8.625,4,6.75],"texture":"#2"}}},{"from":[9.7,-4.6,-1.4],"to":[25.3,11,15.5],"rotation":{"angle":0,"axis":"x","origin":[1.5,0,15.8]},"faces":{"north":{"uv":[2.5,5.25,4,3.75],"texture":"#2"},"east":{"uv":[0,3.25,1.5,1.625],"rotation":270,"texture":"#2"},"south":{"uv":[4,3.75,5.5,5.25],"rotation":180,"texture":"#2"},"west":{"uv":[0,3.25,1.5,1.625],"rotation":90,"texture":"#2"},"up":{"uv":[0,3.25,1.5,1.625],"rotation":180,"texture":"#2"},"down":{"uv":[0,3.25,1.5,1.625],"texture":"#2"}}},{"from":[9.635,-4.665,-0.75],"to":[25.365,11.065,1.85],"rotation":{"angle":0,"axis":"x","origin":[1.5,0,15.8]},"faces":{"north":{"uv":[4.25,1.5,5.75,0],"texture":"#2"},"east":{"uv":[6.5,4.25,8,4],"rotation":270,"texture":"#2"},"south":{"uv":[4.25,1.5,5.75,3],"rotation":180,"texture":"#2"},"west":{"uv":[6.5,4.75,8,4.5],"rotation":90,"texture":"#2"},"up":{"uv":[6.5,4,8,3.75],"rotation":180,"texture":"#2"},"down":{"uv":[6.5,4.5,8,4.25],"texture":"#2"}}},{"from":[9.635,-4.665,12.25],"to":[25.365,11.065,14.85],"rotation":{"angle":0,"axis":"x","origin":[1.5,0,15.8]},"faces":{"north":{"uv":[0,6.625,1.5,5.125],"texture":"#2"},"east":{"uv":[6.75,0.25,8.25,0],"rotation":270,"texture":"#2"},"south":{"uv":[1.5,5.25,3,6.75],"rotation":180,"texture":"#2"},"west":{"uv":[6.75,0.75,8.25,0.5],"rotation":90,"texture":"#2"},"up":{"uv":[0,6.875,1.5,6.625],"rotation":180,"texture":"#2"},"down":{"uv":[6.75,0.5,8.25,0.25],"texture":"#2"}}},{"from":[9.635,-4.665,5.75],"to":[25.365,11.065,8.35],"rotation":{"angle":0,"axis":"x","origin":[1.5,0,15.8]},"faces":{"north":{"uv":[3,6.75,4.5,5.25],"texture":"#2"},"east":{"uv":[6.75,1.25,8.25,1],"rotation":270,"texture":"#2"},"south":{"uv":[4.5,5.25,6,6.75],"rotation":180,"texture":"#2"},"west":{"uv":[1.5,7,3,6.75],"rotation":90,"texture":"#2"},"up":{"uv":[6.75,1,8.25,0.75],"rotation":180,"texture":"#2"},"down":{"uv":[6.75,1.5,8.25,1.25],"texture":"#2"}}},{"from":[11,8.4,-2.7],"to":[24,9.7,16.8],"rotation":{"angle":0,"axis":"x","origin":[1.5,0,15.8]},"faces":{"north":{"uv":[4.25,3.125,5.5,3],"texture":"#2"},"east":{"uv":[3,8.625,3.125,6.75],"rotation":270,"texture":"#2"},"south":{"uv":[4.25,3.125,5.5,3.25],"rotation":180,"texture":"#2"},"west":{"uv":[3.125,8.625,3.25,6.75],"rotation":90,"texture":"#2"},"up":{"uv":[3,1.875,4.25,0],"rotation":180,"texture":"#2"},"down":{"uv":[3,3.75,4.25,1.875],"texture":"#2"}}},{"from":[11,-3.3,-2.7],"to":[24,-2,16.8],"rotation":{"angle":0,"axis":"x","origin":[1.5,0,15.8]},"faces":{"north":{"uv":[4.25,3.375,5.5,3.25],"texture":"#2"},"east":{"uv":[3.25,8.625,3.375,6.75],"rotation":270,"texture":"#2"},"south":{"uv":[4.25,3.375,5.5,3.5],"rotation":180,"texture":"#2"},"west":{"uv":[3.375,8.625,3.5,6.75],"rotation":90,"texture":"#2"},"up":{"uv":[0,5.125,1.25,3.25],"rotation":180,"texture":"#2"},"down":{"uv":[1.25,5.125,2.5,3.25],"texture":"#2"}}},{"from":[22.7,-2,-2.7],"to":[24,8.4,16.8],"rotation":{"angle":0,"axis":"x","origin":[1.5,0,15.8]},"faces":{"north":{"uv":[5.75,2.875,5.875,1.875],"texture":"#2"},"east":{"uv":[5.5,4.875,6.5,3],"rotation":270,"texture":"#2"},"south":{"uv":[5.875,1.875,6,2.875],"rotation":180,"texture":"#2"},"west":{"uv":[5.75,1.875,6.75,0],"rotation":90,"texture":"#2"},"up":{"uv":[3.5,8.625,3.625,6.75],"rotation":180,"texture":"#2"},"down":{"uv":[3.625,8.625,3.75,6.75],"texture":"#2"}}},{"from":[11,-2,-2.7],"to":[12.3,8.4,16.8],"rotation":{"angle":0,"axis":"x","origin":[1.5,0,15.8]},"faces":{"north":{"uv":[6,2.875,6.125,1.875],"texture":"#2"},"east":{"uv":[6,6.75,7,4.875],"rotation":270,"texture":"#2"},"south":{"uv":[6.125,1.875,6.25,2.875],"rotation":180,"texture":"#2"},"west":{"uv":[6.5,3.75,7.5,1.875],"rotation":90,"texture":"#2"},"up":{"uv":[3.75,8.625,3.875,6.75],"rotation":180,"texture":"#2"},"down":{"uv":[3.875,8.625,4,6.75],"texture":"#2"}}},{"from":[9.7,-4.6,-1.4],"to":[25.3,11,15.5],"rotation":{"angle":0,"axis":"x","origin":[1.5,0,15.8]},"faces":{"north":{"uv":[2.5,5.25,4,3.75],"texture":"#2"},"east":{"uv":[0,3.25,1.5,1.625],"rotation":270,"texture":"#2"},"south":{"uv":[4,3.75,5.5,5.25],"rotation":180,"texture":"#2"},"west":{"uv":[0,3.25,1.5,1.625],"rotation":90,"texture":"#2"},"up":{"uv":[0,3.25,1.5,1.625],"rotation":180,"texture":"#2"},"down":{"uv":[0,3.25,1.5,1.625],"texture":"#2"}}},{"from":[9.635,-4.665,-0.75],"to":[25.365,11.065,1.85],"rotation":{"angle":0,"axis":"x","origin":[1.5,0,15.8]},"faces":{"north":{"uv":[4.25,1.5,5.75,0],"texture":"#2"},"east":{"uv":[6.5,4.25,8,4],"rotation":270,"texture":"#2"},"south":{"uv":[4.25,1.5,5.75,3],"rotation":180,"texture":"#2"},"west":{"uv":[6.5,4.75,8,4.5],"rotation":90,"texture":"#2"},"up":{"uv":[6.5,4,8,3.75],"rotation":180,"texture":"#2"},"down":{"uv":[6.5,4.5,8,4.25],"texture":"#2"}}},{"from":[9.635,-4.665,12.25],"to":[25.365,11.065,14.85],"rotation":{"angle":0,"axis":"x","origin":[1.5,0,15.8]},"faces":{"north":{"uv":[0,6.625,1.5,5.125],"texture":"#2"},"east":{"uv":[6.75,0.25,8.25,0],"rotation":270,"texture":"#2"},"south":{"uv":[1.5,5.25,3,6.75],"rotation":180,"texture":"#2"},"west":{"uv":[6.75,0.75,8.25,0.5],"rotation":90,"texture":"#2"},"up":{"uv":[0,6.875,1.5,6.625],"rotation":180,"texture":"#2"},"down":{"uv":[6.75,0.5,8.25,0.25],"texture":"#2"}}},{"from":[9.635,-4.665,5.75],"to":[25.365,11.065,8.35],"rotation":{"angle":0,"axis":"x","origin":[1.5,0,15.8]},"faces":{"north":{"uv":[3,6.75,4.5,5.25],"texture":"#2"},"east":{"uv":[6.75,1.25,8.25,1],"rotation":270,"texture":"#2"},"south":{"uv":[4.5,5.25,6,6.75],"rotation":180,"texture":"#2"},"west":{"uv":[1.5,7,3,6.75],"rotation":90,"texture":"#2"},"up":{"uv":[6.75,1,8.25,0.75],"rotation":180,"texture":"#2"},"down":{"uv":[6.75,1.5,8.25,1.25],"texture":"#2"}}},{"from":[9.025,-8.625,-0.5],"to":[26.025,-4.625,1.5],"faces":{"north":{"uv":[0,0,4.25,1],"texture":"#3"},"east":{"uv":[3.5,5,4,6],"texture":"#3"},"south":{"uv":[0,1,4.25,2],"texture":"#3"},"west":{"uv":[4.75,5,5.25,6],"texture":"#3"},"up":{"uv":[4.25,4.5,0,4],"texture":"#3"},"down":{"uv":[8.5,0,4.25,0.5],"texture":"#3"}}},{"from":[9.025,-8.625,12.5],"to":[26.025,-4.625,14.5],"rotation":{"angle":0,"axis":"y","origin":[0,0,16]},"faces":{"north":{"uv":[0,2,4.25,3],"texture":"#3"},"east":{"uv":[1.5,5.25,2,6.25],"texture":"#3"},"south":{"uv":[0,3,4.25,4],"texture":"#3"},"west":{"uv":[2,5.25,2.5,6.25],"texture":"#3"},"up":{"uv":[9,2,4.75,1.5],"texture":"#3"},"down":{"uv":[9,2,4.75,2.5],"texture":"#3"}}},{"from":[10.5,-7.875,-1.4],"to":[12.5,-5.875,15.4],"faces":{"north":{"uv":[5.75,3.5,6.25,4],"texture":"#3"},"east":{"uv":[4.75,2.5,9,3],"texture":"#3"},"south":{"uv":[5.75,4,6.25,4.5],"texture":"#3"},"west":{"uv":[4.75,3,9,3.5],"texture":"#3"},"up":{"uv":[1,8.75,0.5,4.5],"texture":"#3"},"down":{"uv":[1.5,4.5,1,8.75],"texture":"#3"}}},{"from":[22.5,-7.875,-1.4],"to":[24.5,-5.875,15.4],"faces":{"north":{"uv":[5.25,5.5,5.75,6],"texture":"#3"},"east":{"uv":[4.25,0.5,8.5,1],"texture":"#3"},"south":{"uv":[2.5,5.75,3,6.25],"texture":"#3"},"west":{"uv":[4.25,1,8.5,1.5],"texture":"#3"},"up":{"uv":[4.75,5.75,4.25,1.5],"texture":"#3"},"down":{"uv":[0.5,4.5,0,8.75],"texture":"#3"}}},{"from":[9.025,-8.625,-0.5],"to":[26.025,-4.625,1.5],"faces":{"north":{"uv":[0,0,4.25,1],"texture":"#3"},"east":{"uv":[3.5,5,4,6],"texture":"#3"},"south":{"uv":[0,1,4.25,2],"texture":"#3"},"west":{"uv":[4.75,5,5.25,6],"texture":"#3"},"up":{"uv":[4.25,4.5,0,4],"texture":"#3"},"down":{"uv":[8.5,0,4.25,0.5],"texture":"#3"}}},{"from":[9.025,-8.625,12.5],"to":[26.025,-4.625,14.5],"rotation":{"angle":0,"axis":"y","origin":[0,0,16]},"faces":{"north":{"uv":[0,2,4.25,3],"texture":"#3"},"east":{"uv":[1.5,5.25,2,6.25],"texture":"#3"},"south":{"uv":[0,3,4.25,4],"texture":"#3"},"west":{"uv":[2,5.25,2.5,6.25],"texture":"#3"},"up":{"uv":[9,2,4.75,1.5],"texture":"#3"},"down":{"uv":[9,2,4.75,2.5],"texture":"#3"}}},{"from":[10.5,-7.875,-1.4],"to":[12.5,-5.875,15.4],"faces":{"north":{"uv":[5.75,3.5,6.25,4],"texture":"#3"},"east":{"uv":[4.75,2.5,9,3],"texture":"#3"},"south":{"uv":[5.75,4,6.25,4.5],"texture":"#3"},"west":{"uv":[4.75,3,9,3.5],"texture":"#3"},"up":{"uv":[1,8.75,0.5,4.5],"texture":"#3"},"down":{"uv":[1.5,4.5,1,8.75],"texture":"#3"}}},{"from":[22.5,-7.875,-1.4],"to":[24.5,-5.875,15.4],"faces":{"north":{"uv":[5.25,5.5,5.75,6],"texture":"#3"},"east":{"uv":[4.25,0.5,8.5,1],"texture":"#3"},"south":{"uv":[2.5,5.75,3,6.25],"texture":"#3"},"west":{"uv":[4.25,1,8.5,1.5],"texture":"#3"},"up":{"uv":[4.75,5.75,4.25,1.5],"texture":"#3"},"down":{"uv":[0.5,4.5,0,8.75],"texture":"#3"}}},{"from":[16.5,-1.25,-5.25],"to":[18.5,0.75,-1.25],"faces":{"north":{"uv":[2.5,5.25,3,5.75],"texture":"#3"},"east":{"uv":[3,4.5,4,5],"texture":"#3"},"south":{"uv":[5.25,4,5.75,4.5],"texture":"#3"},"west":{"uv":[4.75,3.5,5.75,4],"texture":"#3"},"up":{"uv":[5.25,5,4.75,4],"texture":"#3"},"down":{"uv":[3.5,5,3,6],"texture":"#3"}}},{"from":[16,-1.75,-2.25],"to":[19,1.25,-1.25],"faces":{"north":{"uv":[1.5,4.5,2.25,5.25],"texture":"#3"},"east":{"uv":[4.25,5.75,4.5,6.5],"texture":"#3"},"south":{"uv":[2.25,4.5,3,5.25],"texture":"#3"},"west":{"uv":[4.5,5.75,4.75,6.5],"texture":"#3"},"up":{"uv":[6.5,4.75,5.75,4.5],"texture":"#3"},"down":{"uv":[6.5,4.75,5.75,5],"texture":"#3"}}},{"from":[17,-2.25,-4.75],"to":[18,1.75,-3.75],"faces":{"north":{"uv":[4,4.5,4.25,5.5],"texture":"#3"},"east":{"uv":[5.25,4.5,5.5,5.5],"texture":"#3"},"south":{"uv":[4,5.5,4.25,6.5],"texture":"#3"},"west":{"uv":[5.5,4.5,5.75,5.5],"texture":"#3"},"up":{"uv":[6,5.25,5.75,5],"texture":"#3"},"down":{"uv":[6,5.25,5.75,5.5],"texture":"#3"}}},{"from":[16.925,1,-4.825],"to":[18.075,2,-3.675],"faces":{"north":{"uv":[5.75,5.5,6,5.75],"texture":"#3"},"east":{"uv":[5.75,5.75,6,6],"texture":"#3"},"south":{"uv":[3,6,3.25,6.25],"texture":"#3"},"west":{"uv":[3.25,6,3.5,6.25],"texture":"#3"},"up":{"uv":[3.75,6.25,3.5,6],"texture":"#3"},"down":{"uv":[4,6,3.75,6.25],"texture":"#3"}}},{"from":[16.5,-1.25,-5.25],"to":[18.5,0.75,-1.25],"faces":{"north":{"uv":[2.5,5.25,3,5.75],"texture":"#3"},"east":{"uv":[3,4.5,4,5],"texture":"#3"},"south":{"uv":[5.25,4,5.75,4.5],"texture":"#3"},"west":{"uv":[4.75,3.5,5.75,4],"texture":"#3"},"up":{"uv":[5.25,5,4.75,4],"texture":"#3"},"down":{"uv":[3.5,5,3,6],"texture":"#3"}}},{"from":[16,-1.75,-2.25],"to":[19,1.25,-1.25],"faces":{"north":{"uv":[1.5,4.5,2.25,5.25],"texture":"#3"},"east":{"uv":[4.25,5.75,4.5,6.5],"texture":"#3"},"south":{"uv":[2.25,4.5,3,5.25],"texture":"#3"},"west":{"uv":[4.5,5.75,4.75,6.5],"texture":"#3"},"up":{"uv":[6.5,4.75,5.75,4.5],"texture":"#3"},"down":{"uv":[6.5,4.75,5.75,5],"texture":"#3"}}},{"from":[17,-2.25,-4.75],"to":[18,1.75,-3.75],"faces":{"north":{"uv":[4,4.5,4.25,5.5],"texture":"#3"},"east":{"uv":[5.25,4.5,5.5,5.5],"texture":"#3"},"south":{"uv":[4,5.5,4.25,6.5],"texture":"#3"},"west":{"uv":[5.5,4.5,5.75,5.5],"texture":"#3"},"up":{"uv":[6,5.25,5.75,5],"texture":"#3"},"down":{"uv":[6,5.25,5.75,5.5],"texture":"#3"}}},{"from":[16.925,1,-4.825],"to":[18.075,2,-3.675],"faces":{"north":{"uv":[5.75,5.5,6,5.75],"texture":"#3"},"east":{"uv":[5.75,5.75,6,6],"texture":"#3"},"south":{"uv":[3,6,3.25,6.25],"texture":"#3"},"west":{"uv":[3.25,6,3.5,6.25],"texture":"#3"},"up":{"uv":[3.75,6.25,3.5,6],"texture":"#3"},"down":{"uv":[4,6,3.75,6.25],"texture":"#3"}}},{"from":[-6,8.4,-2.7],"to":[7,9.7,16.8],"rotation":{"angle":0,"axis":"x","origin":[1.5,0,15.8]},"faces":{"north":{"uv":[4.25,3.125,5.5,3],"texture":"#2"},"east":{"uv":[3,8.625,3.125,6.75],"rotation":270,"texture":"#2"},"south":{"uv":[4.25,3.125,5.5,3.25],"rotation":180,"texture":"#2"},"west":{"uv":[3.125,8.625,3.25,6.75],"rotation":90,"texture":"#2"},"up":{"uv":[3,1.875,4.25,0],"rotation":180,"texture":"#2"},"down":{"uv":[3,3.75,4.25,1.875],"texture":"#2"}}},{"from":[-6,-3.3,-2.7],"to":[7,-2,16.8],"rotation":{"angle":0,"axis":"x","origin":[1.5,0,15.8]},"faces":{"north":{"uv":[4.25,3.375,5.5,3.25],"texture":"#2"},"east":{"uv":[3.25,8.625,3.375,6.75],"rotation":270,"texture":"#2"},"south":{"uv":[4.25,3.375,5.5,3.5],"rotation":180,"texture":"#2"},"west":{"uv":[3.375,8.625,3.5,6.75],"rotation":90,"texture":"#2"},"up":{"uv":[0,5.125,1.25,3.25],"rotation":180,"texture":"#2"},"down":{"uv":[1.25,5.125,2.5,3.25],"texture":"#2"}}},{"from":[5.7,-2,-2.7],"to":[7,8.4,16.8],"rotation":{"angle":0,"axis":"x","origin":[1.5,0,15.8]},"faces":{"north":{"uv":[5.75,2.875,5.875,1.875],"texture":"#2"},"east":{"uv":[5.5,4.875,6.5,3],"rotation":270,"texture":"#2"},"south":{"uv":[5.875,1.875,6,2.875],"rotation":180,"texture":"#2"},"west":{"uv":[5.75,1.875,6.75,0],"rotation":90,"texture":"#2"},"up":{"uv":[3.5,8.625,3.625,6.75],"rotation":180,"texture":"#2"},"down":{"uv":[3.625,8.625,3.75,6.75],"texture":"#2"}}},{"from":[-6,-2,-2.7],"to":[-4.7,8.4,16.8],"rotation":{"angle":0,"axis":"x","origin":[1.5,0,15.8]},"faces":{"north":{"uv":[6,2.875,6.125,1.875],"texture":"#2"},"east":{"uv":[6,6.75,7,4.875],"rotation":270,"texture":"#2"},"south":{"uv":[6.125,1.875,6.25,2.875],"rotation":180,"texture":"#2"},"west":{"uv":[6.5,3.75,7.5,1.875],"rotation":90,"texture":"#2"},"up":{"uv":[3.75,8.625,3.875,6.75],"rotation":180,"texture":"#2"},"down":{"uv":[3.875,8.625,4,6.75],"texture":"#2"}}},{"from":[-7.3,-4.6,-1.4],"to":[8.3,11,15.5],"rotation":{"angle":0,"axis":"x","origin":[1.5,0,15.8]},"faces":{"north":{"uv":[2.5,5.25,4,3.75],"texture":"#2"},"east":{"uv":[0,3.25,1.5,1.625],"rotation":270,"texture":"#2"},"south":{"uv":[4,3.75,5.5,5.25],"rotation":180,"texture":"#2"},"west":{"uv":[0,3.25,1.5,1.625],"rotation":90,"texture":"#2"},"up":{"uv":[0,3.25,1.5,1.625],"rotation":180,"texture":"#2"},"down":{"uv":[0,3.25,1.5,1.625],"texture":"#2"}}},{"from":[-7.365,-4.665,-0.75],"to":[8.365,11.065,1.85],"rotation":{"angle":0,"axis":"x","origin":[1.5,0,15.8]},"faces":{"north":{"uv":[4.25,1.5,5.75,0],"texture":"#2"},"east":{"uv":[6.5,4.25,8,4],"rotation":270,"texture":"#2"},"south":{"uv":[4.25,1.5,5.75,3],"rotation":180,"texture":"#2"},"west":{"uv":[6.5,4.75,8,4.5],"rotation":90,"texture":"#2"},"up":{"uv":[6.5,4,8,3.75],"rotation":180,"texture":"#2"},"down":{"uv":[6.5,4.5,8,4.25],"texture":"#2"}}},{"from":[-7.365,-4.665,12.25],"to":[8.365,11.065,14.85],"rotation":{"angle":0,"axis":"x","origin":[1.5,0,15.8]},"faces":{"north":{"uv":[0,6.625,1.5,5.125],"texture":"#2"},"east":{"uv":[6.75,0.25,8.25,0],"rotation":270,"texture":"#2"},"south":{"uv":[1.5,5.25,3,6.75],"rotation":180,"texture":"#2"},"west":{"uv":[6.75,0.75,8.25,0.5],"rotation":90,"texture":"#2"},"up":{"uv":[0,6.875,1.5,6.625],"rotation":180,"texture":"#2"},"down":{"uv":[6.75,0.5,8.25,0.25],"texture":"#2"}}},{"from":[-7.365,-4.665,5.75],"to":[8.365,11.065,8.35],"rotation":{"angle":0,"axis":"x","origin":[1.5,0,15.8]},"faces":{"north":{"uv":[3,6.75,4.5,5.25],"texture":"#2"},"east":{"uv":[6.75,1.25,8.25,1],"rotation":270,"texture":"#2"},"south":{"uv":[4.5,5.25,6,6.75],"rotation":180,"texture":"#2"},"west":{"uv":[1.5,7,3,6.75],"rotation":90,"texture":"#2"},"up":{"uv":[6.75,1,8.25,0.75],"rotation":180,"texture":"#2"},"down":{"uv":[6.75,1.5,8.25,1.25],"texture":"#2"}}},{"from":[-6,8.4,-2.7],"to":[7,9.7,16.8],"rotation":{"angle":0,"axis":"x","origin":[1.5,0,15.8]},"faces":{"north":{"uv":[4.25,3.125,5.5,3],"texture":"#2"},"east":{"uv":[3,8.625,3.125,6.75],"rotation":270,"texture":"#2"},"south":{"uv":[4.25,3.125,5.5,3.25],"rotation":180,"texture":"#2"},"west":{"uv":[3.125,8.625,3.25,6.75],"rotation":90,"texture":"#2"},"up":{"uv":[3,1.875,4.25,0],"rotation":180,"texture":"#2"},"down":{"uv":[3,3.75,4.25,1.875],"texture":"#2"}}},{"from":[-6,-3.3,-2.7],"to":[7,-2,16.8],"rotation":{"angle":0,"axis":"x","origin":[1.5,0,15.8]},"faces":{"north":{"uv":[4.25,3.375,5.5,3.25],"texture":"#2"},"east":{"uv":[3.25,8.625,3.375,6.75],"rotation":270,"texture":"#2"},"south":{"uv":[4.25,3.375,5.5,3.5],"rotation":180,"texture":"#2"},"west":{"uv":[3.375,8.625,3.5,6.75],"rotation":90,"texture":"#2"},"up":{"uv":[0,5.125,1.25,3.25],"rotation":180,"texture":"#2"},"down":{"uv":[1.25,5.125,2.5,3.25],"texture":"#2"}}},{"from":[5.7,-2,-2.7],"to":[7,8.4,16.8],"rotation":{"angle":0,"axis":"x","origin":[1.5,0,15.8]},"faces":{"north":{"uv":[5.75,2.875,5.875,1.875],"texture":"#2"},"east":{"uv":[5.5,4.875,6.5,3],"rotation":270,"texture":"#2"},"south":{"uv":[5.875,1.875,6,2.875],"rotation":180,"texture":"#2"},"west":{"uv":[5.75,1.875,6.75,0],"rotation":90,"texture":"#2"},"up":{"uv":[3.5,8.625,3.625,6.75],"rotation":180,"texture":"#2"},"down":{"uv":[3.625,8.625,3.75,6.75],"texture":"#2"}}},{"from":[-6,-2,-2.7],"to":[-4.7,8.4,16.8],"rotation":{"angle":0,"axis":"x","origin":[1.5,0,15.8]},"faces":{"north":{"uv":[6,2.875,6.125,1.875],"texture":"#2"},"east":{"uv":[6,6.75,7,4.875],"rotation":270,"texture":"#2"},"south":{"uv":[6.125,1.875,6.25,2.875],"rotation":180,"texture":"#2"},"west":{"uv":[6.5,3.75,7.5,1.875],"rotation":90,"texture":"#2"},"up":{"uv":[3.75,8.625,3.875,6.75],"rotation":180,"texture":"#2"},"down":{"uv":[3.875,8.625,4,6.75],"texture":"#2"}}},{"from":[-7.3,-4.6,-1.4],"to":[8.3,11,15.5],"rotation":{"angle":0,"axis":"x","origin":[1.5,0,15.8]},"faces":{"north":{"uv":[2.5,5.25,4,3.75],"texture":"#2"},"east":{"uv":[0,3.25,1.5,1.625],"rotation":270,"texture":"#2"},"south":{"uv":[4,3.75,5.5,5.25],"rotation":180,"texture":"#2"},"west":{"uv":[0,3.25,1.5,1.625],"rotation":90,"texture":"#2"},"up":{"uv":[0,3.25,1.5,1.625],"rotation":180,"texture":"#2"},"down":{"uv":[0,3.25,1.5,1.625],"texture":"#2"}}},{"from":[-7.365,-4.665,-0.75],"to":[8.365,11.065,1.85],"rotation":{"angle":0,"axis":"x","origin":[1.5,0,15.8]},"faces":{"north":{"uv":[4.25,1.5,5.75,0],"texture":"#2"},"east":{"uv":[6.5,4.25,8,4],"rotation":270,"texture":"#2"},"south":{"uv":[4.25,1.5,5.75,3],"rotation":180,"texture":"#2"},"west":{"uv":[6.5,4.75,8,4.5],"rotation":90,"texture":"#2"},"up":{"uv":[6.5,4,8,3.75],"rotation":180,"texture":"#2"},"down":{"uv":[6.5,4.5,8,4.25],"texture":"#2"}}},{"from":[-7.365,-4.665,12.25],"to":[8.365,11.065,14.85],"rotation":{"angle":0,"axis":"x","origin":[1.5,0,15.8]},"faces":{"north":{"uv":[0,6.625,1.5,5.125],"texture":"#2"},"east":{"uv":[6.75,0.25,8.25,0],"rotation":270,"texture":"#2"},"south":{"uv":[1.5,5.25,3,6.75],"rotation":180,"texture":"#2"},"west":{"uv":[6.75,0.75,8.25,0.5],"rotation":90,"texture":"#2"},"up":{"uv":[0,6.875,1.5,6.625],"rotation":180,"texture":"#2"},"down":{"uv":[6.75,0.5,8.25,0.25],"texture":"#2"}}},{"from":[-7.365,-4.665,5.75],"to":[8.365,11.065,8.35],"rotation":{"angle":0,"axis":"x","origin":[1.5,0,15.8]},"faces":{"north":{"uv":[3,6.75,4.5,5.25],"texture":"#2"},"east":{"uv":[6.75,1.25,8.25,1],"rotation":270,"texture":"#2"},"south":{"uv":[4.5,5.25,6,6.75],"rotation":180,"texture":"#2"},"west":{"uv":[1.5,7,3,6.75],"rotation":90,"texture":"#2"},"up":{"uv":[6.75,1,8.25,0.75],"rotation":180,"texture":"#2"},"down":{"uv":[6.75,1.5,8.25,1.25],"texture":"#2"}}},{"from":[-7.975,-8.625,-0.5],"to":[9.025,-4.625,1.5],"faces":{"north":{"uv":[0,0,4.25,1],"texture":"#3"},"east":{"uv":[3.5,5,4,6],"texture":"#3"},"south":{"uv":[0,1,4.25,2],"texture":"#3"},"west":{"uv":[4.75,5,5.25,6],"texture":"#3"},"up":{"uv":[4.25,4.5,0,4],"texture":"#3"},"down":{"uv":[8.5,0,4.25,0.5],"texture":"#3"}}},{"from":[-7.975,-8.625,12.5],"to":[9.025,-4.625,14.5],"rotation":{"angle":0,"axis":"y","origin":[0,0,16]},"faces":{"north":{"uv":[0,2,4.25,3],"texture":"#3"},"east":{"uv":[1.5,5.25,2,6.25],"texture":"#3"},"south":{"uv":[0,3,4.25,4],"texture":"#3"},"west":{"uv":[2,5.25,2.5,6.25],"texture":"#3"},"up":{"uv":[9,2,4.75,1.5],"texture":"#3"},"down":{"uv":[9,2,4.75,2.5],"texture":"#3"}}},{"from":[-6.5,-7.875,-1.4],"to":[-4.5,-5.875,15.4],"faces":{"north":{"uv":[5.75,3.5,6.25,4],"texture":"#3"},"east":{"uv":[4.75,2.5,9,3],"texture":"#3"},"south":{"uv":[5.75,4,6.25,4.5],"texture":"#3"},"west":{"uv":[4.75,3,9,3.5],"texture":"#3"},"up":{"uv":[1,8.75,0.5,4.5],"texture":"#3"},"down":{"uv":[1.5,4.5,1,8.75],"texture":"#3"}}},{"from":[5.5,-7.875,-1.4],"to":[7.5,-5.875,15.4],"faces":{"north":{"uv":[5.25,5.5,5.75,6],"texture":"#3"},"east":{"uv":[4.25,0.5,8.5,1],"texture":"#3"},"south":{"uv":[2.5,5.75,3,6.25],"texture":"#3"},"west":{"uv":[4.25,1,8.5,1.5],"texture":"#3"},"up":{"uv":[4.75,5.75,4.25,1.5],"texture":"#3"},"down":{"uv":[0.5,4.5,0,8.75],"texture":"#3"}}},{"from":[-7.975,-8.625,-0.5],"to":[9.025,-4.625,1.5],"faces":{"north":{"uv":[0,0,4.25,1],"texture":"#3"},"east":{"uv":[3.5,5,4,6],"texture":"#3"},"south":{"uv":[0,1,4.25,2],"texture":"#3"},"west":{"uv":[4.75,5,5.25,6],"texture":"#3"},"up":{"uv":[4.25,4.5,0,4],"texture":"#3"},"down":{"uv":[8.5,0,4.25,0.5],"texture":"#3"}}},{"from":[-7.975,-8.625,12.5],"to":[9.025,-4.625,14.5],"rotation":{"angle":0,"axis":"y","origin":[0,0,16]},"faces":{"north":{"uv":[0,2,4.25,3],"texture":"#3"},"east":{"uv":[1.5,5.25,2,6.25],"texture":"#3"},"south":{"uv":[0,3,4.25,4],"texture":"#3"},"west":{"uv":[2,5.25,2.5,6.25],"texture":"#3"},"up":{"uv":[9,2,4.75,1.5],"texture":"#3"},"down":{"uv":[9,2,4.75,2.5],"texture":"#3"}}},{"from":[-6.5,-7.875,-1.4],"to":[-4.5,-5.875,15.4],"faces":{"north":{"uv":[5.75,3.5,6.25,4],"texture":"#3"},"east":{"uv":[4.75,2.5,9,3],"texture":"#3"},"south":{"uv":[5.75,4,6.25,4.5],"texture":"#3"},"west":{"uv":[4.75,3,9,3.5],"texture":"#3"},"up":{"uv":[1,8.75,0.5,4.5],"texture":"#3"},"down":{"uv":[1.5,4.5,1,8.75],"texture":"#3"}}},{"from":[5.5,-7.875,-1.4],"to":[7.5,-5.875,15.4],"faces":{"north":{"uv":[5.25,5.5,5.75,6],"texture":"#3"},"east":{"uv":[4.25,0.5,8.5,1],"texture":"#3"},"south":{"uv":[2.5,5.75,3,6.25],"texture":"#3"},"west":{"uv":[4.25,1,8.5,1.5],"texture":"#3"},"up":{"uv":[4.75,5.75,4.25,1.5],"texture":"#3"},"down":{"uv":[0.5,4.5,0,8.75],"texture":"#3"}}},{"from":[-0.5,-1.25,-5.25],"to":[1.5,0.75,-1.25],"faces":{"north":{"uv":[2.5,5.25,3,5.75],"texture":"#3"},"east":{"uv":[3,4.5,4,5],"texture":"#3"},"south":{"uv":[5.25,4,5.75,4.5],"texture":"#3"},"west":{"uv":[4.75,3.5,5.75,4],"texture":"#3"},"up":{"uv":[5.25,5,4.75,4],"texture":"#3"},"down":{"uv":[3.5,5,3,6],"texture":"#3"}}},{"from":[-1,-1.75,-2.25],"to":[2,1.25,-1.25],"faces":{"north":{"uv":[1.5,4.5,2.25,5.25],"texture":"#3"},"east":{"uv":[4.25,5.75,4.5,6.5],"texture":"#3"},"south":{"uv":[2.25,4.5,3,5.25],"texture":"#3"},"west":{"uv":[4.5,5.75,4.75,6.5],"texture":"#3"},"up":{"uv":[6.5,4.75,5.75,4.5],"texture":"#3"},"down":{"uv":[6.5,4.75,5.75,5],"texture":"#3"}}},{"from":[0,-2.25,-4.75],"to":[1,1.75,-3.75],"faces":{"north":{"uv":[4,4.5,4.25,5.5],"texture":"#3"},"east":{"uv":[5.25,4.5,5.5,5.5],"texture":"#3"},"south":{"uv":[4,5.5,4.25,6.5],"texture":"#3"},"west":{"uv":[5.5,4.5,5.75,5.5],"texture":"#3"},"up":{"uv":[6,5.25,5.75,5],"texture":"#3"},"down":{"uv":[6,5.25,5.75,5.5],"texture":"#3"}}},{"from":[-0.075,1,-4.825],"to":[1.075,2,-3.675],"faces":{"north":{"uv":[5.75,5.5,6,5.75],"texture":"#3"},"east":{"uv":[5.75,5.75,6,6],"texture":"#3"},"south":{"uv":[3,6,3.25,6.25],"texture":"#3"},"west":{"uv":[3.25,6,3.5,6.25],"texture":"#3"},"up":{"uv":[3.75,6.25,3.5,6],"texture":"#3"},"down":{"uv":[4,6,3.75,6.25],"texture":"#3"}}},{"from":[-0.5,-1.25,-5.25],"to":[1.5,0.75,-1.25],"faces":{"north":{"uv":[2.5,5.25,3,5.75],"texture":"#3"},"east":{"uv":[3,4.5,4,5],"texture":"#3"},"south":{"uv":[5.25,4,5.75,4.5],"texture":"#3"},"west":{"uv":[4.75,3.5,5.75,4],"texture":"#3"},"up":{"uv":[5.25,5,4.75,4],"texture":"#3"},"down":{"uv":[3.5,5,3,6],"texture":"#3"}}},{"from":[-1,-1.75,-2.25],"to":[2,1.25,-1.25],"faces":{"north":{"uv":[1.5,4.5,2.25,5.25],"texture":"#3"},"east":{"uv":[4.25,5.75,4.5,6.5],"texture":"#3"},"south":{"uv":[2.25,4.5,3,5.25],"texture":"#3"},"west":{"uv":[4.5,5.75,4.75,6.5],"texture":"#3"},"up":{"uv":[6.5,4.75,5.75,4.5],"texture":"#3"},"down":{"uv":[6.5,4.75,5.75,5],"texture":"#3"}}},{"from":[0,-2.25,-4.75],"to":[1,1.75,-3.75],"faces":{"north":{"uv":[4,4.5,4.25,5.5],"texture":"#3"},"east":{"uv":[5.25,4.5,5.5,5.5],"texture":"#3"},"south":{"uv":[4,5.5,4.25,6.5],"texture":"#3"},"west":{"uv":[5.5,4.5,5.75,5.5],"texture":"#3"},"up":{"uv":[6,5.25,5.75,5],"texture":"#3"},"down":{"uv":[6,5.25,5.75,5.5],"texture":"#3"}}},{"from":[-0.075,1,-4.825],"to":[1.075,2,-3.675],"faces":{"north":{"uv":[5.75,5.5,6,5.75],"texture":"#3"},"east":{"uv":[5.75,5.75,6,6],"texture":"#3"},"south":{"uv":[3,6,3.25,6.25],"texture":"#3"},"west":{"uv":[3.25,6,3.5,6.25],"texture":"#3"},"up":{"uv":[3.75,6.25,3.5,6],"texture":"#3"},"down":{"uv":[4,6,3.75,6.25],"texture":"#3"}}},{"from":[2.5,28.075,-2.7],"to":[15.5,29.375,16.8],"rotation":{"angle":0,"axis":"x","origin":[1.5,0,15.8]},"faces":{"north":{"uv":[4.25,3.125,5.5,3],"texture":"#2"},"east":{"uv":[3,8.625,3.125,6.75],"rotation":270,"texture":"#2"},"south":{"uv":[4.25,3.125,5.5,3.25],"rotation":180,"texture":"#2"},"west":{"uv":[3.125,8.625,3.25,6.75],"rotation":90,"texture":"#2"},"up":{"uv":[3,1.875,4.25,0],"rotation":180,"texture":"#2"},"down":{"uv":[3,3.75,4.25,1.875],"texture":"#2"}}},{"from":[2.5,16.375,-2.7],"to":[15.5,17.675,16.8],"rotation":{"angle":0,"axis":"x","origin":[1.5,0,15.8]},"faces":{"north":{"uv":[4.25,3.375,5.5,3.25],"texture":"#2"},"east":{"uv":[3.25,8.625,3.375,6.75],"rotation":270,"texture":"#2"},"south":{"uv":[4.25,3.375,5.5,3.5],"rotation":180,"texture":"#2"},"west":{"uv":[3.375,8.625,3.5,6.75],"rotation":90,"texture":"#2"},"up":{"uv":[0,5.125,1.25,3.25],"rotation":180,"texture":"#2"},"down":{"uv":[1.25,5.125,2.5,3.25],"texture":"#2"}}},{"from":[14.2,17.675,-2.7],"to":[15.5,28.075,16.8],"rotation":{"angle":0,"axis":"x","origin":[1.5,0,15.8]},"faces":{"north":{"uv":[5.75,2.875,5.875,1.875],"texture":"#2"},"east":{"uv":[5.5,4.875,6.5,3],"rotation":270,"texture":"#2"},"south":{"uv":[5.875,1.875,6,2.875],"rotation":180,"texture":"#2"},"west":{"uv":[5.75,1.875,6.75,0],"rotation":90,"texture":"#2"},"up":{"uv":[3.5,8.625,3.625,6.75],"rotation":180,"texture":"#2"},"down":{"uv":[3.625,8.625,3.75,6.75],"texture":"#2"}}},{"from":[2.5,17.675,-2.7],"to":[3.8,28.075,16.8],"rotation":{"angle":0,"axis":"x","origin":[1.5,0,15.8]},"faces":{"north":{"uv":[6,2.875,6.125,1.875],"texture":"#2"},"east":{"uv":[6,6.75,7,4.875],"rotation":270,"texture":"#2"},"south":{"uv":[6.125,1.875,6.25,2.875],"rotation":180,"texture":"#2"},"west":{"uv":[6.5,3.75,7.5,1.875],"rotation":90,"texture":"#2"},"up":{"uv":[3.75,8.625,3.875,6.75],"rotation":180,"texture":"#2"},"down":{"uv":[3.875,8.625,4,6.75],"texture":"#2"}}},{"from":[1.2,15.075,-1.4],"to":[16.8,30.675,15.5],"rotation":{"angle":0,"axis":"x","origin":[1.5,0,15.8]},"faces":{"north":{"uv":[2.5,5.25,4,3.75],"texture":"#2"},"east":{"uv":[0,3.25,1.5,1.625],"rotation":270,"texture":"#2"},"south":{"uv":[4,3.75,5.5,5.25],"rotation":180,"texture":"#2"},"west":{"uv":[0,3.25,1.5,1.625],"rotation":90,"texture":"#2"},"up":{"uv":[0,3.25,1.5,1.625],"rotation":180,"texture":"#2"},"down":{"uv":[0,3.25,1.5,1.625],"texture":"#2"}}},{"from":[1.135,15.01,-0.75],"to":[16.865,30.74,1.85],"rotation":{"angle":0,"axis":"x","origin":[1.5,0,15.8]},"faces":{"north":{"uv":[4.25,1.5,5.75,0],"texture":"#2"},"east":{"uv":[6.5,4.25,8,4],"rotation":270,"texture":"#2"},"south":{"uv":[4.25,1.5,5.75,3],"rotation":180,"texture":"#2"},"west":{"uv":[6.5,4.75,8,4.5],"rotation":90,"texture":"#2"},"up":{"uv":[6.5,4,8,3.75],"rotation":180,"texture":"#2"},"down":{"uv":[6.5,4.5,8,4.25],"texture":"#2"}}},{"from":[1.135,15.01,12.25],"to":[16.865,30.74,14.85],"rotation":{"angle":0,"axis":"x","origin":[1.5,0,15.8]},"faces":{"north":{"uv":[0,6.625,1.5,5.125],"texture":"#2"},"east":{"uv":[6.75,0.25,8.25,0],"rotation":270,"texture":"#2"},"south":{"uv":[1.5,5.25,3,6.75],"rotation":180,"texture":"#2"},"west":{"uv":[6.75,0.75,8.25,0.5],"rotation":90,"texture":"#2"},"up":{"uv":[0,6.875,1.5,6.625],"rotation":180,"texture":"#2"},"down":{"uv":[6.75,0.5,8.25,0.25],"texture":"#2"}}},{"from":[1.135,15.01,5.75],"to":[16.865,30.74,8.35],"rotation":{"angle":0,"axis":"x","origin":[1.5,0,15.8]},"faces":{"north":{"uv":[3,6.75,4.5,5.25],"texture":"#2"},"east":{"uv":[6.75,1.25,8.25,1],"rotation":270,"texture":"#2"},"south":{"uv":[4.5,5.25,6,6.75],"rotation":180,"texture":"#2"},"west":{"uv":[1.5,7,3,6.75],"rotation":90,"texture":"#2"},"up":{"uv":[6.75,1,8.25,0.75],"rotation":180,"texture":"#2"},"down":{"uv":[6.75,1.5,8.25,1.25],"texture":"#2"}}},{"from":[2.5,28.075,-2.7],"to":[15.5,29.375,16.8],"rotation":{"angle":0,"axis":"x","origin":[1.5,0,15.8]},"faces":{"north":{"uv":[4.25,3.125,5.5,3],"texture":"#2"},"east":{"uv":[3,8.625,3.125,6.75],"rotation":270,"texture":"#2"},"south":{"uv":[4.25,3.125,5.5,3.25],"rotation":180,"texture":"#2"},"west":{"uv":[3.125,8.625,3.25,6.75],"rotation":90,"texture":"#2"},"up":{"uv":[3,1.875,4.25,0],"rotation":180,"texture":"#2"},"down":{"uv":[3,3.75,4.25,1.875],"texture":"#2"}}},{"from":[2.5,16.375,-2.7],"to":[15.5,17.675,16.8],"rotation":{"angle":0,"axis":"x","origin":[1.5,0,15.8]},"faces":{"north":{"uv":[4.25,3.375,5.5,3.25],"texture":"#2"},"east":{"uv":[3.25,8.625,3.375,6.75],"rotation":270,"texture":"#2"},"south":{"uv":[4.25,3.375,5.5,3.5],"rotation":180,"texture":"#2"},"west":{"uv":[3.375,8.625,3.5,6.75],"rotation":90,"texture":"#2"},"up":{"uv":[0,5.125,1.25,3.25],"rotation":180,"texture":"#2"},"down":{"uv":[1.25,5.125,2.5,3.25],"texture":"#2"}}},{"from":[14.2,17.675,-2.7],"to":[15.5,28.075,16.8],"rotation":{"angle":0,"axis":"x","origin":[1.5,0,15.8]},"faces":{"north":{"uv":[5.75,2.875,5.875,1.875],"texture":"#2"},"east":{"uv":[5.5,4.875,6.5,3],"rotation":270,"texture":"#2"},"south":{"uv":[5.875,1.875,6,2.875],"rotation":180,"texture":"#2"},"west":{"uv":[5.75,1.875,6.75,0],"rotation":90,"texture":"#2"},"up":{"uv":[3.5,8.625,3.625,6.75],"rotation":180,"texture":"#2"},"down":{"uv":[3.625,8.625,3.75,6.75],"texture":"#2"}}},{"from":[2.5,17.675,-2.7],"to":[3.8,28.075,16.8],"rotation":{"angle":0,"axis":"x","origin":[1.5,0,15.8]},"faces":{"north":{"uv":[6,2.875,6.125,1.875],"texture":"#2"},"east":{"uv":[6,6.75,7,4.875],"rotation":270,"texture":"#2"},"south":{"uv":[6.125,1.875,6.25,2.875],"rotation":180,"texture":"#2"},"west":{"uv":[6.5,3.75,7.5,1.875],"rotation":90,"texture":"#2"},"up":{"uv":[3.75,8.625,3.875,6.75],"rotation":180,"texture":"#2"},"down":{"uv":[3.875,8.625,4,6.75],"texture":"#2"}}},{"from":[1.2,15.075,-1.4],"to":[16.8,30.675,15.5],"rotation":{"angle":0,"axis":"x","origin":[1.5,0,15.8]},"faces":{"north":{"uv":[2.5,5.25,4,3.75],"texture":"#2"},"east":{"uv":[0,3.25,1.5,1.625],"rotation":270,"texture":"#2"},"south":{"uv":[4,3.75,5.5,5.25],"rotation":180,"texture":"#2"},"west":{"uv":[0,3.25,1.5,1.625],"rotation":90,"texture":"#2"},"up":{"uv":[0,3.25,1.5,1.625],"rotation":180,"texture":"#2"},"down":{"uv":[0,3.25,1.5,1.625],"texture":"#2"}}},{"from":[1.135,15.01,-0.75],"to":[16.865,30.74,1.85],"rotation":{"angle":0,"axis":"x","origin":[1.5,0,15.8]},"faces":{"north":{"uv":[4.25,1.5,5.75,0],"texture":"#2"},"east":{"uv":[6.5,4.25,8,4],"rotation":270,"texture":"#2"},"south":{"uv":[4.25,1.5,5.75,3],"rotation":180,"texture":"#2"},"west":{"uv":[6.5,4.75,8,4.5],"rotation":90,"texture":"#2"},"up":{"uv":[6.5,4,8,3.75],"rotation":180,"texture":"#2"},"down":{"uv":[6.5,4.5,8,4.25],"texture":"#2"}}},{"from":[1.135,15.01,12.25],"to":[16.865,30.74,14.85],"rotation":{"angle":0,"axis":"x","origin":[1.5,0,15.8]},"faces":{"north":{"uv":[0,6.625,1.5,5.125],"texture":"#2"},"east":{"uv":[6.75,0.25,8.25,0],"rotation":270,"texture":"#2"},"south":{"uv":[1.5,5.25,3,6.75],"rotation":180,"texture":"#2"},"west":{"uv":[6.75,0.75,8.25,0.5],"rotation":90,"texture":"#2"},"up":{"uv":[0,6.875,1.5,6.625],"rotation":180,"texture":"#2"},"down":{"uv":[6.75,0.5,8.25,0.25],"texture":"#2"}}},{"from":[1.135,15.01,5.75],"to":[16.865,30.74,8.35],"rotation":{"angle":0,"axis":"x","origin":[1.5,0,15.8]},"faces":{"north":{"uv":[3,6.75,4.5,5.25],"texture":"#2"},"east":{"uv":[6.75,1.25,8.25,1],"rotation":270,"texture":"#2"},"south":{"uv":[4.5,5.25,6,6.75],"rotation":180,"texture":"#2"},"west":{"uv":[1.5,7,3,6.75],"rotation":90,"texture":"#2"},"up":{"uv":[6.75,1,8.25,0.75],"rotation":180,"texture":"#2"},"down":{"uv":[6.75,1.5,8.25,1.25],"texture":"#2"}}},{"from":[0.525,11.05,-0.5],"to":[17.525,15.05,1.5],"faces":{"north":{"uv":[0,0,4.25,1],"texture":"#3"},"east":{"uv":[3.5,5,4,6],"texture":"#3"},"south":{"uv":[0,1,4.25,2],"texture":"#3"},"west":{"uv":[4.75,5,5.25,6],"texture":"#3"},"up":{"uv":[4.25,4.5,0,4],"texture":"#3"},"down":{"uv":[8.5,0,4.25,0.5],"texture":"#3"}}},{"from":[0.525,11.05,12.5],"to":[17.525,15.05,14.5],"rotation":{"angle":0,"axis":"y","origin":[0,0,16]},"faces":{"north":{"uv":[0,2,4.25,3],"texture":"#3"},"east":{"uv":[1.5,5.25,2,6.25],"texture":"#3"},"south":{"uv":[0,3,4.25,4],"texture":"#3"},"west":{"uv":[2,5.25,2.5,6.25],"texture":"#3"},"up":{"uv":[9,2,4.75,1.5],"texture":"#3"},"down":{"uv":[9,2,4.75,2.5],"texture":"#3"}}},{"from":[2,11.8,-1.4],"to":[4,13.8,15.4],"faces":{"north":{"uv":[5.75,3.5,6.25,4],"texture":"#3"},"east":{"uv":[4.75,2.5,9,3],"texture":"#3"},"south":{"uv":[5.75,4,6.25,4.5],"texture":"#3"},"west":{"uv":[4.75,3,9,3.5],"texture":"#3"},"up":{"uv":[1,8.75,0.5,4.5],"texture":"#3"},"down":{"uv":[1.5,4.5,1,8.75],"texture":"#3"}}},{"from":[14,11.8,-1.4],"to":[16,13.8,15.4],"faces":{"north":{"uv":[5.25,5.5,5.75,6],"texture":"#3"},"east":{"uv":[4.25,0.5,8.5,1],"texture":"#3"},"south":{"uv":[2.5,5.75,3,6.25],"texture":"#3"},"west":{"uv":[4.25,1,8.5,1.5],"texture":"#3"},"up":{"uv":[4.75,5.75,4.25,1.5],"texture":"#3"},"down":{"uv":[0.5,4.5,0,8.75],"texture":"#3"}}},{"from":[0.525,11.05,-0.5],"to":[17.525,15.05,1.5],"faces":{"north":{"uv":[0,0,4.25,1],"texture":"#3"},"east":{"uv":[3.5,5,4,6],"texture":"#3"},"south":{"uv":[0,1,4.25,2],"texture":"#3"},"west":{"uv":[4.75,5,5.25,6],"texture":"#3"},"up":{"uv":[4.25,4.5,0,4],"texture":"#3"},"down":{"uv":[8.5,0,4.25,0.5],"texture":"#3"}}},{"from":[0.525,11.05,12.5],"to":[17.525,15.05,14.5],"rotation":{"angle":0,"axis":"y","origin":[0,0,16]},"faces":{"north":{"uv":[0,2,4.25,3],"texture":"#3"},"east":{"uv":[1.5,5.25,2,6.25],"texture":"#3"},"south":{"uv":[0,3,4.25,4],"texture":"#3"},"west":{"uv":[2,5.25,2.5,6.25],"texture":"#3"},"up":{"uv":[9,2,4.75,1.5],"texture":"#3"},"down":{"uv":[9,2,4.75,2.5],"texture":"#3"}}},{"from":[2,11.8,-1.4],"to":[4,13.8,15.4],"faces":{"north":{"uv":[5.75,3.5,6.25,4],"texture":"#3"},"east":{"uv":[4.75,2.5,9,3],"texture":"#3"},"south":{"uv":[5.75,4,6.25,4.5],"texture":"#3"},"west":{"uv":[4.75,3,9,3.5],"texture":"#3"},"up":{"uv":[1,8.75,0.5,4.5],"texture":"#3"},"down":{"uv":[1.5,4.5,1,8.75],"texture":"#3"}}},{"from":[14,11.8,-1.4],"to":[16,13.8,15.4],"faces":{"north":{"uv":[5.25,5.5,5.75,6],"texture":"#3"},"east":{"uv":[4.25,0.5,8.5,1],"texture":"#3"},"south":{"uv":[2.5,5.75,3,6.25],"texture":"#3"},"west":{"uv":[4.25,1,8.5,1.5],"texture":"#3"},"up":{"uv":[4.75,5.75,4.25,1.5],"texture":"#3"},"down":{"uv":[0.5,4.5,0,8.75],"texture":"#3"}}},{"from":[8,18.425,-5.25],"to":[10,20.425,-1.25],"faces":{"north":{"uv":[2.5,5.25,3,5.75],"texture":"#3"},"east":{"uv":[3,4.5,4,5],"texture":"#3"},"south":{"uv":[5.25,4,5.75,4.5],"texture":"#3"},"west":{"uv":[4.75,3.5,5.75,4],"texture":"#3"},"up":{"uv":[5.25,5,4.75,4],"texture":"#3"},"down":{"uv":[3.5,5,3,6],"texture":"#3"}}},{"from":[7.5,17.925,-2.25],"to":[10.5,20.925,-1.25],"faces":{"north":{"uv":[1.5,4.5,2.25,5.25],"texture":"#3"},"east":{"uv":[4.25,5.75,4.5,6.5],"texture":"#3"},"south":{"uv":[2.25,4.5,3,5.25],"texture":"#3"},"west":{"uv":[4.5,5.75,4.75,6.5],"texture":"#3"},"up":{"uv":[6.5,4.75,5.75,4.5],"texture":"#3"},"down":{"uv":[6.5,4.75,5.75,5],"texture":"#3"}}},{"from":[8.5,17.425,-4.75],"to":[9.5,21.425,-3.75],"faces":{"north":{"uv":[4,4.5,4.25,5.5],"texture":"#3"},"east":{"uv":[5.25,4.5,5.5,5.5],"texture":"#3"},"south":{"uv":[4,5.5,4.25,6.5],"texture":"#3"},"west":{"uv":[5.5,4.5,5.75,5.5],"texture":"#3"},"up":{"uv":[6,5.25,5.75,5],"texture":"#3"},"down":{"uv":[6,5.25,5.75,5.5],"texture":"#3"}}},{"from":[8.425,20.675,-4.825],"to":[9.575,21.675,-3.675],"faces":{"north":{"uv":[5.75,5.5,6,5.75],"texture":"#3"},"east":{"uv":[5.75,5.75,6,6],"texture":"#3"},"south":{"uv":[3,6,3.25,6.25],"texture":"#3"},"west":{"uv":[3.25,6,3.5,6.25],"texture":"#3"},"up":{"uv":[3.75,6.25,3.5,6],"texture":"#3"},"down":{"uv":[4,6,3.75,6.25],"texture":"#3"}}},{"from":[8,18.425,-5.25],"to":[10,20.425,-1.25],"faces":{"north":{"uv":[2.5,5.25,3,5.75],"texture":"#3"},"east":{"uv":[3,4.5,4,5],"texture":"#3"},"south":{"uv":[5.25,4,5.75,4.5],"texture":"#3"},"west":{"uv":[4.75,3.5,5.75,4],"texture":"#3"},"up":{"uv":[5.25,5,4.75,4],"texture":"#3"},"down":{"uv":[3.5,5,3,6],"texture":"#3"}}},{"from":[7.5,17.925,-2.25],"to":[10.5,20.925,-1.25],"faces":{"north":{"uv":[1.5,4.5,2.25,5.25],"texture":"#3"},"east":{"uv":[4.25,5.75,4.5,6.5],"texture":"#3"},"south":{"uv":[2.25,4.5,3,5.25],"texture":"#3"},"west":{"uv":[4.5,5.75,4.75,6.5],"texture":"#3"},"up":{"uv":[6.5,4.75,5.75,4.5],"texture":"#3"},"down":{"uv":[6.5,4.75,5.75,5],"texture":"#3"}}},{"from":[8.5,17.425,-4.75],"to":[9.5,21.425,-3.75],"faces":{"north":{"uv":[4,4.5,4.25,5.5],"texture":"#3"},"east":{"uv":[5.25,4.5,5.5,5.5],"texture":"#3"},"south":{"uv":[4,5.5,4.25,6.5],"texture":"#3"},"west":{"uv":[5.5,4.5,5.75,5.5],"texture":"#3"},"up":{"uv":[6,5.25,5.75,5],"texture":"#3"},"down":{"uv":[6,5.25,5.75,5.5],"texture":"#3"}}},{"from":[8.425,20.675,-4.825],"to":[9.575,21.675,-3.675],"faces":{"north":{"uv":[5.75,5.5,6,5.75],"texture":"#3"},"east":{"uv":[5.75,5.75,6,6],"texture":"#3"},"south":{"uv":[3,6,3.25,6.25],"texture":"#3"},"west":{"uv":[3.25,6,3.5,6.25],"texture":"#3"},"up":{"uv":[3.75,6.25,3.5,6],"texture":"#3"},"down":{"uv":[4,6,3.75,6.25],"texture":"#3"}}}],"gui_light":"front","display":{"thirdperson_righthand":{"rotation":[0,-1,0],"scale":[0.29,0.29,0.29]},"thirdperson_lefthand":{"rotation":[0,-1,0],"scale":[0.29,0.29,0.29]},"firstperson_righthand":{"translation":[4,0,0],"scale":[0.29,0.29,0.29]},"firstperson_lefthand":{"translation":[4,0,0],"scale":[0.29,0.29,0.29]},"ground":{"translation":[0,5.25,0],"scale":[0.4,0.4,0.4]},"gui":{"rotation":[-174.87,16.97,179.84],"translation":[0.25,-1,0],"scale":[0.35,0.35,0.35]},"head":{"translation":[0,-10,2],"scale":[2,2,2]},"fixed":{"scale":[0.44,0.44,0.44]}},"groups":[{"name":"barrel","origin":[3,0,2],"color":0,"children":[0,1,2,3,4,5,6,7,8,9,10,11,12,13,14,15,{"name":"stand","origin":[1.5,0,15.8],"color":0,"children":[16,17,18,19,20,21,22,23]},{"name":"tap","origin":[0,0,0],"color":0,"children":[24,25,26,27,28,29,30,31]}]},{"name":"barrel","origin":[3,0,2],"color":0,"children":[32,33,34,35,36,37,38,39,40,41,42,43,44,45,46,47,{"name":"stand","origin":[1.5,0,15.8],"color":0,"children":[48,49,50,51,52,53,54,55]},{"name":"tap","origin":[0,0,0],"color":0,"children":[56,57,58,59,60,61,62,63]}]},{"name":"barrel","origin":[3,0,2],"color":0,"children":[64,65,66,67,68,69,70,71,72,73,74,75,76,77,78,79,{"name":"stand","origin":[1.5,0,15.8],"color":0,"children":[80,81,82,83,84,85,86,87]},{"name":"tap","origin":[0,0,0],"color":0,"children":[88,89,90,91,92,93,94,95]}]}]}