{"credit":"magic_store_official","textures":{"0":"magic_store:furnitures/medieval_fullpack_2/medieva_double_chair_color","1":"magic_store:furnitures/medieval_fullpack_2/medieval_full_table_color","particle":"magic_store:furnitures/medieval_fullpack_2/medieva_double_chair_color"},"elements":[{"from":[-1,0,12.75],"to":[1,7,14.75],"rotation":{"angle":0,"axis":"y","origin":[14,10,8]},"faces":{"north":{"uv":[3.75,4.75,3.5,5.625],"texture":"#1"},"east":{"uv":[3.5,4.75,3.75,5.625],"texture":"#1"},"south":{"uv":[3.75,4.75,3.5,5.625],"texture":"#1"},"west":{"uv":[3.5,4.75,3.75,5.625],"texture":"#1"},"up":{"uv":[6.875,2,7,1.875],"texture":"#1"},"down":{"uv":[6.875,2,7,1.875],"rotation":180,"texture":"#1"}}},{"from":[27,0,0.75],"to":[29,7,2.75],"rotation":{"angle":0,"axis":"y","origin":[14,10,8]},"faces":{"north":{"uv":[3.5,4.75,3.75,5.625],"texture":"#1"},"east":{"uv":[3.75,4.75,3.5,5.625],"texture":"#1"},"south":{"uv":[3.5,4.75,3.75,5.625],"texture":"#1"},"west":{"uv":[3.75,4.75,3.5,5.625],"texture":"#1"},"up":{"uv":[6.875,1.875,7,2],"texture":"#1"},"down":{"uv":[6.875,1.875,7,2],"rotation":180,"texture":"#1"}}},{"from":[-2,7,-0.25],"to":[30,8,15.75],"rotation":{"angle":0,"axis":"y","origin":[14,10,8]},"faces":{"north":{"uv":[0,15.875,4,16],"texture":"#0"},"east":{"uv":[0,15.75,2,15.875],"texture":"#0"},"south":{"uv":[0,15.875,4,16],"texture":"#0"},"west":{"uv":[0,15.75,2,15.875],"texture":"#0"},"up":{"uv":[0,0,16,16],"rotation":90,"texture":"#missing"},"down":{"uv":[0,0,1.875,0.625],"texture":"#0"}}},{"from":[-2,8,-0.25],"to":[30,10,14.75],"rotation":{"angle":0,"axis":"y","origin":[14,10,8]},"faces":{"north":{"uv":[12,4,16,4.25],"texture":"#0","tintindex":0},"east":{"uv":[12.125,4.25,14,4.5],"texture":"#0","tintindex":0},"south":{"uv":[0,14.375,4,14.625],"texture":"#0"},"west":{"uv":[14,4.25,12.125,4.5],"texture":"#0","tintindex":0},"up":{"uv":[12,4.5,13.875,8.5],"rotation":90,"texture":"#0","tintindex":0},"down":{"uv":[12,4.5,14,8.5],"rotation":270,"texture":"#missing","tintindex":0}}},{"from":[-2,10,12.75],"to":[30,23,14.75],"rotation":{"angle":0,"axis":"y","origin":[14,10,8]},"faces":{"north":{"uv":[14,4.625,15.625,8.625],"rotation":90,"texture":"#0","tintindex":0},"east":{"uv":[14,4.25,15.625,4.5],"rotation":90,"texture":"#0","tintindex":0},"south":{"uv":[0,12.75,4,14.375],"texture":"#0"},"west":{"uv":[14,4.5,15.625,4.25],"rotation":90,"texture":"#0","tintindex":0},"up":{"uv":[15.625,4.25,15.875,8.25],"rotation":90,"texture":"#0","tintindex":0},"down":{"uv":[15.875,4.25,15.625,8.25],"rotation":90,"texture":"#0","tintindex":0}}},{"from":[-2,10,14.75],"to":[30,23,15.75],"rotation":{"angle":0,"axis":"y","origin":[14,10,8]},"faces":{"north":{"uv":[14,4.625,15.625,8.625],"rotation":90,"texture":"#0"},"east":{"uv":[14,4.625,15.625,4.5],"rotation":90,"texture":"#0"},"south":{"uv":[0,12.75,4,14.375],"texture":"#0"},"west":{"uv":[14,4.625,15.625,4.5],"rotation":90,"texture":"#0"},"up":{"uv":[15.875,4.25,16,8.25],"rotation":90,"texture":"#0"},"down":{"uv":[16,4.25,15.625,8.25],"rotation":90,"texture":"#0"}}},{"from":[-2,8,14.75],"to":[30,10,15.75],"rotation":{"angle":0,"axis":"y","origin":[14,10,8]},"faces":{"north":{"uv":[14,4.625,15.625,8.625],"rotation":90,"texture":"#0"},"east":{"uv":[14,4.625,15.625,4.5],"rotation":90,"texture":"#0"},"south":{"uv":[0,12.75,4,13],"texture":"#0"},"west":{"uv":[14,4.625,14.25,4.5],"rotation":90,"texture":"#0"},"up":{"uv":[15.625,4.25,16,8.25],"rotation":90,"texture":"#0"},"down":{"uv":[16,4.25,15.625,8.25],"rotation":90,"texture":"#0"}}},{"from":[29,8,0.75],"to":[31,14,2.75],"rotation":{"angle":0,"axis":"y","origin":[14,10,8]},"faces":{"north":{"uv":[3.5,4.875,3.75,5.625],"texture":"#1"},"east":{"uv":[3.75,4.875,3.5,5.625],"texture":"#1"},"south":{"uv":[3.5,4.875,3.75,5.625],"texture":"#1"},"west":{"uv":[3.75,4.875,3.5,5.625],"texture":"#1"},"up":{"uv":[3.625,6.25,3.75,6.375],"rotation":90,"texture":"#1"},"down":{"uv":[3.625,6.25,3.75,6.375],"rotation":270,"texture":"#1"}}},{"from":[29,8,10.75],"to":[31,14,12.75],"rotation":{"angle":0,"axis":"y","origin":[14,10,8]},"faces":{"north":{"uv":[3.5,4.875,3.75,5.625],"texture":"#1"},"east":{"uv":[3.75,4.875,3.5,5.625],"texture":"#1"},"south":{"uv":[3.5,4.875,3.75,5.625],"texture":"#1"},"west":{"uv":[3.75,4.875,3.5,5.625],"texture":"#1"},"up":{"uv":[3.625,6.25,3.75,6.375],"rotation":90,"texture":"#1"},"down":{"uv":[3.625,6.25,3.75,6.375],"rotation":270,"texture":"#1"}}},{"from":[-3.5,14,-0.25],"to":[-0.5,15,13.75],"rotation":{"angle":0,"axis":"y","origin":[14,10,8]},"faces":{"north":{"uv":[12.5,3.125,12.875,3.25],"texture":"#0","tintindex":0},"east":{"uv":[12.5,2.5,14.25,2.625],"texture":"#0","tintindex":0},"south":{"uv":[12.5,3.125,12.875,3.25],"texture":"#0","tintindex":0},"west":{"uv":[12.5,2.5,14.25,2.625],"texture":"#0","tintindex":0},"up":{"uv":[12.5,2.75,14.25,3.125],"rotation":270,"texture":"#0","tintindex":0},"down":{"uv":[12.5,2.75,14.25,3.125],"rotation":90,"texture":"#0","tintindex":0}}},{"from":[28.5,14,-0.25],"to":[31.5,15,13.75],"rotation":{"angle":0,"axis":"y","origin":[14,10,8]},"faces":{"north":{"uv":[12.5,3.125,12.875,3.25],"texture":"#0","tintindex":0},"east":{"uv":[12.5,2.5,14.25,2.625],"texture":"#0","tintindex":0},"south":{"uv":[12.5,3.125,12.875,3.25],"texture":"#0","tintindex":0},"west":{"uv":[12.5,2.5,14.25,2.625],"texture":"#0","tintindex":0},"up":{"uv":[12.5,2.75,14.25,3.125],"rotation":270,"texture":"#0","tintindex":0},"down":{"uv":[12.5,2.75,14.25,3.125],"rotation":90,"texture":"#0","tintindex":0}}},{"from":[-3.5,13,-0.25],"to":[-0.5,14,13.75],"rotation":{"angle":0,"axis":"y","origin":[14,10,8]},"faces":{"north":{"uv":[3.875,6.75,4.25,6.875],"texture":"#0"},"east":{"uv":[3.875,6.125,5.625,6.25],"texture":"#0"},"south":{"uv":[3.875,6.75,4.25,6.875],"texture":"#0"},"west":{"uv":[3.875,6.125,5.625,6.25],"texture":"#0"},"up":{"uv":[5.625,6,7.375,6.375],"rotation":270,"texture":"#0"},"down":{"uv":[5.625,6,7.375,6.375],"rotation":90,"texture":"#0"}}},{"from":[28.5,13,-0.25],"to":[31.5,14,13.75],"rotation":{"angle":0,"axis":"y","origin":[14,10,8]},"faces":{"north":{"uv":[3.875,6.75,4.25,6.875],"texture":"#0"},"east":{"uv":[3.875,6.125,5.625,6.25],"texture":"#0"},"south":{"uv":[3.875,6.75,4.25,6.875],"texture":"#0"},"west":{"uv":[3.875,6.125,5.625,6.25],"texture":"#0"},"up":{"uv":[5.625,6,7.375,6.375],"rotation":270,"texture":"#0"},"down":{"uv":[5.625,6,7.375,6.375],"rotation":90,"texture":"#0"}}},{"from":[-3,8,0.75],"to":[-1,14,2.75],"rotation":{"angle":0,"axis":"y","origin":[14,10,8]},"faces":{"north":{"uv":[3.5,4.875,3.75,5.625],"texture":"#1"},"east":{"uv":[3.75,4.875,3.5,5.625],"texture":"#1"},"south":{"uv":[3.5,4.875,3.75,5.625],"texture":"#1"},"west":{"uv":[3.75,4.875,3.5,5.625],"texture":"#1"},"up":{"uv":[3.625,6.25,3.75,6.375],"rotation":270,"texture":"#1"},"down":{"uv":[3.625,6.25,3.75,6.375],"rotation":90,"texture":"#1"}}},{"from":[-3,8,10.75],"to":[-1,14,12.75],"rotation":{"angle":0,"axis":"y","origin":[14,10,8]},"faces":{"north":{"uv":[3.5,4.875,3.75,5.625],"texture":"#1"},"east":{"uv":[3.75,4.875,3.5,5.625],"texture":"#1"},"south":{"uv":[3.5,4.875,3.75,5.625],"texture":"#1"},"west":{"uv":[3.75,4.875,3.5,5.625],"texture":"#1"},"up":{"uv":[3.625,6.25,3.75,6.375],"rotation":270,"texture":"#1"},"down":{"uv":[3.625,6.25,3.75,6.375],"rotation":90,"texture":"#1"}}},{"from":[27,0,12.75],"to":[29,7,14.75],"rotation":{"angle":0,"axis":"y","origin":[14,10,8]},"faces":{"north":{"uv":[3.5,4.75,3.75,5.625],"texture":"#1"},"east":{"uv":[3.75,4.75,3.5,5.625],"texture":"#1"},"south":{"uv":[3.5,4.75,3.75,5.625],"texture":"#1"},"west":{"uv":[3.75,4.75,3.5,5.625],"texture":"#1"},"up":{"uv":[6.875,1.875,7,2],"texture":"#1"},"down":{"uv":[6.875,1.875,7,2],"rotation":180,"texture":"#1"}}},{"from":[-1,0,0.75],"to":[1,7,2.75],"rotation":{"angle":0,"axis":"y","origin":[14,10,8]},"faces":{"north":{"uv":[3.75,4.75,3.5,5.625],"texture":"#1"},"east":{"uv":[3.5,4.75,3.75,5.625],"texture":"#1"},"south":{"uv":[3.75,4.75,3.5,5.625],"texture":"#1"},"west":{"uv":[3.5,4.75,3.75,5.625],"texture":"#1"},"up":{"uv":[6.875,2,7,1.875],"texture":"#1"},"down":{"uv":[6.875,2,7,1.875],"rotation":180,"texture":"#1"}}}],"display":{"thirdperson_righthand":{"rotation":[22.75,0,0],"translation":[-1.25,1.25,0],"scale":[0.3,0.3,0.3]},"thirdperson_lefthand":{"rotation":[22.75,0,0],"translation":[-1.25,1.25,0],"scale":[0.3,0.3,0.3]},"firstperson_righthand":{"rotation":[0,-38.5,0],"translation":[1.75,0,0.25],"scale":[0.4,0.4,0.4]},"firstperson_lefthand":{"rotation":[0,-38.5,0],"translation":[1.75,0,0.25],"scale":[0.4,0.4,0.4]},"ground":{"translation":[0,-1.5,0],"scale":[0.3,0.3,0.3]},"gui":{"rotation":[30,-145,0],"translation":[2,-1.25,0],"scale":[0.4,0.4,0.4]},"head":{"translation":[0,-30.5,0],"scale":[1.6,1.6,1.6]},"fixed":{"rotation":[-90,0,0],"translation":[0,0,-16],"scale":[2,2,2]}},"groups":[{"name":"group","origin":[8.25,10,12],"color":0,"boneType":"","children":[0,1,2,3,4,5,6,7,8,9,10,11,12,13,14,15,16]}]}