{"credit":"magic_store_official","texture_size":[64,64],"textures":{"0":"magic_store:furnitures/medieval_fullpack_2/medieval_sign_default","particle":"magic_store:furnitures/medieval_fullpack_2/medieval_sign_default"},"elements":[{"from":[-12,0,7],"to":[20,4,9],"faces":{"north":{"uv":[0,1,8,2],"texture":"#0"},"east":{"uv":[0,1,0.25,2],"texture":"#0"},"south":{"uv":[0,1,8,2],"texture":"#0"},"west":{"uv":[7.75,1,8,2],"texture":"#0"},"up":{"uv":[8,1.25,0,1],"texture":"#0"},"down":{"uv":[8,1.75,0,2],"texture":"#0"}}},{"from":[-11,-4,7],"to":[21,0,9],"faces":{"north":{"uv":[0,0,8,1],"texture":"#0"},"east":{"uv":[0,0,0.25,1],"texture":"#0"},"south":{"uv":[0,0,8,1],"texture":"#0"},"west":{"uv":[7.75,0,8,1],"texture":"#0"},"up":{"uv":[8,0.25,0,0],"texture":"#0"},"down":{"uv":[8,0.75,0,1],"texture":"#0"}}},{"from":[-10,4,7],"to":[22,8,9],"faces":{"north":{"uv":[0,2,8,3],"texture":"#0"},"east":{"uv":[0,2,0.25,3],"texture":"#0"},"south":{"uv":[0,2,8,3],"texture":"#0"},"west":{"uv":[7.75,2,8,3],"texture":"#0"},"up":{"uv":[8,2.25,0,2],"texture":"#0"},"down":{"uv":[8,2.75,0,3],"texture":"#0"}}},{"from":[-11,8,7],"to":[21,12,9],"faces":{"north":{"uv":[0,4,8,5],"texture":"#0"},"east":{"uv":[0,4,0.25,5],"texture":"#0"},"south":{"uv":[0,4,8,5],"texture":"#0"},"west":{"uv":[7.75,4,8,5],"texture":"#0"},"up":{"uv":[8,4.25,0,4],"texture":"#0"},"down":{"uv":[8,4.75,0,5],"texture":"#0"}}},{"from":[14,12,7],"to":[16,21,9],"faces":{"north":{"uv":[8,0.5,8.5,2.75],"texture":"#0"},"east":{"uv":[8.5,0.5,8,2.75],"texture":"#0"},"south":{"uv":[8,0.5,8.5,2.75],"texture":"#0"},"west":{"uv":[8.5,0.5,8,2.75],"texture":"#0"},"up":{"uv":[8,0.5,8.5,0.75],"texture":"#0"},"down":{"uv":[8,0.5,8.5,0.75],"texture":"#0"}}},{"from":[14,-7,7],"to":[16,-4,9],"faces":{"north":{"uv":[8,2,8.5,2.75],"texture":"#0"},"east":{"uv":[8.5,2,8,2.75],"texture":"#0"},"south":{"uv":[8,2,8.5,2.75],"texture":"#0"},"west":{"uv":[8.5,2,8,2.75],"texture":"#0"},"up":{"uv":[8,0.5,8.5,0.75],"texture":"#0"},"down":{"uv":[8,0.5,8.5,0.75],"texture":"#0"}}},{"from":[-5,-7,7],"to":[-3,-4,9],"rotation":{"angle":0,"axis":"y","origin":[-4,-5.5,8]},"faces":{"north":{"uv":[8.5,2,8,2.75],"texture":"#0"},"east":{"uv":[8,2,8.5,2.75],"texture":"#0"},"south":{"uv":[8.5,2,8,2.75],"texture":"#0"},"west":{"uv":[8,2,8.5,2.75],"texture":"#0"},"up":{"uv":[8,0.5,8.5,0.75],"rotation":90,"texture":"#0"},"down":{"uv":[8,0.5,8.5,0.75],"rotation":270,"texture":"#0"}}},{"from":[-5,12,7],"to":[-3,21,9],"rotation":{"angle":0,"axis":"y","origin":[-4,16.5,8]},"faces":{"north":{"uv":[8.5,0.5,8,2.75],"texture":"#0"},"east":{"uv":[8,0.5,8.5,2.75],"texture":"#0"},"south":{"uv":[8.5,0.5,8,2.75],"texture":"#0"},"west":{"uv":[8,0.5,8.5,2.75],"texture":"#0"},"up":{"uv":[8,0.5,8.5,0.75],"rotation":90,"texture":"#0"},"down":{"uv":[8,0.5,8.5,0.75],"rotation":270,"texture":"#0"}}},{"from":[-7,-2,6.9],"to":[12,5,6.9],"faces":{"north":{"uv":[11.25,8.75,16,10.5],"texture":"#0","tintindex":0},"south":{"uv":[16,8.75,11.25,10.5],"texture":"#0","tintindex":0}}},{"from":[9,1,6.9],"to":[21,15,6.9],"faces":{"north":{"uv":[8.5,0,11.5,3.5],"texture":"#0","tintindex":0},"south":{"uv":[11.5,0,8.5,3.5],"texture":"#0","tintindex":0}}}],"display":{"thirdperson_righthand":{"translation":[0,3.5,0],"scale":[0.3,0.3,0.3]},"thirdperson_lefthand":{"translation":[0,3.5,0],"scale":[0.3,0.3,0.3]},"firstperson_righthand":{"rotation":[0,-22,0],"translation":[4.75,2.75,-0.25],"scale":[0.4,0.4,0.4]},"firstperson_lefthand":{"rotation":[0,-22,0],"translation":[4.75,2.75,-0.25],"scale":[0.4,0.4,0.4]},"ground":{"scale":[0.3,0.3,0.3]},"gui":{"rotation":[25,-135,0],"translation":[-1,0.5,0],"scale":[0.45,0.45,0.45]},"head":{"translation":[3,-19.5,0],"scale":[1.6,1.6,1.6]},"fixed":{"rotation":[-90,0,180],"translation":[-5,0,-26],"scale":[2,2,2]}}}