{"credit":"Made with Blockbench","texture_size":[80,48],"textures":{"0":"playbox_custom_crops:cabbage/cabbage_block","particle":"playbox_custom_crops:cabbage/cabbage_block"},"elements":[{"from":[0,0,-2],"to":[16,0,8],"rotation":{"angle":22.5,"axis":"x","origin":[8,0,8]},"faces":{"north":{"uv":[0,0,16,0],"texture":"#0"},"east":{"uv":[0,0,7,0],"texture":"#0"},"south":{"uv":[0,0,16,0],"texture":"#0"},"west":{"uv":[0,0,7,0],"texture":"#0"},"up":{"uv":[3.2,12.66667,6.4,16],"texture":"#0"},"down":{"uv":[3.2,16,6.4,12.66667],"texture":"#0"}}},{"from":[0,0,8],"to":[16,0,18],"rotation":{"angle":-22.5,"axis":"x","origin":[8,0,8]},"faces":{"north":{"uv":[0,0,16,0],"texture":"#0"},"east":{"uv":[0,0,7,0],"texture":"#0"},"south":{"uv":[0,0,16,0],"texture":"#0"},"west":{"uv":[0,0,7,0],"texture":"#0"},"up":{"uv":[6.4,16,3.2,12.66667],"texture":"#0"},"down":{"uv":[6.4,12.66667,3.2,16],"texture":"#0"}}},{"from":[-2,0,0],"to":[8,0,16],"rotation":{"angle":-22.5,"axis":"z","origin":[8,0,8]},"faces":{"north":{"uv":[0,0,2,0],"texture":"#0"},"east":{"uv":[0,0,3.2,0],"texture":"#0"},"south":{"uv":[0,0,2,0],"texture":"#0"},"west":{"uv":[0,0,3.2,0],"texture":"#0"},"up":{"uv":[6.4,16,3.2,12.66667],"rotation":90,"texture":"#0"},"down":{"uv":[3.2,16,6.4,12.66667],"rotation":90,"texture":"#0"}}},{"from":[8,0,0],"to":[18,0,16],"rotation":{"angle":22.5,"axis":"z","origin":[8,0,8]},"faces":{"north":{"uv":[0,0,2,0],"texture":"#0"},"east":{"uv":[0,0,3.2,0],"texture":"#0"},"south":{"uv":[0,0,2,0],"texture":"#0"},"west":{"uv":[0,0,3.2,0],"texture":"#0"},"up":{"uv":[3.2,12.66667,6.4,16],"rotation":90,"texture":"#0"},"down":{"uv":[6.4,12.66667,3.2,16],"rotation":90,"texture":"#0"}}},{"from":[5,0,5],"to":[11,6,11],"rotation":{"angle":0,"axis":"y","origin":[7,0,8]},"faces":{"north":{"uv":[1.2,7.33334,2.4,9.33334],"texture":"#0"},"east":{"uv":[2.4,7.33334,3.6,9.33334],"texture":"#0"},"south":{"uv":[3.6,7.33334,4.8,9.33334],"texture":"#0"},"west":{"uv":[0,7.33334,1.2,9.33334],"texture":"#0"},"up":{"uv":[1.2,5.33333,2.4,7.33333],"rotation":180,"texture":"#0"},"down":{"uv":[2.4,5.33333,3.6,7.33333],"texture":"#0"}}},{"from":[4.75,-0.25,4.75],"to":[11.25,6.25,11.25],"rotation":{"angle":0,"axis":"y","origin":[7,0,8]},"faces":{"north":{"uv":[6,7.33333,7.2,9.33333],"texture":"#0"},"east":{"uv":[4.8,7.33333,6,9.33333],"texture":"#0"},"south":{"uv":[8.4,7.33333,9.6,9.33333],"texture":"#0"},"west":{"uv":[7.2,7.33333,8.4,9.33333],"texture":"#0"},"up":{"uv":[6,5.33333,7.2,7.33333],"rotation":180,"texture":"#0"},"down":{"uv":[7.2,5.33333,8.4,7.33333],"texture":"#0"}}}],"gui_light":"front","display":{"thirdperson_righthand":{"rotation":[60,0,0],"translation":[0,4,5.25]},"thirdperson_lefthand":{"rotation":[60,0,0],"translation":[0,4,5.25]},"firstperson_righthand":{"rotation":[0,-90,25],"translation":[1.13,3.2,1.13],"scale":[0.68,0.68,0.68]},"firstperson_lefthand":{"rotation":[0,-90,25],"translation":[1.13,3.2,1.13],"scale":[0.68,0.68,0.68]},"gui":{"rotation":[30,45,0],"translation":[0,-3,0],"scale":[0.5,0.5,0.5]},"fixed":{"rotation":[-90,0,0],"translation":[0,0,-16],"scale":[2,2,2]}}}