{"credit":"MadewithBlockbench","texture_size":[64,64],"textures":{"2":"elitecreatures:windows_decoration_v1/28_windows_texture"},"elements":[{"from":[0,2,7],"to":[2,30,9],"rotation":{"angle":0,"axis":"y","origin":[7.97707,16,8]},"faces":{"north":{"uv":[2,0,2.5,7],"texture":"#2"},"east":{"uv":[2.5,0,3,7],"texture":"#2"},"south":{"uv":[3,0,3.5,7],"texture":"#2"},"west":{"uv":[3.5,0,4,7],"texture":"#2"},"up":{"uv":[11.5,4,11,3.5],"texture":"#2"},"down":{"uv":[4.5,11,4,11.5],"texture":"#2"}}},{"from":[0,0,7],"to":[16,2,9],"rotation":{"angle":0,"axis":"y","origin":[7.97707,16,8]},"faces":{"north":{"uv":[4,0,8,0.5],"texture":"#2"},"east":{"uv":[2.5,11,3,11.5],"texture":"#2"},"south":{"uv":[4,0.5,8,1],"texture":"#2"},"west":{"uv":[3,11,3.5,11.5],"texture":"#2"},"up":{"uv":[8,1.5,4,1],"texture":"#2"},"down":{"uv":[8,1.5,4,2],"texture":"#2"}}},{"from":[14,2,7],"to":[16,30,9],"rotation":{"angle":0,"axis":"y","origin":[7.97707,16,8]},"faces":{"north":{"uv":[0,0,0.5,7],"texture":"#2"},"east":{"uv":[0.5,0,1,7],"texture":"#2"},"south":{"uv":[1,0,1.5,7],"texture":"#2"},"west":{"uv":[1.5,0,2,7],"texture":"#2"},"up":{"uv":[11.5,3.5,11,3],"texture":"#2"},"down":{"uv":[4,11,3.5,11.5],"texture":"#2"}}},{"from":[0,30,7],"to":[16,32,9],"rotation":{"angle":0,"axis":"y","origin":[7.97707,16,8]},"faces":{"north":{"uv":[4,2,8,2.5],"texture":"#2"},"east":{"uv":[11,4,11.5,4.5],"texture":"#2"},"south":{"uv":[4,2.5,8,3],"texture":"#2"},"west":{"uv":[4.5,11,5,11.5],"texture":"#2"},"up":{"uv":[8,3.5,4,3],"texture":"#2"},"down":{"uv":[8,3.5,4,4],"texture":"#2"}}},{"from":[-4.87638,18.79654,7.4],"to":[-4.37638,24.79654,8.6],"rotation":{"angle":-45,"axis":"z","origin":[7.97707,16,8]},"faces":{"north":{"uv":[5.25,11,5.375,12.5],"texture":"#2"},"east":{"uv":[3.5,7,3.75,8.5],"texture":"#2"},"south":{"uv":[5.25,11,5.375,12.5],"texture":"#2"},"west":{"uv":[3.75,7,4,8.5],"texture":"#2"},"up":{"uv":[13.125,13.25,13,13],"texture":"#2"},"down":{"uv":[0.125,13.25,0,13.5],"texture":"#2"}}},{"from":[-0.62638,14.79654,7.4],"to":[-0.12638,29.04654,8.6],"rotation":{"angle":-45,"axis":"z","origin":[7.97707,16,8]},"faces":{"north":{"uv":[10.5,8.75,10.625,12.375],"texture":"#2"},"east":{"uv":[0.5,7,0.75,10.625],"texture":"#2"},"south":{"uv":[10.5,8.75,10.625,12.375],"texture":"#2"},"west":{"uv":[0.75,7,1,10.625],"texture":"#2"},"up":{"uv":[12.875,13.25,12.75,13],"texture":"#2"},"down":{"uv":[13.125,12.75,13,13],"texture":"#2"}}},{"from":[3.62362,11.04654,7.4],"to":[4.12362,29.79654,8.6],"rotation":{"angle":-45,"axis":"z","origin":[7.97707,16,8]},"faces":{"north":{"uv":[1,10.5,1.125,15],"texture":"#2"},"east":{"uv":[6,4,6.25,8.5],"texture":"#2"},"south":{"uv":[1,10.5,1.125,15],"texture":"#2"},"west":{"uv":[6.25,4,6.5,8.5],"texture":"#2"},"up":{"uv":[12.625,13.25,12.5,13],"texture":"#2"},"down":{"uv":[13.125,12.5,13,12.75],"texture":"#2"}}},{"from":[7.82362,6.74654,7.4],"to":[8.32362,25.24654,8.6],"rotation":{"angle":-45,"axis":"z","origin":[7.97707,16,8]},"faces":{"north":{"uv":[9.75,10,9.875,14.625],"texture":"#2"},"east":{"uv":[5.5,4,5.75,8.625],"texture":"#2"},"south":{"uv":[9.75,10,9.875,14.625],"texture":"#2"},"west":{"uv":[5.75,4,6,8.625],"texture":"#2"},"up":{"uv":[12.125,13.25,12,13],"texture":"#2"},"down":{"uv":[12.375,13,12.25,13.25],"texture":"#2"}}},{"from":[11.87362,3.04654,7.4],"to":[12.37362,21.04654,8.6],"rotation":{"angle":-45,"axis":"z","origin":[7.97707,16,8]},"faces":{"north":{"uv":[6,10.5,6.125,14.875],"texture":"#2"},"east":{"uv":[6.5,4,6.75,8.375],"texture":"#2"},"south":{"uv":[6,10.5,6.125,14.875],"texture":"#2"},"west":{"uv":[6.75,4,7,8.375],"texture":"#2"},"up":{"uv":[11.875,13.25,11.75,13],"texture":"#2"},"down":{"uv":[13.125,11.75,13,12],"texture":"#2"}}},{"from":[16.02362,4.29654,7.4],"to":[16.52362,16.54654,8.6],"rotation":{"angle":-45,"axis":"z","origin":[7.97707,16,8]},"faces":{"north":{"uv":[10,10.75,10.125,13.75],"texture":"#2"},"east":{"uv":[5.5,10,5.75,13],"texture":"#2"},"south":{"uv":[10,10.75,10.125,13.75],"texture":"#2"},"west":{"uv":[5.75,10,6,13],"texture":"#2"},"up":{"uv":[11.625,13.25,11.5,13],"texture":"#2"},"down":{"uv":[13.125,11.5,13,11.75],"texture":"#2"}}},{"from":[20.27362,7.29654,7.4],"to":[20.77362,12.29654,8.6],"rotation":{"angle":-45,"axis":"z","origin":[7.97707,16,8]},"faces":{"north":{"uv":[11.25,5.5,11.375,6.75],"texture":"#2"},"east":{"uv":[2,11,2.25,12.25],"texture":"#2"},"south":{"uv":[11.25,5.5,11.375,6.75],"texture":"#2"},"west":{"uv":[2.25,11,2.5,12.25],"texture":"#2"},"up":{"uv":[11.375,13.25,11.25,13],"texture":"#2"},"down":{"uv":[13.125,11.25,13,11.5],"texture":"#2"}}},{"from":[-5.72638,9.45346,7.5],"to":[-5.22638,12.45346,8.5],"rotation":{"angle":45,"axis":"z","origin":[7.97707,16,8]},"faces":{"north":{"uv":[2,12.25,2.125,13],"texture":"#2"},"east":{"uv":[11,4.5,11.25,5.25],"texture":"#2"},"south":{"uv":[2,12.25,2.125,13],"texture":"#2"},"west":{"uv":[5,11,5.25,11.75],"texture":"#2"},"up":{"uv":[11.125,13.25,11,13],"texture":"#2"},"down":{"uv":[13.125,11,13,11.25],"texture":"#2"}}},{"from":[-1.72638,3.45346,7.5],"to":[-1.22638,17.45346,8.5],"rotation":{"angle":45,"axis":"z","origin":[7.97707,16,8]},"faces":{"north":{"uv":[0.75,10.75,0.875,14.25],"texture":"#2"},"east":{"uv":[1,7,1.25,10.5],"texture":"#2"},"south":{"uv":[0.75,10.75,0.875,14.25],"texture":"#2"},"west":{"uv":[1.25,7,1.5,10.5],"texture":"#2"},"up":{"uv":[10.875,13.25,10.75,13],"texture":"#2"},"down":{"uv":[13.125,10.75,13,11],"texture":"#2"}}},{"from":[2.27362,0.45346,7.5],"to":[2.77362,20.45346,8.5],"rotation":{"angle":45,"axis":"z","origin":[7.97707,16,8]},"faces":{"north":{"uv":[9.25,10,9.375,15],"texture":"#2"},"east":{"uv":[5,4,5.25,9],"texture":"#2"},"south":{"uv":[9.25,10,9.375,15],"texture":"#2"},"west":{"uv":[5.25,4,5.5,9],"texture":"#2"},"up":{"uv":[10.625,13.25,10.5,13],"texture":"#2"},"down":{"uv":[13.125,10.5,13,10.75],"texture":"#2"}}},{"from":[6.27362,4.45346,7.5],"to":[6.77362,25.45346,8.5],"rotation":{"angle":45,"axis":"z","origin":[7.97707,16,8]},"faces":{"north":{"uv":[8.75,10,8.875,15.25],"texture":"#2"},"east":{"uv":[4.5,4,4.75,9.25],"texture":"#2"},"south":{"uv":[8.75,10,8.875,15.25],"texture":"#2"},"west":{"uv":[4.75,4,5,9.25],"texture":"#2"},"up":{"uv":[13.125,10.25,13,10],"texture":"#2"},"down":{"uv":[13.125,10.25,13,10.5],"texture":"#2"}}},{"from":[10.27362,8.45346,7.5],"to":[10.77362,29.45346,8.5],"rotation":{"angle":45,"axis":"z","origin":[7.97707,16,8]},"faces":{"north":{"uv":[8.25,10,8.375,15.25],"texture":"#2"},"east":{"uv":[4,4,4.25,9.25],"texture":"#2"},"south":{"uv":[8.25,10,8.375,15.25],"texture":"#2"},"west":{"uv":[4.25,4,4.5,9.25],"texture":"#2"},"up":{"uv":[13.125,9.75,13,9.5],"texture":"#2"},"down":{"uv":[13.125,9.75,13,10],"texture":"#2"}}},{"from":[14.02362,12.45346,7.5],"to":[14.52362,29.45346,8.5],"rotation":{"angle":45,"axis":"z","origin":[7.97707,16,8]},"faces":{"north":{"uv":[6.5,10.5,6.625,14.75],"texture":"#2"},"east":{"uv":[0,7,0.25,11.25],"texture":"#2"},"south":{"uv":[6.5,10.5,6.625,14.75],"texture":"#2"},"west":{"uv":[0.25,7,0.5,11.25],"texture":"#2"},"up":{"uv":[8.125,13,8,12.75],"texture":"#2"},"down":{"uv":[8.125,13,8,13.25],"texture":"#2"}}},{"from":[18.02362,16.45346,7.5],"to":[18.52362,27.45346,8.5],"rotation":{"angle":45,"axis":"z","origin":[7.97707,16,8]},"faces":{"north":{"uv":[1.5,11,1.625,13.75],"texture":"#2"},"east":{"uv":[8,10,8.25,12.75],"texture":"#2"},"south":{"uv":[1.75,11,1.875,13.75],"texture":"#2"},"west":{"uv":[10,8,10.25,10.75],"texture":"#2"},"up":{"uv":[11.125,8,11,7.75],"texture":"#2"},"down":{"uv":[5.125,12.75,5,13],"texture":"#2"}}},{"from":[-1.22638,11.95346,7.75],"to":[2.27362,15.70346,8.25],"rotation":{"angle":45,"axis":"z","origin":[7.97707,16,8]},"faces":{"north":{"uv":[1.5,7,2.375,8],"texture":"#2"},"east":{"uv":[11.25,7.75,11.375,8.75],"texture":"#2"},"south":{"uv":[2.5,7,3.375,8],"texture":"#2"},"west":{"uv":[11.25,11.25,11.375,12.25],"texture":"#2"},"up":{"uv":[12.875,9.125,12,9],"texture":"#2"},"down":{"uv":[12.875,9.25,12,9.375],"texture":"#2"}}},{"from":[2.77362,11.95346,7.75],"to":[6.27362,15.70346,8.25],"rotation":{"angle":45,"axis":"z","origin":[7.97707,16,8]},"faces":{"north":{"uv":[7,4,7.875,5],"texture":"#2"},"east":{"uv":[2.5,11.5,2.625,12.5],"texture":"#2"},"south":{"uv":[7,5,7.875,6],"texture":"#2"},"west":{"uv":[2.75,11.5,2.875,12.5],"texture":"#2"},"up":{"uv":[12.875,9.625,12,9.5],"texture":"#2"},"down":{"uv":[12.875,9.75,12,9.875],"texture":"#2"}}},{"from":[6.77362,11.95346,7.75],"to":[10.27362,15.70346,8.25],"rotation":{"angle":45,"axis":"z","origin":[7.97707,16,8]},"faces":{"north":{"uv":[7,6,7.875,7],"texture":"#2"},"east":{"uv":[3,11.5,3.125,12.5],"texture":"#2"},"south":{"uv":[7,7,7.875,8],"texture":"#2"},"west":{"uv":[11.5,3,11.625,4],"texture":"#2"},"up":{"uv":[12.875,10.125,12,10],"texture":"#2"},"down":{"uv":[12.875,10.25,12,10.375],"texture":"#2"}}},{"from":[10.77362,11.95346,7.75],"to":[14.27362,15.70346,8.25],"rotation":{"angle":45,"axis":"z","origin":[7.97707,16,8]},"faces":{"north":{"uv":[8,0,8.875,1],"texture":"#2"},"east":{"uv":[3.25,11.5,3.375,12.5],"texture":"#2"},"south":{"uv":[8,1,8.875,2],"texture":"#2"},"west":{"uv":[3.5,11.5,3.625,12.5],"texture":"#2"},"up":{"uv":[12.875,10.625,12,10.5],"texture":"#2"},"down":{"uv":[12.875,10.75,12,10.875],"texture":"#2"}}},{"from":[14.52362,13.95346,7.75],"to":[16.27362,15.70346,8.25],"rotation":{"angle":45,"axis":"z","origin":[7.97707,16,8]},"faces":{"north":{"uv":[11,6.75,11.375,7.25],"texture":"#2"},"east":{"uv":[11.5,4,11.625,4.5],"texture":"#2"},"south":{"uv":[7,11,7.375,11.5],"texture":"#2"},"west":{"uv":[3,12.5,3.125,13],"texture":"#2"},"up":{"uv":[5.875,8.875,5.5,8.75],"texture":"#2"},"down":{"uv":[12.375,12.5,12,12.625],"texture":"#2"}}},{"from":[-5.22638,11.95346,7.75],"to":[-1.72638,15.70346,8.25],"rotation":{"angle":45,"axis":"z","origin":[7.97707,16,8]},"faces":{"north":{"uv":[1.5,8,2.375,9],"texture":"#2"},"east":{"uv":[3.75,11.5,3.875,12.5],"texture":"#2"},"south":{"uv":[8,2,8.875,3],"texture":"#2"},"west":{"uv":[4,11.5,4.125,12.5],"texture":"#2"},"up":{"uv":[12.875,11.125,12,11],"texture":"#2"},"down":{"uv":[12.875,11.25,12,11.375],"texture":"#2"}}},{"from":[14.52362,16.10346,7.75],"to":[18.02362,19.85346,8.25],"rotation":{"angle":45,"axis":"z","origin":[7.97707,16,8]},"faces":{"north":{"uv":[2.5,8,3.375,9],"texture":"#2"},"east":{"uv":[4.25,11.5,4.375,12.5],"texture":"#2"},"south":{"uv":[8,3,8.875,4],"texture":"#2"},"west":{"uv":[4.5,11.5,4.625,12.5],"texture":"#2"},"up":{"uv":[12.875,11.625,12,11.5],"texture":"#2"},"down":{"uv":[12.625,12,11.75,12.125],"texture":"#2"}}},{"from":[10.77362,16.10346,7.75],"to":[14.27362,19.85346,8.25],"rotation":{"angle":45,"axis":"z","origin":[7.97707,16,8]},"faces":{"north":{"uv":[8,4,8.875,5],"texture":"#2"},"east":{"uv":[4.75,11.5,4.875,12.5],"texture":"#2"},"south":{"uv":[8,5,8.875,6],"texture":"#2"},"west":{"uv":[11.5,5.5,11.625,6.5],"texture":"#2"},"up":{"uv":[12.875,11.875,12,11.75],"texture":"#2"},"down":{"uv":[13.125,0,12.25,0.125],"texture":"#2"}}},{"from":[6.77362,16.10346,7.75],"to":[10.27362,19.85346,8.25],"rotation":{"angle":45,"axis":"z","origin":[7.97707,16,8]},"faces":{"north":{"uv":[8,6,8.875,7],"texture":"#2"},"east":{"uv":[11.5,6.5,11.625,7.5],"texture":"#2"},"south":{"uv":[7,8,7.875,9],"texture":"#2"},"west":{"uv":[7,11.5,7.125,12.5],"texture":"#2"},"up":{"uv":[13.125,0.375,12.25,0.25],"texture":"#2"},"down":{"uv":[13.125,0.5,12.25,0.625],"texture":"#2"}}},{"from":[2.77362,16.10346,7.75],"to":[6.27362,19.85346,8.25],"rotation":{"angle":45,"axis":"z","origin":[7.97707,16,8]},"faces":{"north":{"uv":[8,7,8.875,8],"texture":"#2"},"east":{"uv":[7.25,11.5,7.375,12.5],"texture":"#2"},"south":{"uv":[8,8,8.875,9],"texture":"#2"},"west":{"uv":[7.5,11.5,7.625,12.5],"texture":"#2"},"up":{"uv":[13.125,0.875,12.25,0.75],"texture":"#2"},"down":{"uv":[13.125,1,12.25,1.125],"texture":"#2"}}},{"from":[-1.22638,16.10346,7.75],"to":[2.27362,19.85346,8.25],"rotation":{"angle":45,"axis":"z","origin":[7.97707,16,8]},"faces":{"north":{"uv":[6,8.5,6.875,9.5],"texture":"#2"},"east":{"uv":[11.5,7.5,11.625,8.5],"texture":"#2"},"south":{"uv":[9,0,9.875,1],"texture":"#2"},"west":{"uv":[7.75,11.5,7.875,12.5],"texture":"#2"},"up":{"uv":[13.125,1.375,12.25,1.25],"texture":"#2"},"down":{"uv":[13.125,1.5,12.25,1.625],"texture":"#2"}}},{"from":[18.52362,18.20346,7.75],"to":[20.52362,20.20346,8.25],"rotation":{"angle":45,"axis":"z","origin":[7.97707,16,8]},"faces":{"north":{"uv":[11,7.25,11.375,7.75],"texture":"#2"},"east":{"uv":[3.25,12.5,3.375,13],"texture":"#2"},"south":{"uv":[7.5,11,7.875,11.5],"texture":"#2"},"west":{"uv":[3.5,12.5,3.625,13],"texture":"#2"},"up":{"uv":[12.875,12.625,12.5,12.5],"texture":"#2"},"down":{"uv":[0.375,12.75,0,12.875],"texture":"#2"}}},{"from":[18.27362,24.45346,7.75],"to":[20.02362,26.45346,8.25],"rotation":{"angle":45,"axis":"z","origin":[7.97707,16,8]},"faces":{"north":{"uv":[11,7.25,11.4375,7.75],"texture":"#2"},"east":{"uv":[3.25,12.5,3.375,13],"texture":"#2"},"south":{"uv":[7.5,11,7.875,11.5],"texture":"#2"},"west":{"uv":[3.5,12.5,3.625,13],"texture":"#2"},"up":{"uv":[12.875,12.625,12.5,12.5],"texture":"#2"},"down":{"uv":[0.375,12.75,0,12.875],"texture":"#2"}}},{"from":[14.27362,28.70346,7.75],"to":[16.02362,30.20346,8.25],"rotation":{"angle":45,"axis":"z","origin":[7.97707,16,8]},"faces":{"north":{"uv":[11,7.25,11.4375,7.75],"texture":"#2"},"east":{"uv":[3.25,12.5,3.375,13],"texture":"#2"},"south":{"uv":[7.5,11,7.875,11.5],"texture":"#2"},"west":{"uv":[3.5,12.5,3.625,13],"texture":"#2"},"up":{"uv":[12.875,12.625,12.5,12.5],"texture":"#2"},"down":{"uv":[0.375,12.75,0,12.875],"texture":"#2"}}},{"from":[2.77362,20.35346,7.75],"to":[6.27362,24.10346,8.25],"rotation":{"angle":45,"axis":"z","origin":[7.97707,16,8]},"faces":{"north":{"uv":[9,1,9.875,2],"texture":"#2"},"east":{"uv":[11.5,8.5,11.625,9.5],"texture":"#2"},"south":{"uv":[1.5,9,2.375,10],"texture":"#2"},"west":{"uv":[11.5,9.5,11.625,10.5],"texture":"#2"},"up":{"uv":[13.125,1.875,12.25,1.75],"texture":"#2"},"down":{"uv":[13.125,2,12.25,2.125],"texture":"#2"}}},{"from":[6.77362,24.60346,7.75],"to":[10.27362,28.35346,8.25],"rotation":{"angle":45,"axis":"z","origin":[7.97707,16,8]},"faces":{"north":{"uv":[9,2,9.875,3],"texture":"#2"},"east":{"uv":[11.5,10.5,11.625,11.5],"texture":"#2"},"south":{"uv":[2.5,9,3.375,10],"texture":"#2"},"west":{"uv":[11.5,11.5,11.625,12.5],"texture":"#2"},"up":{"uv":[13.125,2.375,12.25,2.25],"texture":"#2"},"down":{"uv":[13.125,2.5,12.25,2.625],"texture":"#2"}}},{"from":[6.77362,20.35346,7.75],"to":[10.27362,24.10346,8.25],"rotation":{"angle":45,"axis":"z","origin":[7.97707,16,8]},"faces":{"north":{"uv":[9,3,9.875,4],"texture":"#2"},"east":{"uv":[0,11.75,0.125,12.75],"texture":"#2"},"south":{"uv":[9,4,9.875,5],"texture":"#2"},"west":{"uv":[11.75,0,11.875,1],"texture":"#2"},"up":{"uv":[13.125,2.875,12.25,2.75],"texture":"#2"},"down":{"uv":[13.125,3,12.25,3.125],"texture":"#2"}}},{"from":[10.77362,24.60346,7.75],"to":[14.27362,28.35346,8.25],"rotation":{"angle":45,"axis":"z","origin":[7.97707,16,8]},"faces":{"north":{"uv":[5,9,5.875,10],"texture":"#2"},"east":{"uv":[0.25,11.75,0.375,12.75],"texture":"#2"},"south":{"uv":[9,5,9.875,6],"texture":"#2"},"west":{"uv":[11.75,1,11.875,2],"texture":"#2"},"up":{"uv":[13.125,3.375,12.25,3.25],"texture":"#2"},"down":{"uv":[13.125,3.5,12.25,3.625],"texture":"#2"}}},{"from":[10.77362,20.35346,7.75],"to":[14.27362,24.10346,8.25],"rotation":{"angle":45,"axis":"z","origin":[7.97707,16,8]},"faces":{"north":{"uv":[9,6,9.875,7],"texture":"#2"},"east":{"uv":[11.75,2,11.875,3],"texture":"#2"},"south":{"uv":[7,9,7.875,10],"texture":"#2"},"west":{"uv":[11.75,3,11.875,4],"texture":"#2"},"up":{"uv":[13.125,3.875,12.25,3.75],"texture":"#2"},"down":{"uv":[13.125,4,12.25,4.125],"texture":"#2"}}},{"from":[14.52362,24.60346,7.75],"to":[18.02362,28.35346,8.25],"rotation":{"angle":45,"axis":"z","origin":[7.97707,16,8]},"faces":{"north":{"uv":[9,7,9.875,8],"texture":"#2"},"east":{"uv":[11.75,4,11.875,5],"texture":"#2"},"south":{"uv":[8,9,8.875,10],"texture":"#2"},"west":{"uv":[5,11.75,5.125,12.75],"texture":"#2"},"up":{"uv":[13.125,4.375,12.25,4.25],"texture":"#2"},"down":{"uv":[13.125,4.5,12.25,4.625],"texture":"#2"}}},{"from":[14.52362,20.35346,7.75],"to":[18.02362,24.10346,8.25],"rotation":{"angle":45,"axis":"z","origin":[7.97707,16,8]},"faces":{"north":{"uv":[9,8,9.875,9],"texture":"#2"},"east":{"uv":[11.75,5,11.875,6],"texture":"#2"},"south":{"uv":[9,9,9.875,10],"texture":"#2"},"west":{"uv":[11.75,6,11.875,7],"texture":"#2"},"up":{"uv":[13.125,4.875,12.25,4.75],"texture":"#2"},"down":{"uv":[13.125,5,12.25,5.125],"texture":"#2"}}},{"from":[10.77362,9.90346,7.75],"to":[12.27362,11.65346,8.25],"rotation":{"angle":45,"axis":"z","origin":[7.97707,16,8]},"faces":{"north":{"uv":[11,10.75,11.375,11.25],"texture":"#2"},"east":{"uv":[4.75,12.5,4.875,13],"texture":"#2"},"south":{"uv":[0,11.25,0.375,11.75],"texture":"#2"},"west":{"uv":[5.25,12.5,5.375,13],"texture":"#2"},"up":{"uv":[0.375,13.125,0,13],"texture":"#2"},"down":{"uv":[2.375,13,2,13.125],"texture":"#2"}}},{"from":[6.77362,7.90346,7.75],"to":[10.27362,11.65346,8.25],"rotation":{"angle":45,"axis":"z","origin":[7.97707,16,8]},"faces":{"north":{"uv":[10,0,10.875,1],"texture":"#2"},"east":{"uv":[11.75,9,11.875,10],"texture":"#2"},"south":{"uv":[10,1,10.875,2],"texture":"#2"},"west":{"uv":[11.75,10,11.875,11],"texture":"#2"},"up":{"uv":[13.125,6.375,12.25,6.25],"texture":"#2"},"down":{"uv":[13.125,6.5,12.25,6.625],"texture":"#2"}}},{"from":[2.77362,7.90346,7.75],"to":[6.27362,11.65346,8.25],"rotation":{"angle":45,"axis":"z","origin":[7.97707,16,8]},"faces":{"north":{"uv":[1.5,10,2.375,11],"texture":"#2"},"east":{"uv":[11.75,11,11.875,12],"texture":"#2"},"south":{"uv":[10,2,10.875,3],"texture":"#2"},"west":{"uv":[12,0,12.125,1],"texture":"#2"},"up":{"uv":[13.125,6.875,12.25,6.75],"texture":"#2"},"down":{"uv":[13.125,7,12.25,7.125],"texture":"#2"}}},{"from":[-1.22638,7.90346,7.75],"to":[2.27362,11.65346,8.25],"rotation":{"angle":45,"axis":"z","origin":[7.97707,16,8]},"faces":{"north":{"uv":[2.5,10,3.375,11],"texture":"#2"},"east":{"uv":[12,1,12.125,2],"texture":"#2"},"south":{"uv":[10,3,10.875,4],"texture":"#2"},"west":{"uv":[12,2,12.125,3],"texture":"#2"},"up":{"uv":[13.125,7.375,12.25,7.25],"texture":"#2"},"down":{"uv":[13.125,7.5,12.25,7.625],"texture":"#2"}}},{"from":[-5.22638,7.90346,7.75],"to":[-1.72638,11.65346,8.25],"rotation":{"angle":45,"axis":"z","origin":[7.97707,16,8]},"faces":{"north":{"uv":[10,4,10.875,5],"texture":"#2"},"east":{"uv":[12,3,12.125,4],"texture":"#2"},"south":{"uv":[4.5,10,5.375,11],"texture":"#2"},"west":{"uv":[12,4,12.125,5],"texture":"#2"},"up":{"uv":[13.125,7.875,12.25,7.75],"texture":"#2"},"down":{"uv":[13.125,8,12.25,8.125],"texture":"#2"}}},{"from":[-7.22638,10.00346,7.75],"to":[-5.72638,11.75346,8.25],"rotation":{"angle":45,"axis":"z","origin":[7.97707,16,8]},"faces":{"north":{"uv":[11.25,0,11.625,0.5],"texture":"#2"},"east":{"uv":[7,12.5,7.125,13],"texture":"#2"},"south":{"uv":[11.25,0.5,11.625,1],"texture":"#2"},"west":{"uv":[7.25,12.5,7.375,13],"texture":"#2"},"up":{"uv":[3.375,13.125,3,13],"texture":"#2"},"down":{"uv":[3.875,13,3.5,13.125],"texture":"#2"}}},{"from":[2.77362,3.70346,7.75],"to":[6.27362,7.45346,8.25],"rotation":{"angle":45,"axis":"z","origin":[7.97707,16,8]},"faces":{"north":{"uv":[10,5,10.875,6],"texture":"#2"},"east":{"uv":[12,5,12.125,6],"texture":"#2"},"south":{"uv":[10,6,10.875,7],"texture":"#2"},"west":{"uv":[12,6,12.125,7],"texture":"#2"},"up":{"uv":[13.125,8.375,12.25,8.25],"texture":"#2"},"down":{"uv":[13.125,8.5,12.25,8.625],"texture":"#2"}}},{"from":[-1.22638,3.70346,7.75],"to":[2.27362,7.45346,8.25],"rotation":{"angle":45,"axis":"z","origin":[7.97707,16,8]},"faces":{"north":{"uv":[7,10,7.875,11],"texture":"#2"},"east":{"uv":[12,7,12.125,8],"texture":"#2"},"south":{"uv":[10,7,10.875,8],"texture":"#2"},"west":{"uv":[12,8,12.125,9],"texture":"#2"},"up":{"uv":[13.125,8.875,12.25,8.75],"texture":"#2"},"down":{"uv":[12.625,12.25,11.75,12.375],"texture":"#2"}}},{"from":[-3.22638,4.70346,7.75],"to":[-1.72638,7.45346,8.25],"rotation":{"angle":45,"axis":"z","origin":[7.97707,16,8]},"faces":{"north":{"uv":[3.5,8.5,3.875,9.25],"texture":"#2"},"east":{"uv":[2.5,12.5,2.625,13.25],"texture":"#2"},"south":{"uv":[4.5,9.25,4.875,10],"texture":"#2"},"west":{"uv":[2.75,12.5,2.875,13.25],"texture":"#2"},"up":{"uv":[4.375,13.125,4,13],"texture":"#2"},"down":{"uv":[4.875,13,4.5,13.125],"texture":"#2"}}},{"from":[6.77362,5.70346,7.75],"to":[8.27362,7.45346,8.25],"rotation":{"angle":45,"axis":"z","origin":[7.97707,16,8]},"faces":{"north":{"uv":[11.25,1,11.625,1.5],"texture":"#2"},"east":{"uv":[7.5,12.5,7.625,13],"texture":"#2"},"south":{"uv":[11.25,1.5,11.625,2],"texture":"#2"},"west":{"uv":[7.75,12.5,7.875,13],"texture":"#2"},"up":{"uv":[5.375,13.125,5,13],"texture":"#2"},"down":{"uv":[5.875,13,5.5,13.125],"texture":"#2"}}},{"from":[2.77362,1.70346,7.75],"to":[4.27362,3.45346,8.25],"rotation":{"angle":45,"axis":"z","origin":[7.97707,16,8]},"faces":{"north":{"uv":[11.25,2,11.625,2.5],"texture":"#2"},"east":{"uv":[10.5,12.5,10.625,13],"texture":"#2"},"south":{"uv":[11.25,2.5,11.625,3],"texture":"#2"},"west":{"uv":[11,12.5,11.125,13],"texture":"#2"},"up":{"uv":[7.375,13.125,7,13],"texture":"#2"},"down":{"uv":[7.875,13,7.5,13.125],"texture":"#2"}}},{"from":[0.77362,1.70346,7.75],"to":[2.27362,3.45346,8.25],"rotation":{"angle":45,"axis":"z","origin":[7.97707,16,8]},"faces":{"north":{"uv":[11.25,4.5,11.625,5],"texture":"#2"},"east":{"uv":[11.5,12.5,11.625,13],"texture":"#2"},"south":{"uv":[11.25,5,11.625,5.5],"texture":"#2"},"west":{"uv":[11.75,12.5,11.875,13],"texture":"#2"},"up":{"uv":[13.375,9.125,13,9],"texture":"#2"},"down":{"uv":[13.375,9.25,13,9.375],"texture":"#2"}}},{"from":[18.52362,20.35346,7.75],"to":[22.02362,24.10346,8.25],"rotation":{"angle":45,"axis":"z","origin":[7.97707,16,8]},"faces":{"north":{"uv":[3.5,9.25,4.375,10.25],"texture":"#2"},"east":{"uv":[11.75,7,11.875,8],"texture":"#2"},"south":{"uv":[6,9.5,6.875,10.5],"texture":"#2"},"west":{"uv":[11.75,8,11.875,9],"texture":"#2"},"up":{"uv":[13.125,5.375,12.25,5.25],"texture":"#2"},"down":{"uv":[13.125,5.5,12.25,5.625],"texture":"#2"}}},{"from":[10.77362,28.85346,7.75],"to":[14.27362,31.60346,8.25],"rotation":{"angle":45,"axis":"z","origin":[7.97707,16,8]},"faces":{"north":{"uv":[3.5,10.25,4.375,11],"texture":"#2"},"east":{"uv":[10.75,12.25,10.875,13],"texture":"#2"},"south":{"uv":[10.25,8,11.125,8.75],"texture":"#2"},"west":{"uv":[11.25,12.25,11.375,13],"texture":"#2"},"up":{"uv":[13.125,5.875,12.25,5.75],"texture":"#2"},"down":{"uv":[13.125,6,12.25,6.125],"texture":"#2"}}}],"gui_light":"front","display":{"thirdperson_righthand":{"rotation":[67.5,0,0],"translation":[0,-0.5,-1],"scale":[0.25273,0.25273,0.25273]},"thirdperson_lefthand":{"rotation":[67.5,0,0],"translation":[0,-0.5,-1],"scale":[0.25273,0.25273,0.25273]},"firstperson_righthand":{"translation":[2,1.25,0],"scale":[0.39578,0.39578,0.39578]},"firstperson_lefthand":{"translation":[2,1.25,0],"scale":[0.39578,0.39578,0.39578]},"ground":{"translation":[0,4,0],"scale":[0.4,0.4,0.4]},"gui":{"rotation":[30,145,0],"translation":[0,-3.25,0],"scale":[0.46102,0.46102,0.46102]},"head":{"scale":[0,0,0]},"fixed":{"translation":[0,0,-2],"scale":[2,2,2]}},"groups":[{"name":"group","origin":[0,0,0],"color":0,"children":[]},{"name":"group","origin":[7.75,16,8],"color":0,"children":[0,1,2,3,4,5,6,7,8,9,10,11,12,13,14,15,16,17]},{"name":"group","origin":[7.97707,16,8],"color":0,"children":[18,19,20,21,22,23,24,25,26,27,28,29,30,31,32,33,34,35,36,37,38,39,40,41,42,43,44,45,46,47,48,49,50,51,52]}]}