{"credit":"MadewithBlockbench","texture_size":[64,64],"textures":{"1":"elitecreatures:windows_decoration_v1/35_windows_texture","particle":"elitecreatures:windows_decoration_v1/35_windows_texture"},"elements":[{"from":[1.69315,28.10685,7.51],"to":[2.94315,29.35685,8.49],"rotation":{"angle":-45,"axis":"z","origin":[8,16,8.05]},"faces":{"north":{"uv":[9.375,4.5,9,4.875],"texture":"#1"},"east":{"uv":[5.75,7,6,7.375],"texture":"#1"},"south":{"uv":[9,4.5,9.375,4.875],"texture":"#1"},"west":{"uv":[5.75,7.5,6,7.875],"texture":"#1"},"up":{"uv":[9.375,5.25,9,5],"texture":"#1"},"down":{"uv":[5.625,9,5.25,9.25],"texture":"#1"}}},{"from":[13.05685,28.10685,7.51],"to":[14.30685,29.35685,8.49],"rotation":{"angle":45,"axis":"z","origin":[8,16,8.05]},"faces":{"north":{"uv":[9,4.5,9.375,4.875],"texture":"#1"},"east":{"uv":[6,7.5,5.75,7.875],"texture":"#1"},"south":{"uv":[9.375,4.5,9,4.875],"texture":"#1"},"west":{"uv":[6,7,5.75,7.375],"texture":"#1"},"up":{"uv":[9,5.25,9.375,5],"texture":"#1"},"down":{"uv":[5.25,9,5.625,9.25],"texture":"#1"}}},{"from":[13.05685,2.10685,7.51],"to":[14.30685,3.35685,8.49],"rotation":{"angle":45,"axis":"z","origin":[8,-10,8.05]},"faces":{"north":{"uv":[9,4.5,9.375,4.875],"texture":"#1"},"east":{"uv":[6,7.5,5.75,7.875],"texture":"#1"},"south":{"uv":[9.375,4.5,9,4.875],"texture":"#1"},"west":{"uv":[6,7,5.75,7.375],"texture":"#1"},"up":{"uv":[9,5.25,9.375,5],"texture":"#1"},"down":{"uv":[5.25,9,5.625,9.25],"texture":"#1"}}},{"from":[1.69315,2.10685,7.51],"to":[2.94315,3.35685,8.49],"rotation":{"angle":-45,"axis":"z","origin":[8,-10,8.05]},"faces":{"north":{"uv":[9.375,4.5,9,4.875],"texture":"#1"},"east":{"uv":[5.75,7,6,7.375],"texture":"#1"},"south":{"uv":[9,4.5,9.375,4.875],"texture":"#1"},"west":{"uv":[5.75,7.5,6,7.875],"texture":"#1"},"up":{"uv":[9.375,5.25,9,5],"texture":"#1"},"down":{"uv":[5.625,9,5.25,9.25],"texture":"#1"}}},{"from":[0,2,7],"to":[2,30,9],"rotation":{"angle":0,"axis":"y","origin":[8,16,8.05]},"faces":{"north":{"uv":[5.5,0,6,7],"texture":"#1"},"east":{"uv":[0,5.75,0.5,12.75],"texture":"#1"},"south":{"uv":[0.5,5.75,1,12.75],"texture":"#1"},"west":{"uv":[1,5.75,1.5,12.75],"texture":"#1"},"up":{"uv":[8.25,8.5,7.75,8],"texture":"#1"},"down":{"uv":[8.75,8,8.25,8.5],"texture":"#1"}}},{"from":[0,0,7],"to":[16,2,9],"rotation":{"angle":0,"axis":"y","origin":[8,16,8.05]},"faces":{"north":{"uv":[6,0,10,0.5],"texture":"#1"},"east":{"uv":[5.25,7,5.75,7.5],"texture":"#1"},"south":{"uv":[6,0.5,10,1],"texture":"#1"},"west":{"uv":[5.25,7.5,5.75,8],"texture":"#1"},"up":{"uv":[10,1.5,6,1],"texture":"#1"},"down":{"uv":[10,1.5,6,2],"texture":"#1"}}},{"from":[14,2,7],"to":[16,30,9],"rotation":{"angle":0,"axis":"y","origin":[8,16,8.05]},"faces":{"north":{"uv":[3.5,0,4,7],"texture":"#1"},"east":{"uv":[4,0,4.5,7],"texture":"#1"},"south":{"uv":[4.5,0,5,7],"texture":"#1"},"west":{"uv":[5,0,5.5,7],"texture":"#1"},"up":{"uv":[5.75,8.5,5.25,8],"texture":"#1"},"down":{"uv":[7.75,8,7.25,8.5],"texture":"#1"}}},{"from":[0,30,7],"to":[16,32,9],"rotation":{"angle":0,"axis":"y","origin":[8,16,8.05]},"faces":{"north":{"uv":[6,2,10,2.5],"texture":"#1"},"east":{"uv":[5.25,8.5,5.75,9],"texture":"#1"},"south":{"uv":[6,2.5,10,3],"texture":"#1"},"west":{"uv":[7.25,8.5,7.75,9],"texture":"#1"},"up":{"uv":[10,3.5,6,3],"texture":"#1"},"down":{"uv":[10,3.5,6,4],"texture":"#1"}}},{"from":[2,4,7.51],"to":[14,4.5,8.49],"rotation":{"angle":0,"axis":"y","origin":[8,16,8.05]},"faces":{"north":{"uv":[7.25,7.75,10.25,7.875],"texture":"#1"},"east":{"uv":[8.5,9,8.75,9.125],"texture":"#1"},"south":{"uv":[7.25,7.75,10.25,7.875],"texture":"#1"},"west":{"uv":[8.75,9,9,9.125],"texture":"#1"},"up":{"uv":[10.25,6.75,7.25,6.5],"texture":"#1"},"down":{"uv":[10.25,6.75,7.25,7],"texture":"#1"}}},{"from":[2,27.5,7.51],"to":[14,28,8.49],"rotation":{"angle":0,"axis":"y","origin":[8,16,8.05]},"faces":{"north":{"uv":[7.25,7.75,10.25,7.875],"texture":"#1"},"east":{"uv":[8.5,9,8.75,9.125],"texture":"#1"},"south":{"uv":[7.25,7.75,10.25,7.875],"texture":"#1"},"west":{"uv":[8.75,9,9,9.125],"texture":"#1"},"up":{"uv":[10.25,6.75,7.25,6.5],"texture":"#1"},"down":{"uv":[10.25,6.75,7.25,7],"texture":"#1"}}},{"from":[11.5,2,7.61],"to":[12,30,8.59],"rotation":{"angle":0,"axis":"y","origin":[8,16,8.05]},"faces":{"north":{"uv":[3.5,7,3.625,14],"texture":"#1"},"east":{"uv":[6,4,6.25,11],"texture":"#1"},"south":{"uv":[3.5,7,3.625,14],"texture":"#1"},"west":{"uv":[6.25,4,6,11],"texture":"#1"},"up":{"uv":[9.125,9.25,9,9],"texture":"#1"},"down":{"uv":[5.375,9.25,5.25,9.5],"texture":"#1"}}},{"from":[4,2,7.61],"to":[4.5,30,8.59],"rotation":{"angle":0,"axis":"y","origin":[8,16,8.05]},"faces":{"north":{"uv":[3.625,7,3.5,14],"texture":"#1"},"east":{"uv":[6,4,6.25,11],"texture":"#1"},"south":{"uv":[3.625,7,3.5,14],"texture":"#1"},"west":{"uv":[6.25,4,6,11],"texture":"#1"},"up":{"uv":[9,9.25,9.125,9],"texture":"#1"},"down":{"uv":[5.25,9.25,5.375,9.5],"texture":"#1"}}},{"from":[4.5,4.5,8],"to":[11.5,27.5,8],"rotation":{"angle":0,"axis":"y","origin":[8,16,8]},"faces":{"north":{"uv":[1.75,0,3.5,5.75],"texture":"#1"},"east":{"uv":[0,0,0,5.75],"texture":"#1"},"south":{"uv":[1.75,0,3.5,5.75],"texture":"#1"},"west":{"uv":[0,0,0,5.75],"texture":"#1"},"up":{"uv":[1.75,0,0,0],"texture":"#1"},"down":{"uv":[1.75,0,0,0],"texture":"#1"}}},{"from":[12,2,7.75],"to":[14,30,8.25],"rotation":{"angle":0,"axis":"y","origin":[8,16,8]},"faces":{"north":{"uv":[2,5.75,2.5,12.75],"texture":"#1"},"east":{"uv":[4,7,4.125,14],"texture":"#1"},"south":{"uv":[2,5.75,2.5,12.75],"texture":"#1"},"west":{"uv":[7,4,7.125,11],"texture":"#1"},"up":{"uv":[9.5,5.375,9,5.25],"texture":"#1"},"down":{"uv":[9.5,5.5,9,5.625],"texture":"#1"}}},{"from":[4.5,2,7.75],"to":[11.5,4,8.25],"rotation":{"angle":0,"axis":"y","origin":[8,16,8]},"faces":{"north":{"uv":[7.25,5.5,9,6],"texture":"#1"},"east":{"uv":[5.75,9,5.875,9.5],"texture":"#1"},"south":{"uv":[7.25,5.5,9,6],"texture":"#1"},"west":{"uv":[7.75,9,7.875,9.5],"texture":"#1"},"up":{"uv":[10.5,8.125,8.75,8],"texture":"#1"},"down":{"uv":[10.5,8.25,8.75,8.375],"texture":"#1"}}},{"from":[2,2,7.75],"to":[4,30,8.25],"rotation":{"angle":0,"axis":"y","origin":[8,16,8]},"faces":{"north":{"uv":[3,5.75,3.5,12.75],"texture":"#1"},"east":{"uv":[4.75,7,4.875,14],"texture":"#1"},"south":{"uv":[3,5.75,3.5,12.75],"texture":"#1"},"west":{"uv":[5,7,5.125,14],"texture":"#1"},"up":{"uv":[9.5,5.875,9,5.75],"texture":"#1"},"down":{"uv":[7.75,9,7.25,9.125],"texture":"#1"}}},{"from":[4.5,28,7.75],"to":[11.5,30,8.25],"rotation":{"angle":0,"axis":"y","origin":[8,16,8]},"faces":{"north":{"uv":[7.25,4.5,9,5],"texture":"#1"},"east":{"uv":[5.75,8,5.875,8.5],"texture":"#1"},"south":{"uv":[7.25,4.5,9,5],"texture":"#1"},"west":{"uv":[5.75,8.5,5.875,9],"texture":"#1"},"up":{"uv":[9.5,8.625,7.75,8.5],"texture":"#1"},"down":{"uv":[9.5,8.75,7.75,8.875],"texture":"#1"}}}],"gui_light":"front","display":{"thirdperson_righthand":{"rotation":[67.5,0,0],"translation":[0,-0.5,-1],"scale":[0.25273,0.25273,0.25273]},"thirdperson_lefthand":{"rotation":[67.5,0,0],"translation":[0,-0.5,-1],"scale":[0.25273,0.25273,0.25273]},"firstperson_righthand":{"translation":[2,1.25,0],"scale":[0.39578,0.39578,0.39578]},"firstperson_lefthand":{"translation":[2,1.25,0],"scale":[0.39578,0.39578,0.39578]},"ground":{"translation":[0,4,0],"scale":[0.4,0.4,0.4]},"gui":{"rotation":[30,145,0],"translation":[0,-3.25,0],"scale":[0.46102,0.46102,0.46102]},"head":{"scale":[0,0,0]},"fixed":{"translation":[0,0,-2],"scale":[2,2,2]}},"groups":[{"name":"group","origin":[8,9.875,8.05],"color":0,"children":[0,1,2,3]},{"name":"group","origin":[7.75,16,8],"color":0,"children":[4,5,6,7]},{"name":"group","origin":[8,23.5,8],"color":0,"children":[8,9,10,11,12]},{"name":"group","origin":[8,16,8],"color":0,"children":[13,14,15,16]}]}