{"credit":"MadewithBlockbench","texture_size":[64,64],"textures":{"1":"elitecreatures:windows_decoration_v1/10_windows_texture","particle":"elitecreatures:windows_decoration_v1/10_windows_texture"},"elements":[{"from":[0,0,7],"to":[16,2,9],"rotation":{"angle":0,"axis":"y","origin":[8,16,8.1875]},"faces":{"north":{"uv":[6,2.5,10,3],"texture":"#1"},"east":{"uv":[1.5,5.75,2,6.25],"texture":"#1"},"south":{"uv":[6,3,10,3.5],"texture":"#1"},"west":{"uv":[2,5.75,2.5,6.25],"texture":"#1"},"up":{"uv":[10,4,6,3.5],"texture":"#1"},"down":{"uv":[10,4,6,4.5],"texture":"#1"}}},{"from":[14,2,7],"to":[16,30,9],"rotation":{"angle":0,"axis":"y","origin":[8,16,8.1875]},"faces":{"north":{"uv":[2.5,0,3,7],"texture":"#1"},"east":{"uv":[3,0,3.5,7],"texture":"#1"},"south":{"uv":[3.5,0,4,7],"texture":"#1"},"west":{"uv":[4,0,4.5,7],"texture":"#1"},"up":{"uv":[2,6.75,1.5,6.25],"texture":"#1"},"down":{"uv":[2.5,6.25,2,6.75],"texture":"#1"}}},{"from":[0,2,7],"to":[2,30,9],"rotation":{"angle":0,"axis":"y","origin":[8,16,8.1875]},"faces":{"north":{"uv":[4.5,0,5,7],"texture":"#1"},"east":{"uv":[5,0,5.5,7],"texture":"#1"},"south":{"uv":[5.5,0,6,7],"texture":"#1"},"west":{"uv":[0,5.75,0.5,12.75],"texture":"#1"},"up":{"uv":[4.5,8,4,7.5],"texture":"#1"},"down":{"uv":[5,7.5,4.5,8],"texture":"#1"}}},{"from":[0,30,7],"to":[16,32,9],"rotation":{"angle":0,"axis":"y","origin":[8,16,8.1875]},"faces":{"north":{"uv":[6,4.5,10,5],"texture":"#1"},"east":{"uv":[5,7.5,5.5,8],"texture":"#1"},"south":{"uv":[6,5,10,5.5],"texture":"#1"},"west":{"uv":[5.5,7.5,6,8],"texture":"#1"},"up":{"uv":[10,6,6,5.5],"texture":"#1"},"down":{"uv":[10,6,6,6.5],"texture":"#1"}}},{"from":[1.81206,24.5,7.4],"to":[14.06206,25.5,8.6],"rotation":{"angle":0,"axis":"y","origin":[8,16.25,7.6875]},"faces":{"north":{"uv":[6,6.5,9.0625,6.75],"texture":"#1"},"east":{"uv":[6.5,7.75,6.75,8],"texture":"#1"},"south":{"uv":[6,6.5,9.0625,6.75],"texture":"#1"},"west":{"uv":[6.75,7.75,7,8],"texture":"#1"},"up":{"uv":[9.0625,6.5,6,6.75],"texture":"#1"},"down":{"uv":[6,6.5,9.0625,6.75],"texture":"#1"}}},{"from":[7,2,7.5],"to":[8,24.5,8.5],"rotation":{"angle":0,"axis":"y","origin":[7.93706,25,8.5]},"faces":{"north":{"uv":[0.75,5.75,0.5,11.375],"texture":"#1"},"east":{"uv":[0.75,5.75,1,11.375],"texture":"#1"},"south":{"uv":[0.5,5.75,0.75,11.375],"texture":"#1"},"west":{"uv":[1.25,5.75,1.5,11.375],"texture":"#1"},"up":{"uv":[7.25,8,7,7.75],"texture":"#1"},"down":{"uv":[7.5,7.75,7.25,8],"texture":"#1"}}},{"from":[8,2,7.5],"to":[9,24.5,8.5],"rotation":{"angle":0,"axis":"y","origin":[8.06294,25,8.5]},"faces":{"north":{"uv":[0.5,5.75,0.75,11.375],"texture":"#1"},"east":{"uv":[1.5,5.75,1.25,11.375],"texture":"#1"},"south":{"uv":[0.75,5.75,0.5,11.375],"texture":"#1"},"west":{"uv":[1,5.75,0.75,11.375],"texture":"#1"},"up":{"uv":[7,8,7.25,7.75],"texture":"#1"},"down":{"uv":[7.25,7.75,7.5,8],"texture":"#1"}}},{"from":[1.89949,22.31206,7.5],"to":[2.89949,30.31206,8.5],"rotation":{"angle":45,"axis":"z","origin":[1.89949,30.31206,8]},"faces":{"north":{"uv":[2,7.25,2.25,9.25],"texture":"#1"},"east":{"uv":[2.25,7.25,2.5,9.25],"texture":"#1"},"south":{"uv":[2.5,7.25,2.75,9.25],"texture":"#1"},"west":{"uv":[2.75,7.25,3,9.25],"texture":"#1"},"up":{"uv":[1.75,7,1.5,6.75],"texture":"#1"},"down":{"uv":[2,6.75,1.75,7],"texture":"#1"}}},{"from":[13.10051,22.31206,7.5],"to":[14.10051,30.31206,8.5],"rotation":{"angle":-45,"axis":"z","origin":[14.10051,30.31206,8]},"faces":{"north":{"uv":[3,7.25,3.25,9.25],"texture":"#1"},"east":{"uv":[3.25,7.25,3.5,9.25],"texture":"#1"},"south":{"uv":[3.5,7.25,3.75,9.25],"texture":"#1"},"west":{"uv":[3.75,7.25,4,9.25],"texture":"#1"},"up":{"uv":[2.25,7,2,6.75],"texture":"#1"},"down":{"uv":[2.5,6.75,2.25,7],"texture":"#1"}}},{"from":[2,2,7.75],"to":[7,24.5,8.25],"faces":{"north":{"uv":[0,0,1.25,5.625],"texture":"#1"},"east":{"uv":[1.5,7.25,1.625,12.875],"texture":"#1"},"south":{"uv":[1.25,0,2.5,5.625],"texture":"#1"},"west":{"uv":[1.75,7.25,1.875,12.875],"texture":"#1"},"up":{"uv":[7.25,7.625,6,7.5],"texture":"#1"},"down":{"uv":[8.5,7.5,7.25,7.625],"texture":"#1"}}},{"from":[9,2,7.75],"to":[14,24.5,8.25],"rotation":{"angle":0,"axis":"y","origin":[16,0,0]},"faces":{"north":{"uv":[1.25,0,0,5.625],"texture":"#1"},"east":{"uv":[1.875,7.25,1.75,12.875],"texture":"#1"},"south":{"uv":[2.5,0,1.25,5.625],"texture":"#1"},"west":{"uv":[1.625,7.25,1.5,12.875],"texture":"#1"},"up":{"uv":[6,7.625,7.25,7.5],"texture":"#1"},"down":{"uv":[7.25,7.5,8.5,7.625],"texture":"#1"}}},{"from":[2,25.5,7.75],"to":[14,30,8.25],"faces":{"north":{"uv":[6,0,9,1.125],"texture":"#1"},"east":{"uv":[6,7.75,6.125,8.875],"texture":"#1"},"south":{"uv":[6,1.25,9,2.375],"texture":"#1"},"west":{"uv":[6.25,7.75,6.375,8.875],"texture":"#1"},"up":{"uv":[7,7.375,4,7.25],"texture":"#1"},"down":{"uv":[10,7.25,7,7.375],"texture":"#1"}}}],"gui_light":"front","display":{"thirdperson_righthand":{"rotation":[67.5,0,0],"translation":[0,-0.5,-1],"scale":[0.25273,0.25273,0.25273]},"thirdperson_lefthand":{"rotation":[67.5,0,0],"translation":[0,-0.5,-1],"scale":[0.25273,0.25273,0.25273]},"firstperson_righthand":{"translation":[2,1.25,0],"scale":[0.39578,0.39578,0.39578]},"firstperson_lefthand":{"translation":[2,1.25,0],"scale":[0.39578,0.39578,0.39578]},"ground":{"translation":[0,4,0],"scale":[0.4,0.4,0.4]},"gui":{"rotation":[30,145,0],"translation":[0,-3.25,0],"scale":[0.46102,0.46102,0.46102]},"head":{"scale":[0,0,0]},"fixed":{"translation":[0,0,-2],"scale":[2,2,2]}},"groups":[{"name":"group","origin":[6.39949,25.56206,8],"color":0,"children":[0,1,2,3,4,5,6,7,8]},{"name":"group","origin":[0,0,0],"color":0,"children":[9,10,11]}]}