{"credit":"MadewithBlockbench","texture_size":[64,64],"textures":{"0":"fashion_store_furniture_v1:hanging_rail_s_3","1":"fashion_store_furniture_v1:fashion_store_color","particle":"fashion_store_furniture_v1:hanging_rail_s_3"},"elements":[{"from":[7,0,1],"to":[9,1,15],"rotation":{"angle":0,"axis":"y","origin":[7,0,7]},"faces":{"north":{"uv":[0.5,4.25,1,4.5],"texture":"#0"},"east":{"uv":[0,0,3.5,0.25],"texture":"#0"},"south":{"uv":[0.5,4.25,1,4.5],"texture":"#0"},"west":{"uv":[0,0,3.5,0.25],"texture":"#0"},"up":{"uv":[1,4.25,0.5,0.75],"texture":"#0"},"down":{"uv":[1,0.75,0.5,4.25],"texture":"#0"}}},{"from":[1,0,7],"to":[15,1,9],"rotation":{"angle":0,"axis":"y","origin":[8,0.5,8]},"faces":{"north":{"uv":[0,0,3.5,0.25],"texture":"#0"},"east":{"uv":[0.5,4.25,1,4.5],"texture":"#0"},"south":{"uv":[0,0,3.5,0.25],"texture":"#0"},"west":{"uv":[0.5,4.25,1,4.5],"texture":"#0"},"up":{"uv":[1,4.25,0.5,0.75],"rotation":90,"texture":"#0"},"down":{"uv":[1,0.75,0.5,4.25],"rotation":270,"texture":"#0"}}},{"from":[7,29,1],"to":[9,29,15],"rotation":{"angle":0,"axis":"y","origin":[7,0,7]},"faces":{"up":{"uv":[1.5,3.75,1,0.25],"texture":"#0"},"down":{"uv":[1.5,0.25,1,3.75],"texture":"#0"}}},{"from":[7,1,7],"to":[9,32,9],"rotation":{"angle":0,"axis":"y","origin":[7,0,7]},"faces":{"north":{"uv":[0,0.25,0.5,8],"texture":"#0"},"east":{"uv":[0,0.25,0.5,8],"texture":"#0"},"south":{"uv":[0,0.25,0.5,8],"texture":"#0"},"west":{"uv":[0,0.25,0.5,8],"texture":"#0"},"up":{"uv":[1,0.75,0.5,0.25],"texture":"#0"},"down":{"uv":[1,0.25,0.5,0.75],"texture":"#0"}}},{"from":[1,8.1,2],"to":[15,30.1,2],"rotation":{"angle":0,"axis":"y","origin":[25,19,3]},"faces":{"north":{"uv":[6.5,0,8,2.5],"texture":"#1"},"south":{"uv":[8,0,6.5,2.5],"texture":"#1"}}},{"from":[1,8.1,3],"to":[15,30.1,3],"rotation":{"angle":0,"axis":"y","origin":[25,19,3]},"faces":{"north":{"uv":[6.5,0,8,2.5],"texture":"#1"},"south":{"uv":[8,0,6.5,2.5],"texture":"#1"}}},{"from":[1,8.1,4],"to":[15,30.1,4],"rotation":{"angle":0,"axis":"y","origin":[25,19,3]},"faces":{"north":{"uv":[6.5,0,8,2.5],"texture":"#1"},"south":{"uv":[8,0,6.5,2.5],"texture":"#1"}}},{"from":[1,8.1,5],"to":[15,30.1,5],"rotation":{"angle":0,"axis":"y","origin":[25,19,3]},"faces":{"north":{"uv":[6.5,0,8,2.5],"texture":"#1"},"south":{"uv":[8,0,6.5,2.5],"texture":"#1"}}},{"from":[1,8.1,14],"to":[15,30.1,14],"rotation":{"angle":0,"axis":"y","origin":[25,19,3]},"faces":{"north":{"uv":[9.625,0,8.125,2.5],"texture":"#1"},"south":{"uv":[8.125,0,9.625,2.5],"texture":"#1"}}},{"from":[1,8.1,13],"to":[15,30.1,13],"rotation":{"angle":0,"axis":"y","origin":[25,19,3]},"faces":{"north":{"uv":[9.625,0,8.125,2.5],"texture":"#1"},"south":{"uv":[8.125,0,9.625,2.5],"texture":"#1"}}},{"from":[1,8.1,12],"to":[15,30.1,12],"rotation":{"angle":0,"axis":"y","origin":[25,19,3]},"faces":{"north":{"uv":[9.625,0,8.125,2.5],"texture":"#1"},"south":{"uv":[8.125,0,9.625,2.5],"texture":"#1"}}},{"from":[1,8.1,11],"to":[15,30.1,11],"rotation":{"angle":0,"axis":"y","origin":[25,19,3]},"faces":{"north":{"uv":[9.625,0,8.125,2.5],"texture":"#1"},"south":{"uv":[8.125,0,9.625,2.5],"texture":"#1"}}}],"gui_light":"front","display":{"thirdperson_righthand":{"rotation":[67.5,0,0],"translation":[0,0,-0.25],"scale":[0.28906,0.28906,0.28906]},"thirdperson_lefthand":{"rotation":[67.5,0,0],"translation":[0,0,-0.25],"scale":[0.28906,0.28906,0.28906]},"firstperson_righthand":{"translation":[1,3.25,1],"scale":[0.37656,0.37656,0.37656]},"firstperson_lefthand":{"translation":[1,3.25,1],"scale":[0.37656,0.37656,0.37656]},"ground":{"translation":[0,6,0],"scale":[0.50977,0.50977,0.50977]},"gui":{"rotation":[30,225,0],"translation":[0,-3,0],"scale":[0.48828,0.48828,0.48828]},"head":{"translation":[0,-30.4,0],"scale":[1.6,1.6,1.6]},"fixed":{"rotation":[-90,0,0],"translation":[0,0,-16],"scale":[2,2,2]}}}