{"credit":"MadewithBlockbench","texture_size":[128,128],"textures":{"0":"fashion_store_furniture_v1:hanging_rail_p_1","1":"fashion_store_furniture_v1:fashion_store_color","particle":"fashion_store_furniture_v1:hanging_rail_p_1"},"elements":[{"from":[-16,31,4],"to":[16,32,15],"rotation":{"angle":0,"axis":"y","origin":[7,0,7]},"faces":{"north":{"uv":[4.125,1.375,8.125,1.5],"texture":"#0"},"east":{"uv":[4.125,1.5,5.5,1.625],"texture":"#0"},"west":{"uv":[4.125,1.5,5.5,1.625],"texture":"#0"},"up":{"uv":[8.125,1.375,4.125,0],"texture":"#0"},"down":{"uv":[8.125,0,4.125,1.375],"texture":"#0"}}},{"from":[-16,3,4],"to":[16,4,15],"rotation":{"angle":0,"axis":"y","origin":[7,0,7]},"faces":{"north":{"uv":[4.125,1.375,8.125,1.5],"texture":"#0"},"east":{"uv":[4.125,1.5,5.5,1.625],"texture":"#0"},"west":{"uv":[5.5,1.5,4.125,1.625],"texture":"#0"},"up":{"uv":[8.125,1.375,4.125,0],"texture":"#0"},"down":{"uv":[8.125,0,4.125,1.375],"texture":"#0"}}},{"from":[-16,0,5],"to":[16,3,15],"rotation":{"angle":0,"axis":"y","origin":[7,0,7]},"faces":{"north":{"uv":[0,5.375,4,5.75],"texture":"#0"},"east":{"uv":[0,5.75,1.25,6.125],"texture":"#0"},"west":{"uv":[1.25,5.75,0,6.125],"texture":"#0"},"down":{"uv":[4,4.125,0,5.375],"texture":"#0"}}},{"from":[-16,0,15],"to":[16,32,16],"rotation":{"angle":0,"axis":"y","origin":[7,0,7]},"faces":{"north":{"uv":[0,0,4,4],"texture":"#0"},"east":{"uv":[4,0,4.125,4],"texture":"#0"},"south":{"uv":[0,0,4,4],"texture":"#0"},"west":{"uv":[4.125,0,4,4],"texture":"#0"},"up":{"uv":[4,4.125,0,4],"texture":"#0"},"down":{"uv":[4,4,0,4.125],"texture":"#0"}}},{"from":[9,26,7],"to":[10,26,15],"rotation":{"angle":0,"axis":"y","origin":[7,0,7]},"faces":{"up":{"uv":[4.125,5,4,4],"texture":"#0"},"down":{"uv":[4.125,4,4,5],"texture":"#0"}}},{"from":[-10,26,7],"to":[-9,26,15],"rotation":{"angle":0,"axis":"y","origin":[9,0,7]},"faces":{"up":{"uv":[4.125,5,4,4],"texture":"#0"},"down":{"uv":[4.125,4,4,5],"texture":"#0"}}},{"from":[-0.5,26,7],"to":[0.5,26,15],"rotation":{"angle":0,"axis":"y","origin":[7,0,7]},"faces":{"up":{"uv":[4.125,5,4,4],"texture":"#0"},"down":{"uv":[4.125,4,4,5],"texture":"#0"}}},{"from":[-4.5,5,8],"to":[4.5,27,8],"rotation":{"angle":0,"axis":"y","origin":[25,19,3]},"faces":{"north":{"uv":[6.5,4.8125,7.625,7.5625],"texture":"#1"},"south":{"uv":[7.625,4.8125,6.5,7.5625],"texture":"#1"}}},{"from":[-14,5,8],"to":[-5,27,8],"rotation":{"angle":0,"axis":"y","origin":[25,19,3]},"faces":{"north":{"uv":[8.125,4.8125,9.25,7.5625],"texture":"#1"},"south":{"uv":[9.25,4.8125,8.125,7.5625],"texture":"#1"}}},{"from":[5,5,8],"to":[14,27,8],"rotation":{"angle":0,"axis":"y","origin":[25,19,3]},"faces":{"north":{"uv":[4.875,4.8125,6,7.5625],"texture":"#1"},"south":{"uv":[6,4.8125,4.875,7.5625],"texture":"#1"}}},{"from":[5,5,9],"to":[14,27,9],"rotation":{"angle":0,"axis":"y","origin":[25,19,3]},"faces":{"north":{"uv":[4.875,4.8125,6,7.5625],"texture":"#1"},"south":{"uv":[6,4.8125,4.875,7.5625],"texture":"#1"}}},{"from":[-4.5,5,9],"to":[4.5,27,9],"rotation":{"angle":0,"axis":"y","origin":[25,19,3]},"faces":{"north":{"uv":[6.5,4.8125,7.625,7.5625],"texture":"#1"},"south":{"uv":[7.625,4.8125,6.5,7.5625],"texture":"#1"}}},{"from":[-14,5,9],"to":[-5,27,9],"rotation":{"angle":0,"axis":"y","origin":[25,19,3]},"faces":{"north":{"uv":[8.125,4.8125,9.25,7.5625],"texture":"#1"},"south":{"uv":[9.25,4.8125,8.125,7.5625],"texture":"#1"}}},{"from":[5,5,10],"to":[14,27,10],"rotation":{"angle":0,"axis":"y","origin":[25,19,3]},"faces":{"north":{"uv":[4.875,4.8125,6,7.5625],"texture":"#1"},"south":{"uv":[6,4.8125,4.875,7.5625],"texture":"#1"}}},{"from":[-4.5,5,10],"to":[4.5,27,10],"rotation":{"angle":0,"axis":"y","origin":[25,19,3]},"faces":{"north":{"uv":[6.5,4.8125,7.625,7.5625],"texture":"#1"},"south":{"uv":[7.625,4.8125,6.5,7.5625],"texture":"#1"}}},{"from":[-14,5,10],"to":[-5,27,10],"rotation":{"angle":0,"axis":"y","origin":[25,19,3]},"faces":{"north":{"uv":[8.125,4.8125,9.25,7.5625],"texture":"#1"},"south":{"uv":[9.25,4.8125,8.125,7.5625],"texture":"#1"}}},{"from":[5,5,14],"to":[14,27,14],"rotation":{"angle":0,"axis":"y","origin":[25,19,3]},"faces":{"north":{"uv":[4.875,4.8125,6,7.5625],"texture":"#1"},"south":{"uv":[6,4.8125,4.875,7.5625],"texture":"#1"}}},{"from":[-4.5,5,14],"to":[4.5,27,14],"rotation":{"angle":0,"axis":"y","origin":[25,19,3]},"faces":{"north":{"uv":[6.5,4.8125,7.625,7.5625],"texture":"#1"},"south":{"uv":[7.625,4.8125,6.5,7.5625],"texture":"#1"}}},{"from":[-14,5,14],"to":[-5,27,14],"rotation":{"angle":0,"axis":"y","origin":[25,19,3]},"faces":{"north":{"uv":[8.125,4.8125,9.25,7.5625],"texture":"#1"},"south":{"uv":[9.25,4.8125,8.125,7.5625],"texture":"#1"}}},{"from":[5,5,12],"to":[14,27,12],"rotation":{"angle":0,"axis":"y","origin":[25,19,3]},"faces":{"north":{"uv":[4.875,4.8125,6,7.5625],"texture":"#1"},"south":{"uv":[6,4.8125,4.875,7.5625],"texture":"#1"}}},{"from":[-4.5,5,12],"to":[4.5,27,12],"rotation":{"angle":0,"axis":"y","origin":[25,19,3]},"faces":{"north":{"uv":[6.5,4.8125,7.625,7.5625],"texture":"#1"},"south":{"uv":[7.625,4.8125,6.5,7.5625],"texture":"#1"}}},{"from":[-14,5,12],"to":[-5,27,12],"rotation":{"angle":0,"axis":"y","origin":[25,19,3]},"faces":{"north":{"uv":[8.125,4.8125,9.25,7.5625],"texture":"#1"},"south":{"uv":[9.25,4.8125,8.125,7.5625],"texture":"#1"}}},{"from":[5,5,11],"to":[14,27,11],"rotation":{"angle":0,"axis":"y","origin":[25,19,3]},"faces":{"north":{"uv":[4.875,4.8125,6,7.5625],"texture":"#1"},"south":{"uv":[6,4.8125,4.875,7.5625],"texture":"#1"}}},{"from":[-4.5,5,11],"to":[4.5,27,11],"rotation":{"angle":0,"axis":"y","origin":[25,19,3]},"faces":{"north":{"uv":[6.5,4.8125,7.625,7.5625],"texture":"#1"},"south":{"uv":[7.625,4.8125,6.5,7.5625],"texture":"#1"}}},{"from":[-14,5,11],"to":[-5,27,11],"rotation":{"angle":0,"axis":"y","origin":[25,19,3]},"faces":{"north":{"uv":[8.125,4.8125,9.25,7.5625],"texture":"#1"},"south":{"uv":[9.25,4.8125,8.125,7.5625],"texture":"#1"}}},{"from":[5,5,13],"to":[14,27,13],"rotation":{"angle":0,"axis":"y","origin":[25,19,3]},"faces":{"north":{"uv":[4.875,4.8125,6,7.5625],"texture":"#1"},"south":{"uv":[6,4.8125,4.875,7.5625],"texture":"#1"}}},{"from":[-4.5,5,13],"to":[4.5,27,13],"rotation":{"angle":0,"axis":"y","origin":[25,19,3]},"faces":{"north":{"uv":[6.5,4.8125,7.625,7.5625],"texture":"#1"},"south":{"uv":[7.625,4.8125,6.5,7.5625],"texture":"#1"}}},{"from":[-14,5,13],"to":[-5,27,13],"rotation":{"angle":0,"axis":"y","origin":[25,19,3]},"faces":{"north":{"uv":[8.125,4.8125,9.25,7.5625],"texture":"#1"},"south":{"uv":[9.25,4.8125,8.125,7.5625],"texture":"#1"}}}],"gui_light":"front","display":{"thirdperson_righthand":{"rotation":[67.5,0,0],"translation":[1.5,1.5,-0.25],"scale":[0.19922,0.19922,0.19922]},"thirdperson_lefthand":{"rotation":[67.5,0,0],"translation":[-1.5,1.5,-0.25],"scale":[0.19922,0.19922,0.19922]},"firstperson_righthand":{"rotation":[0,180,0],"translation":[0,1.5,0],"scale":[0.38633,0.38633,0.38633]},"firstperson_lefthand":{"rotation":[0,180,0],"translation":[4.75,1.5,0],"scale":[0.38633,0.38633,0.38633]},"ground":{"translation":[0,3,0],"scale":[0.25,0.25,0.25]},"gui":{"rotation":[30,225,0],"translation":[-1.25,-3.75,0],"scale":[0.35547,0.35547,0.35547]},"head":{"rotation":[0,-180,0],"translation":[0,-30.4,0],"scale":[1.6,1.6,1.6]},"fixed":{"rotation":[-90,0,0],"translation":[0,0,-16],"scale":[2,2,2]}},"groups":[0,1,2,3,4,5,6,{"name":"group","origin":[25,19,3],"color":0,"children":[7,8,9,10,11,12,13,14,15,16,17,18,19,20,21,22,23,24,25,26,27]}]}