{"parent":"minecraft:block/black_stained_glass","overrides":[{"predicate":{"custom_model_data":10000},"model":"blockus:ia_auto_gen/beveled_glass"},{"predicate":{"custom_model_data":10001},"model":"blockus:ia_auto_gen/black_beveled_glass"},{"predicate":{"custom_model_data":10002},"model":"blockus:ia_auto_gen/blue_beveled_glass"},{"predicate":{"custom_model_data":10003},"model":"blockus:ia_auto_gen/brown_beveled_glass"},{"predicate":{"custom_model_data":10004},"model":"blockus:ia_auto_gen/cyan_beveled_glass"},{"predicate":{"custom_model_data":10005},"model":"blockus:ia_auto_gen/gray_beveled_glass"},{"predicate":{"custom_model_data":10006},"model":"blockus:ia_auto_gen/green_beveled_glass"},{"predicate":{"custom_model_data":10007},"model":"blockus:ia_auto_gen/light_blue_beveled_glass"},{"predicate":{"custom_model_data":10008},"model":"blockus:ia_auto_gen/light_gray_beveled_glass"},{"predicate":{"custom_model_data":10009},"model":"blockus:ia_auto_gen/lime_beveled_glass"},{"predicate":{"custom_model_data":10010},"model":"blockus:ia_auto_gen/magenta_beveled_glass"},{"predicate":{"custom_model_data":10011},"model":"blockus:ia_auto_gen/orange_beveled_glass"},{"predicate":{"custom_model_data":10012},"model":"blockus:ia_auto_gen/pink_beveled_glass"},{"predicate":{"custom_model_data":10013},"model":"blockus:ia_auto_gen/purple_beveled_glass"},{"predicate":{"custom_model_data":10014},"model":"blockus:ia_auto_gen/red_beveled_glass"},{"predicate":{"custom_model_data":10015},"model":"blockus:ia_auto_gen/white_beveled_glass"},{"predicate":{"custom_model_data":10016},"model":"blockus:ia_auto_gen/yellow_beveled_glass"},{"predicate":{"custom_model_data":10017},"model":"item/black_stained_glass"}]}