{"parent":"item/handheld","textures":{"layer0":"item/diamond_pickaxe"},"overrides":[{"predicate":{"damaged":0,"damage":0.000640204865557},"model":"magic:war/ak47"},{"predicate":{"damaged":0,"damage":0.00128040973111},"model":"magic:war/sniperrifle"},{"predicate":{"damaged":0,"damage":0.00192061459667},"model":"magic:war/deserteagle"},{"predicate":{"damaged":0,"damage":0.00256081946223},"model":"magic:war/shotgun"},{"predicate":{"damaged":0,"damage":0.00320102432778},"model":"magic:war/rpg"},{"predicate":{"damaged":0,"damage":0.00384122919334},"model":"magic:war/flashbang"},{"predicate":{"damaged":0,"damage":0.0044814340589},"model":"magic:war/remote"},{"predicate":{"damaged":0,"damage":0.00512163892446},"model":"magic:war/incendiary"},{"predicate":{"damaged":0,"damage":0.00576184379001},"model":"magic:war/rpgshell"},{"predicate":{"damaged":0,"damage":0.00640204865557},"model":"magic:war/model3"},{"predicate":{"damaged":0,"damage":0.00704225352113},"model":"magic:war/ferrari"},{"predicate":{"damaged":0,"damage":0.00768245838668},"model":"magic:war/train"},{"predicate":{"damaged":0,"damage":0.00832266325224},"model":"magic:war/model3_white"},{"predicate":{"damaged":0,"damage":0.0089628681178},"model":"magic:war/model3_silver"},{"predicate":{"damaged":0,"damage":0.00960307298335},"model":"magic:war/model3_black"},{"predicate":{"damaged":0,"damage":0.0102432778489},"model":"magic:war/model3_red"},{"predicate":{"damaged":0,"damage":0.0108834827145},"model":"magic:war/dmr"},{"predicate":{"damaged":0,"damage":0.01152368758},"model":"magic:war/hawk_shotgun_12"},{"predicate":{"damaged":0,"damage":0.0121638924456},"model":"magic:war/pkp"},{"predicate":{"damaged":0,"damage":0.0128040973111},"model":"magic:war/thompson"},{"predicate":{"damaged":0,"damage":0.0134443021767},"model":"magic:war/mp5"},{"predicate":{"damaged":0,"damage":0.0140845070423},"model":"magic:war/glock"},{"predicate":{"damaged":0,"damage":0.0147247119078},"model":"magic:war/sawedoff"},{"predicate":{"damaged":0,"damage":0.0153649167734},"model":"magic:war/shotgun2"},{"predicate":{"damaged":0,"damage":0.0160051216389},"model":"magic:war/m4"},{"predicate":{"damaged":0,"damage":0.0166453265045},"model":"magic:war/ak47"},{"predicate":{"damaged":0,"damage":0.01728553137},"model":"magic:war/ak47"},{"predicate":{"damaged":0,"damage":0.0179257362356},"model":"magic:war/ak47"},{"predicate":{"damaged":0,"damage":0.0185659411012},"model":"magic:war/ak47"},{"predicate":{"damaged":0,"damage":0.0192061459667},"model":"magic:war/ak47"},{"predicate":{"damaged":0,"damage":0.0198463508323},"model":"magic:war/ak47"},{"predicate":{"damaged":0,"damage":0.0204865556978},"model":"magic:war/ak47"},{"predicate":{"damaged":0,"damage":0.0211267605634},"model":"magic:war/ak47"},{"predicate":{"damaged":0,"damage":0.0217669654289},"model":"magic:war/ak47"},{"predicate":{"damaged":0,"damage":0.0224071702945},"model":"magic:war/ak47"},{"predicate":{"damaged":0,"damage":0.0230473751601},"model":"magic:war/ak47"},{"predicate":{"damaged":0,"damage":0.0236875800256},"model":"magic:war/ak47"},{"predicate":{"damaged":0,"damage":0.0243277848912},"model":"magic:war/ak47"},{"predicate":{"damaged":0,"damage":0.0249679897567},"model":"magic:war/ak47"},{"predicate":{"damaged":0,"damage":0.0256081946223},"model":"magic:war/ak47"},{"predicate":{"damaged":0,"damage":0.0262483994878},"model":"magic:war/ak47"},{"predicate":{"damaged":0,"damage":0.0268886043534},"model":"magic:war/ak47"},{"predicate":{"damaged":0,"damage":0.027528809219},"model":"magic:war/ak47"},{"predicate":{"damaged":0,"damage":0.0281690140845},"model":"magic:war/ak47"},{"predicate":{"damaged":0,"damage":0.0288092189501},"model":"magic:war/ak47"},{"predicate":{"damaged":0,"damage":0.0294494238156},"model":"magic:war/ak47"},{"predicate":{"damaged":0,"damage":0.0300896286812},"model":"magic:war/ak47"},{"predicate":{"damaged":0,"damage":0.0307298335467},"model":"magic:war/ak47"},{"predicate":{"damaged":0,"damage":0.0313700384123},"model":"magic:war/ak47"},{"predicate":{"damaged":0,"damage":0.0320102432778},"model":"magic:war/ak47"},{"predicate":{"damaged":0,"damage":0.0326504481434},"model":"magic:war/ak47"},{"predicate":{"damaged":0,"damage":0.033290653009},"model":"magic:war/ak47"},{"predicate":{"damaged":0,"damage":0.0339308578745},"model":"magic:war/ak47"},{"predicate":{"damaged":0,"damage":0.0345710627401},"model":"magic:war/ak47"},{"predicate":{"damaged":0,"damage":0.0352112676056},"model":"magic:war/ak47"},{"predicate":{"damaged":0,"damage":0.0358514724712},"model":"magic:war/ak47"},{"predicate":{"damaged":0,"damage":0.0364916773367},"model":"magic:war/ak47"},{"predicate":{"damaged":0,"damage":0.0371318822023},"model":"magic:war/ak47"},{"predicate":{"damaged":0,"damage":0.0377720870679},"model":"magic:war/ak47"},{"predicate":{"damaged":0,"damage":0.0384122919334},"model":"magic:war/ak47"},{"predicate":{"damaged":0,"damage":0.039052496799},"model":"magic:war/ak47"},{"predicate":{"damaged":0,"damage":0.0396927016645},"model":"magic:war/ak47"},{"predicate":{"damaged":0,"damage":0.0403329065301},"model":"magic:war/ak47"},{"predicate":{"damaged":0,"damage":0.0409731113956},"model":"magic:war/ak47"},{"predicate":{"damaged":0,"damage":0.0416133162612},"model":"magic:war/ak47"},{"predicate":{"damaged":0,"damage":0.0422535211268},"model":"magic:war/ak47"},{"predicate":{"damaged":0,"damage":0.0428937259923},"model":"magic:war/ak47"},{"predicate":{"damaged":0,"damage":0.0435339308579},"model":"magic:war/ak47"},{"predicate":{"damaged":0,"damage":0.0441741357234},"model":"magic:war/ak47"},{"predicate":{"damaged":0,"damage":0.044814340589},"model":"magic:war/ak47"},{"predicate":{"damaged":0,"damage":0.0454545454545},"model":"magic:war/ak47"},{"predicate":{"damaged":0,"damage":0.0460947503201},"model":"magic:war/ak47"},{"predicate":{"damaged":0,"damage":0.0467349551857},"model":"magic:war/ak47"},{"predicate":{"damaged":0,"damage":0.0473751600512},"model":"magic:war/ak47"},{"predicate":{"damaged":0,"damage":0.0480153649168},"model":"magic:war/ak47"},{"predicate":{"damaged":0,"damage":0.0486555697823},"model":"magic:war/ak47"},{"predicate":{"damaged":0,"damage":0.0492957746479},"model":"magic:war/ak47"},{"predicate":{"damaged":0,"damage":0.0499359795134},"model":"magic:war/ak47"},{"predicate":{"damaged":0,"damage":0.050576184379},"model":"magic:war/ak47"},{"predicate":{"damaged":0,"damage":0.0512163892446},"model":"magic:war/ak47"},{"predicate":{"damaged":0,"damage":0.0518565941101},"model":"magic:war/ak47"},{"predicate":{"damaged":0,"damage":0.0524967989757},"model":"magic:war/ak47"},{"predicate":{"damaged":0,"damage":0.0531370038412},"model":"magic:war/ak47"},{"predicate":{"damaged":0,"damage":0.0537772087068},"model":"magic:war/ak47"},{"predicate":{"damaged":0,"damage":0.0544174135723},"model":"magic:war/ak47"},{"predicate":{"damaged":0,"damage":0.0550576184379},"model":"magic:war/ak47"},{"predicate":{"damaged":0,"damage":0.0556978233035},"model":"magic:war/ak47"},{"predicate":{"damaged":0,"damage":0.056338028169},"model":"magic:war/ak47"},{"predicate":{"damaged":0,"damage":0.0569782330346},"model":"magic:war/ak47"},{"predicate":{"damaged":0,"damage":0.0576184379001},"model":"magic:war/ak47"},{"predicate":{"damaged":0,"damage":0.0582586427657},"model":"magic:war/ak47"},{"predicate":{"damaged":0,"damage":0.0588988476312},"model":"magic:war/ak47"},{"predicate":{"damaged":0,"damage":0.0595390524968},"model":"magic:war/ak47"},{"predicate":{"damaged":0,"damage":0.0601792573624},"model":"magic:war/ak47"},{"predicate":{"damaged":0,"damage":0.0608194622279},"model":"magic:war/ak47"},{"predicate":{"damaged":0,"damage":0.0614596670935},"model":"magic:war/ak47"},{"predicate":{"damaged":0,"damage":0.062099871959},"model":"magic:war/ak47"},{"predicate":{"damaged":0,"damage":0.0627400768246},"model":"magic:war/ak47"},{"predicate":{"damaged":0,"damage":0.0633802816901},"model":"magic:war/ak47"},{"predicate":{"damaged":0,"damage":0.0640204865557},"model":"magic:war/ak47"},{"predicate":{"damaged":0,"damage":0.0646606914213},"model":"magic:war/ak47"},{"predicate":{"damaged":0,"damage":0.0653008962868},"model":"magic:war/ak47"},{"predicate":{"damaged":0,"damage":0.0659411011524},"model":"magic:war/ak47"},{"predicate":{"damaged":0,"damage":0.0665813060179},"model":"magic:war/ak47"},{"predicate":{"damaged":0,"damage":0.0672215108835},"model":"magic:war/ak47"},{"predicate":{"damaged":0,"damage":0.067861715749},"model":"magic:war/ak47"},{"predicate":{"damaged":0,"damage":0.0685019206146},"model":"magic:war/ak47"},{"predicate":{"damaged":0,"damage":0.0691421254802},"model":"magic:war/ak47"},{"predicate":{"damaged":0,"damage":0.0697823303457},"model":"magic:war/ak47"},{"predicate":{"damaged":0,"damage":0.0704225352113},"model":"magic:war/ak47"},{"predicate":{"damaged":0,"damage":0.0710627400768},"model":"magic:war/ak47"},{"predicate":{"damaged":0,"damage":0.0717029449424},"model":"magic:war/ak47"},{"predicate":{"damaged":0,"damage":0.0723431498079},"model":"magic:war/ak47"},{"predicate":{"damaged":0,"damage":0.0729833546735},"model":"magic:war/ak47"},{"predicate":{"damaged":0,"damage":0.0736235595391},"model":"magic:war/ak47"},{"predicate":{"damaged":0,"damage":0.0742637644046},"model":"magic:war/ak47"},{"predicate":{"damaged":0,"damage":0.0749039692702},"model":"magic:war/ak47"},{"predicate":{"damaged":0,"damage":0.0755441741357},"model":"magic:war/ak47"},{"predicate":{"damaged":0,"damage":0.0761843790013},"model":"magic:war/ak47"},{"predicate":{"damaged":0,"damage":0.0768245838668},"model":"magic:war/ak47"},{"predicate":{"damaged":0,"damage":0.0774647887324},"model":"magic:war/ak47"},{"predicate":{"damaged":0,"damage":0.078104993598},"model":"magic:war/ak47"},{"predicate":{"damaged":0,"damage":0.0787451984635},"model":"magic:war/ak47"},{"predicate":{"damaged":0,"damage":0.0793854033291},"model":"magic:war/ak47"},{"predicate":{"damaged":0,"damage":0.0800256081946},"model":"magic:war/ak47"},{"predicate":{"damaged":0,"damage":0.0806658130602},"model":"magic:war/ak47"},{"predicate":{"damaged":0,"damage":0.0813060179257},"model":"magic:war/ak47"},{"predicate":{"damaged":0,"damage":0.0819462227913},"model":"magic:war/ak47"},{"predicate":{"damaged":0,"damage":0.0825864276569},"model":"magic:war/ak47"},{"predicate":{"damaged":0,"damage":0.0832266325224},"model":"magic:war/ak47"},{"predicate":{"damaged":0,"damage":0.083866837388},"model":"magic:war/ak47"},{"predicate":{"damaged":0,"damage":0.0845070422535},"model":"magic:war/ak47"},{"predicate":{"damaged":0,"damage":0.0851472471191},"model":"magic:war/ak47"},{"predicate":{"damaged":0,"damage":0.0857874519846},"model":"magic:war/ak47"},{"predicate":{"damaged":0,"damage":0.0864276568502},"model":"magic:war/ak47"},{"predicate":{"damaged":0,"damage":0.0870678617157},"model":"magic:war/ak47"},{"predicate":{"damaged":0,"damage":0.0877080665813},"model":"magic:war/ak47"},{"predicate":{"damaged":0,"damage":0.0883482714469},"model":"magic:war/ak47"},{"predicate":{"damaged":0,"damage":0.0889884763124},"model":"magic:war/ak47"},{"predicate":{"damaged":0,"damage":0.089628681178},"model":"magic:war/ak47"},{"predicate":{"damaged":0,"damage":0.0902688860435},"model":"magic:war/ak47"},{"predicate":{"damaged":0,"damage":0.0909090909091},"model":"magic:war/ak47"},{"predicate":{"damaged":0,"damage":0.0915492957746},"model":"magic:war/ak47"},{"predicate":{"damaged":0,"damage":0.0921895006402},"model":"magic:war/ak47"},{"predicate":{"damaged":0,"damage":0.0928297055058},"model":"magic:war/ak47"},{"predicate":{"damaged":0,"damage":0.0934699103713},"model":"magic:war/ak47"},{"predicate":{"damaged":0,"damage":0.0941101152369},"model":"magic:war/ak47"},{"predicate":{"damaged":0,"damage":0.0947503201024},"model":"magic:war/ak47"},{"predicate":{"damaged":0,"damage":0.095390524968},"model":"magic:war/ak47"},{"predicate":{"damaged":0,"damage":0.0960307298335},"model":"magic:war/ak47"},{"predicate":{"damaged":0,"damage":0.0966709346991},"model":"magic:war/ak47"},{"predicate":{"damaged":0,"damage":0.0973111395647},"model":"magic:war/ak47"},{"predicate":{"damaged":0,"damage":0.0979513444302},"model":"magic:war/ak47"},{"predicate":{"damaged":0,"damage":0.0985915492958},"model":"magic:war/ak47"},{"predicate":{"damaged":0,"damage":0.0992317541613},"model":"magic:war/ak47"},{"predicate":{"damaged":0,"damage":0.0998719590269},"model":"magic:war/ak47"},{"predicate":{"damaged":0,"damage":0.100512163892},"model":"magic:war/ak47"},{"predicate":{"damaged":0,"damage":0.101152368758},"model":"magic:war/ak47"},{"predicate":{"damaged":0,"damage":0.101792573624},"model":"magic:war/ak47"},{"predicate":{"damaged":0,"damage":0.102432778489},"model":"magic:war/ak47"},{"predicate":{"damaged":0,"damage":0.103072983355},"model":"magic:war/ak47"},{"predicate":{"damaged":0,"damage":0.10371318822},"model":"magic:war/ak47"},{"predicate":{"damaged":0,"damage":0.104353393086},"model":"magic:war/ak47"},{"predicate":{"damaged":0,"damage":0.104993597951},"model":"magic:war/ak47"},{"predicate":{"damaged":0,"damage":0.105633802817},"model":"magic:war/ak47"},{"predicate":{"damaged":0,"damage":0.106274007682},"model":"magic:war/ak47"},{"predicate":{"damaged":0,"damage":0.106914212548},"model":"magic:war/ak47"},{"predicate":{"damaged":0,"damage":0.107554417414},"model":"magic:war/ak47"},{"predicate":{"damaged":0,"damage":0.108194622279},"model":"magic:war/ak47"},{"predicate":{"damaged":0,"damage":0.108834827145},"model":"magic:war/ak47"},{"predicate":{"damaged":0,"damage":0.10947503201},"model":"magic:war/ak47"},{"predicate":{"damaged":0,"damage":0.110115236876},"model":"magic:war/ak47"},{"predicate":{"damaged":0,"damage":0.110755441741},"model":"magic:war/ak47"},{"predicate":{"damaged":0,"damage":0.111395646607},"model":"magic:war/ak47"},{"predicate":{"damaged":0,"damage":0.112035851472},"model":"magic:war/ak47"},{"predicate":{"damaged":0,"damage":0.112676056338},"model":"magic:war/ak47"},{"predicate":{"damaged":0,"damage":0.113316261204},"model":"magic:war/ak47"},{"predicate":{"damaged":0,"damage":0.113956466069},"model":"magic:war/ak47"},{"predicate":{"damaged":0,"damage":0.114596670935},"model":"magic:war/ak47"},{"predicate":{"damaged":0,"damage":0.1152368758},"model":"magic:war/ak47"},{"predicate":{"damaged":0,"damage":0.115877080666},"model":"magic:war/ak47"},{"predicate":{"damaged":0,"damage":0.116517285531},"model":"magic:war/ak47"},{"predicate":{"damaged":0,"damage":0.117157490397},"model":"magic:war/ak47"},{"predicate":{"damaged":0,"damage":0.117797695262},"model":"magic:war/ak47"},{"predicate":{"damaged":0,"damage":0.118437900128},"model":"magic:war/ak47"},{"predicate":{"damaged":0,"damage":0.119078104994},"model":"magic:war/ak47"},{"predicate":{"damaged":0,"damage":0.119718309859},"model":"magic:war/ak47"},{"predicate":{"damaged":0,"damage":0.120358514725},"model":"magic:war/ak47"},{"predicate":{"damaged":0,"damage":0.12099871959},"model":"magic:war/ak47"},{"predicate":{"damaged":0,"damage":0.121638924456},"model":"magic:war/ak47"},{"predicate":{"damaged":0,"damage":0.122279129321},"model":"magic:war/ak47"},{"predicate":{"damaged":0,"damage":0.122919334187},"model":"magic:war/ak47"},{"predicate":{"damaged":0,"damage":0.123559539052},"model":"magic:war/ak47"},{"predicate":{"damaged":0,"damage":0.124199743918},"model":"magic:war/ak47"},{"predicate":{"damaged":0,"damage":0.124839948784},"model":"magic:war/ak47"},{"predicate":{"damaged":0,"damage":0.125480153649},"model":"magic:war/ak47"},{"predicate":{"damaged":0,"damage":0.126120358515},"model":"magic:war/ak47"},{"predicate":{"damaged":0,"damage":0.12676056338},"model":"magic:war/ak47"},{"predicate":{"damaged":0,"damage":0.127400768246},"model":"magic:war/ak47"},{"predicate":{"damaged":0,"damage":0.128040973111},"model":"magic:war/ak47"},{"predicate":{"damaged":0,"damage":0.128681177977},"model":"magic:war/ak47"},{"predicate":{"damaged":0,"damage":0.129321382843},"model":"magic:war/ak47"},{"predicate":{"damaged":0,"damage":0.129961587708},"model":"magic:war/ak47"},{"predicate":{"damaged":0,"damage":0.13060179257362},"model":"magic:war/ak47"},{"predicate":{"damaged":0,"damage":0.131241997439},"model":"magic:war/ak47"},{"predicate":{"damaged":0,"damage":0.131882202305},"model":"magic:war/ak47"},{"predicate":{"damaged":0,"damage":0.13252240717},"model":"magic:war/ak47"},{"predicate":{"damaged":0,"damage":0.133162612036},"model":"magic:war/ak47"},{"predicate":{"damaged":0,"damage":0.133802816901},"model":"magic:war/ak47"},{"predicate":{"damaged":0,"damage":0.134443021767},"model":"magic:war/ak47"},{"predicate":{"damaged":0,"damage":0.135083226633},"model":"magic:war/ak47"},{"predicate":{"damaged":0,"damage":0.135723431498},"model":"magic:war/ak47"},{"predicate":{"damaged":0,"damage":0.136363636364},"model":"magic:war/ak47"},{"predicate":{"damaged":0,"damage":0.137003841229},"model":"magic:war/ak47"},{"predicate":{"damaged":0,"damage":0.137644046095},"model":"magic:war/ak47"},{"predicate":{"damaged":0,"damage":0.13828425096},"model":"magic:war/ak47"},{"predicate":{"damaged":0,"damage":0.138924455826},"model":"magic:war/ak47"},{"predicate":{"damaged":0,"damage":0.139564660691},"model":"magic:war/ak47"},{"predicate":{"damaged":0,"damage":0.140204865557},"model":"magic:war/ak47"},{"predicate":{"damaged":0,"damage":0.140845070423},"model":"magic:war/ak47"},{"predicate":{"damaged":0,"damage":0.141485275288},"model":"magic:war/ak47"},{"predicate":{"damaged":0,"damage":0.142125480154},"model":"magic:war/ak47"},{"predicate":{"damaged":0,"damage":0.142765685019},"model":"magic:war/ak47"},{"predicate":{"damaged":0,"damage":0.143405889885},"model":"magic:war/ak47"},{"predicate":{"damaged":0,"damage":0.14404609475},"model":"magic:war/ak47"},{"predicate":{"damaged":0,"damage":0.144686299615877},"model":"magic:war/ak47"},{"predicate":{"damaged":0,"damage":0.145326504481434},"model":"magic:war/ak47"},{"predicate":{"damaged":0,"damage":0.145966709346991},"model":"magic:war/ak47"},{"predicate":{"damaged":0,"damage":0.146606914212548},"model":"magic:war/ak47"},{"predicate":{"damaged":0,"damage":0.147247119078105},"model":"magic:war/ak47"},{"predicate":{"damaged":0,"damage":0.147887323943662},"model":"magic:war/ak47"},{"predicate":{"damaged":0,"damage":0.148527528809219},"model":"magic:war/ak47"},{"predicate":{"damaged":1,"damage":0},"model":"item/diamond_pickaxe"},{"predicate":{"custom_model_data":10000},"model":"iaalchemy:ia_auto_gen/demoniac_pickaxe"},{"predicate":{"custom_model_data":10001},"model":"iasurvival:ia_auto_gen/diamond_hammer"},{"predicate":{"custom_model_data":10002},"model":"iaalchemy:ia_auto_gen/demoniac_hammer"},{"predicate":{"custom_model_data":10003},"model":"iasurvival:ia_auto_gen/dark_amethyst_pickaxe"},{"predicate":{"custom_model_data":10004},"model":"iasurvival:ia_auto_gen/bronze_pickaxe"},{"predicate":{"custom_model_data":10005},"model":"iaalchemy:ia_auto_gen/astral_pickaxe"},{"predicate":{"custom_model_data":10006},"model":"elitecreatures:asura_animated_weapon/pickaxe"},{"predicate":{"custom_model_data":10007},"model":"warden_set:ia_auto_gen/warden_pickaxe"},{"predicate":{"custom_model_data":10008},"model":"mimix:tools/phantom_pickaxe"},{"predicate":{"custom_model_data":10009},"model":"dragon_items:ia_auto_gen/dragon_pickaxe"},{"predicate":{"custom_model_data":10010},"model":"elitecreatures:vinland_animated_weapon/pickaxe"},{"predicate":{"custom_model_data":10011},"model":"jeqo:cyber_set/blue/cyber_pickaxe"},{"predicate":{"custom_model_data":10012},"model":"amethyst_armor_set:ia_auto_gen/amethyst_pickaxe"},{"predicate":{"custom_model_data":10013},"model":"jeqo:cyber_set/cyber_pickaxe"},{"predicate":{"custom_model_data":10014},"model":"jeqo:cyber_set/red/cyber_pickaxe"},{"predicate":{"custom_model_data":10015},"model":"jeqo:cyber_set/pink/cyber_pickaxe"},{"predicate":{"custom_model_data":10016},"model":"jeqo:cyber_set/green/cyber_pickaxe"},{"predicate":{"custom_model_data":10017},"model":"jeqo:cyber_set/gold/cyber_pickaxe"},{"predicate":{"custom_model_data":10018},"model":"aqua_dragon_set:ia_auto_gen/aqua_pickaxe"},{"predicate":{"custom_model_data":10021},"model":"frighten_set:frighten_set/pickaxe"},{"predicate":{"custom_model_data":10022},"model":"bonekeeper_set:bonekeeper_set/pickaxe"},{"predicate":{"custom_model_data":10023},"model":"jeqo:dragon_set/black/black_dragon_pickaxe"},{"predicate":{"custom_model_data":10024},"model":"jeqo:dragon_set/blue/blue_dragon_pickaxe"},{"predicate":{"custom_model_data":10025},"model":"jeqo:dragon_set/green/green_dragon_pickaxe"},{"predicate":{"custom_model_data":10026},"model":"jeqo:dragon_set/orange/orange_dragon_pickaxe"},{"predicate":{"custom_model_data":10027},"model":"jeqo:dragon_set/purple/purple_dragon_pickaxe"},{"predicate":{"custom_model_data":10028},"model":"jeqo:dragon_set/red/red_dragon_pickaxe"},{"predicate":{"custom_model_data":10029},"model":"elitecreatures:rogue_assortment/rogue_pickaxe"},{"predicate":{"custom_model_data":10030},"model":"elitecreatures:necromancer_assortment/pickaxe"},{"predicate":{"custom_model_data":10031},"model":"elitecreatures:yggdrasil_animated/pickaxe"},{"predicate":{"custom_model_data":10032},"model":"item/diamond_pickaxe"}]}