{"__comment":"Max diamond durability is 1562, delta is 0.000640204865557","parent":"item/handheld","textures":{"layer0":"minecraft:item/diamond_axe"},"overrides":[{"predicate":{"damaged":0,"damage":0.000640204865557},"model":"magic:icons/brushes/erase"},{"predicate":{"damaged":0,"damage":0.00128040973111},"model":"magic:icons/brushes/copy"},{"predicate":{"damaged":0,"damage":0.00192061459667},"model":"magic:icons/brushes/clone"},{"predicate":{"damaged":0,"damage":0.00256081946223},"model":"magic:icons/brushes/replicate"},{"predicate":{"damaged":0,"damage":0.00320102432778},"model":"magic:icons/brushes/map"},{"predicate":{"damaged":0,"damage":0.00384122919334},"model":"magic:icons/brushes/schematic"},{"predicate":{"damaged":0,"damage":0.0044814340589},"model":"magic:icons/brushes/default"},{"predicate":{"damaged":0,"damage":0.00512163892446},"model":"magic:icons/spells/silence"},{"predicate":{"damaged":0,"damage":0.00576184379001},"model":"magic:icons/spells/curse"},{"predicate":{"damaged":0,"damage":0.00640204865557},"model":"magic:icons/spells/blessing"},{"predicate":{"damaged":0,"damage":0.00704225352113},"model":"magic:icons/spells/boon"},{"predicate":{"damaged":0,"damage":0.00768245838668},"model":"magic:icons/spells/simulate"},{"predicate":{"damaged":0,"damage":0.00832266325224},"model":"magic:icons/spells/simulate3"},{"predicate":{"damaged":0,"damage":0.0089628681178},"model":"magic:icons/spells/glider"},{"predicate":{"damaged":0,"damage":0.00960307298335},"model":"magic:icons/spells/virus"},{"predicate":{"damaged":0,"damage":0.0102432778489},"model":"magic:icons/spells/worm"},{"predicate":{"damaged":0,"damage":0.0108834827145},"model":"magic:icons/spells/hunter"},{"predicate":{"damaged":0,"damage":0.01152368758},"model":"magic:icons/spells/defender"},{"predicate":{"damaged":0,"damage":0.0121638924456},"model":"magic:icons/spells/animate"},{"predicate":{"damaged":0,"damage":0.0128040973111},"model":"magic:icons/spells/life"},{"predicate":{"damaged":0,"damage":0.0134443021767},"model":"magic:icons/spells/life3"},{"predicate":{"damaged":0,"damage":0.0140845070423},"model":"magic:icons/spells/shell"},{"predicate":{"damaged":0,"damage":0.0147247119078},"model":"magic:icons/spells/reflect"},{"predicate":{"damaged":0,"damage":0.0153649167734},"model":"magic:icons/spells/platform"},{"predicate":{"damaged":0,"damage":0.0160051216389},"model":"magic:icons/spells/superdisc"},{"predicate":{"damaged":0,"damage":0.0166453265045},"model":"magic:icons/spells/superring"},{"predicate":{"damaged":0,"damage":0.01728553137},"model":"magic:icons/spells/supershell"},{"predicate":{"damaged":0,"damage":0.0179257362356},"model":"magic:icons/spells/superdome"},{"predicate":{"damaged":0,"damage":0.0185659411012},"model":"magic:icons/spells/tag"},{"predicate":{"damaged":0,"damage":0.0192061459667},"model":"magic:icons/spells/toss"},{"predicate":{"damaged":0,"damage":0.0198463508323},"model":"magic:icons/spells/volley"},{"predicate":{"damaged":0,"damage":0.0204865556978},"model":"magic:icons/spells/push"},{"predicate":{"damaged":0,"damage":0.0211267605634},"model":"magic:icons/spells/pull"},{"predicate":{"damaged":0,"damage":0.0217669654289},"model":"magic:icons/spells/grab"},{"predicate":{"damaged":0,"damage":0.0224071702945},"model":"magic:icons/spells/boom"},{"predicate":{"damaged":0,"damage":0.0230473751601},"model":"magic:icons/spells/nuke"},{"predicate":{"damaged":0,"damage":0.0236875800256},"model":"magic:icons/spells/frost"},{"predicate":{"damaged":0,"damage":0.0243277848912},"model":"magic:icons/spells/permafrost"},{"predicate":{"damaged":0,"damage":0.0249679897567},"model":"magic:icons/spells/lightning"},{"predicate":{"damaged":0,"damage":0.0256081946223},"model":"magic:icons/spells/smite"},{"predicate":{"damaged":0,"damage":0.0262483994878},"model":"magic:icons/spells/tree"},{"predicate":{"damaged":0,"damage":0.0268886043534},"model":"magic:icons/spells/forest"},{"predicate":{"damaged":0,"damage":0.027528809219},"model":"magic:icons/spells/disarm"},{"predicate":{"damaged":0,"damage":0.0281690140845},"model":"magic:icons/spells/cure"},{"predicate":{"damaged":0,"damage":0.0288092189501},"model":"magic:icons/spells/heal"},{"predicate":{"damaged":0,"damage":0.0294494238156},"model":"magic:icons/spells/healing"},{"predicate":{"damaged":0,"damage":0.0300896286812},"model":"magic:icons/spells/music"},{"predicate":{"damaged":0,"damage":0.0307298335467},"model":"magic:icons/spells/gather"},{"predicate":{"damaged":0,"damage":0.0313700384123},"model":"magic:icons/spells/mount"},{"predicate":{"damaged":0,"damage":0.0320102432778},"model":"magic:icons/spells/tame"},{"predicate":{"damaged":0,"damage":0.0326504481434},"model":"magic:icons/spells/icbm"},{"predicate":{"damaged":0,"damage":0.033290653009},"model":"magic:icons/spells/neutron"},{"predicate":{"damaged":0,"damage":0.0339308578745},"model":"magic:icons/spells/wither"},{"predicate":{"damaged":0,"damage":0.0345710627401},"model":"magic:icons/spells/arrowrain"},{"predicate":{"damaged":0,"damage":0.0352112676056},"model":"magic:icons/spells/gatling"},{"predicate":{"damaged":0,"damage":0.0358514724712},"model":"magic:icons/spells/meteor"},{"predicate":{"damaged":0,"damage":0.0364916773367},"model":"magic:icons/spells/arrow"},{"predicate":{"damaged":0,"damage":0.0371318822023},"model":"magic:icons/spells/flashbang"},{"predicate":{"damaged":0,"damage":0.0377720870679},"model":"magic:icons/spells/weather"},{"predicate":{"damaged":0,"damage":0.0384122919334},"model":"magic:icons/spells/fling"},{"predicate":{"damaged":0,"damage":0.039052496799},"model":"magic:icons/spells/supertorch"},{"predicate":{"damaged":0,"damage":0.0396927016645},"model":"magic:icons/spells/torch"},{"predicate":{"damaged":0,"damage":0.0403329065301},"model":"magic:icons/spells/familiar"},{"predicate":{"damaged":0,"damage":0.0409731113956},"model":"magic:icons/spells/monster"},{"predicate":{"damaged":0,"damage":0.0416133162612},"model":"magic:icons/spells/testdummy"},{"predicate":{"damaged":0,"damage":0.0422535211268},"model":"magic:icons/spells/ghast"},{"predicate":{"damaged":0,"damage":0.0428937259923},"model":"magic:icons/spells/mob"},{"predicate":{"damaged":0,"damage":0.0435339308579},"model":"magic:icons/spells/farm"},{"predicate":{"damaged":0,"damage":0.0441741357234},"model":"magic:icons/spells/wolf"},{"predicate":{"damaged":0,"damage":0.044814340589},"model":"magic:icons/spells/cat"},{"predicate":{"damaged":0,"damage":0.0454545454545},"model":"magic:icons/spells/portal"},{"predicate":{"damaged":0,"damage":0.0460947503201},"model":"magic:icons/spells/phase"},{"predicate":{"damaged":0,"damage":0.0467349551857},"model":"magic:icons/spells/phasebackup"},{"predicate":{"damaged":0,"damage":0.0473751600512},"model":"magic:icons/spells/invincible"},{"predicate":{"damaged":0,"damage":0.0480153649168},"model":"magic:icons/spells/fire"},{"predicate":{"damaged":0,"damage":0.0486555697823},"model":"magic:icons/spells/bubble"},{"predicate":{"damaged":0,"damage":0.0492957746479},"model":"magic:icons/spells/regenerate"},{"predicate":{"damaged":0,"damage":0.0499359795134},"model":"magic:icons/spells/superregenerate"},{"predicate":{"damaged":0,"damage":0.050576184379},"model":"magic:icons/spells/paint"},{"predicate":{"damaged":0,"damage":0.0512163892446},"model":"magic:icons/spells/fill"},{"predicate":{"damaged":0,"damage":0.0518565941101},"model":"magic:icons/spells/recurse"},{"predicate":{"damaged":0,"damage":0.0524967989757},"model":"magic:icons/spells/floodfill"},{"predicate":{"damaged":0,"damage":0.0531370038412},"model":"magic:icons/spells/gills"},{"predicate":{"damaged":0,"damage":0.0537772087068},"model":"magic:icons/spells/day"},{"predicate":{"damaged":0,"damage":0.0544174135723},"model":"magic:icons/spells/night"},{"predicate":{"damaged":0,"damage":0.0550576184379},"model":"magic:icons/spells/time"},{"predicate":{"damaged":0,"damage":0.0556978233035},"model":"magic:icons/spells/bridge"},{"predicate":{"damaged":0,"damage":0.056338028169},"model":"magic:icons/spells/pillar"},{"predicate":{"damaged":0,"damage":0.0569782330346},"model":"magic:icons/spells/place"},{"predicate":{"damaged":0,"damage":0.0576184379001},"model":"magic:icons/spells/anvil"},{"predicate":{"damaged":0,"damage":0.0582586427657},"model":"magic:icons/spells/grenade"},{"predicate":{"damaged":0,"damage":0.0588988476312},"model":"magic:icons/spells/cluster"},{"predicate":{"damaged":0,"damage":0.0595390524968},"model":"magic:icons/spells/bomb"},{"predicate":{"damaged":0,"damage":0.0601792573624},"model":"magic:icons/spells/superblob"},{"predicate":{"damaged":0,"damage":0.0608194622279},"model":"magic:icons/spells/superhemisphere"},{"predicate":{"damaged":0,"damage":0.0614596670935},"model":"magic:icons/spells/superpyramid"},{"predicate":{"damaged":0,"damage":0.062099871959},"model":"magic:icons/spells/supercylinder"},{"predicate":{"damaged":0,"damage":0.0627400768246},"model":"magic:icons/spells/box"},{"predicate":{"damaged":0,"damage":0.0633802816901},"model":"magic:icons/spells/superbox"},{"predicate":{"damaged":0,"damage":0.0640204865557},"model":"magic:icons/spells/supercube"},{"predicate":{"damaged":0,"damage":0.0646606914213},"model":"magic:icons/spells/backup"},{"predicate":{"damaged":0,"damage":0.0653008962868},"model":"magic:icons/spells/superbackup"},{"predicate":{"damaged":0,"damage":0.0659411011524},"model":"magic:icons/spells/repair"},{"predicate":{"damaged":0,"damage":0.0665813060179},"model":"magic:icons/spells/superrepair"},{"predicate":{"damaged":0,"damage":0.0672215108835},"model":"magic:icons/spells/workbench"},{"predicate":{"damaged":0,"damage":0.067861715749},"model":"magic:icons/spells/stash"},{"predicate":{"damaged":0,"damage":0.0685019206146},"model":"magic:icons/spells/pickpocket"},{"predicate":{"damaged":0,"damage":0.0691421254802},"model":"magic:icons/spells/blast"},{"predicate":{"damaged":0,"damage":0.0697823303457},"model":"magic:icons/spells/earthquake"},{"predicate":{"damaged":0,"damage":0.0704225352113},"model":"magic:icons/spells/tunnel"},{"predicate":{"damaged":0,"damage":0.0710627400768},"model":"magic:icons/spells/superblast"},{"predicate":{"damaged":0,"damage":0.0717029449424},"model":"magic:icons/spells/convert"},{"predicate":{"damaged":0,"damage":0.0723431498079},"model":"magic:icons/spells/superconvert"},{"predicate":{"damaged":0,"damage":0.0729833546735},"model":"magic:icons/spells/collapse"},{"predicate":{"damaged":0,"damage":0.0736235595391},"model":"magic:icons/spells/supercollapse"},{"predicate":{"damaged":0,"damage":0.0742637644046},"model":"magic:icons/spells/cloak"},{"predicate":{"damaged":0,"damage":0.0749039692702},"model":"magic:icons/spells/rollback"},{"predicate":{"damaged":0,"damage":0.0755441741357},"model":"magic:icons/spells/commit"},{"predicate":{"damaged":0,"damage":0.0761843790013},"model":"magic:icons/spells/counterspell"},{"predicate":{"damaged":0,"damage":0.0768245838668},"model":"magic:icons/spells/breach"},{"predicate":{"damaged":0,"damage":0.0774647887324},"model":"magic:icons/spells/peek"},{"predicate":{"damaged":0,"damage":0.078104993598},"model":"magic:icons/spells/sandblast"},{"predicate":{"damaged":0,"damage":0.0787451984635},"model":"magic:icons/spells/mine"},{"predicate":{"damaged":0,"damage":0.0793854033291},"model":"magic:icons/spells/chop"},{"predicate":{"damaged":0,"damage":0.0800256081946},"model":"magic:icons/spells/alter"},{"predicate":{"damaged":0,"damage":0.0806658130602},"model":"magic:icons/spells/superalter"},{"predicate":{"damaged":0,"damage":0.0813060179257},"model":"magic:icons/spells/sphere"},{"predicate":{"damaged":0,"damage":0.0819462227913},"model":"magic:icons/spells/blob"},{"predicate":{"damaged":0,"damage":0.0825864276569},"model":"magic:icons/spells/tendril"},{"predicate":{"damaged":0,"damage":0.0832266325224},"model":"magic:icons/spells/walls"},{"predicate":{"damaged":0,"damage":0.083866837388},"model":"magic:icons/spells/emp"},{"predicate":{"damaged":0,"damage":0.0845070422535},"model":"magic:icons/spells/superemp"},{"predicate":{"damaged":0,"damage":0.0851472471191},"model":"magic:icons/spells/disintegrate"},{"predicate":{"damaged":0,"damage":0.0857874519846},"model":"magic:icons/spells/blink"},{"predicate":{"damaged":0,"damage":0.0864276568502},"model":"magic:icons/spells/absorb"},{"predicate":{"damaged":0,"damage":0.0870678617157},"model":"magic:icons/spells/hat"},{"predicate":{"damaged":0,"damage":0.0877080665813},"model":"magic:icons/spells/wear"},{"predicate":{"damaged":0,"damage":0.0883482714469},"model":"magic:icons/spells/magichat"},{"predicate":{"damaged":0,"damage":0.0889884763124},"model":"magic:icons/spells/lava"},{"predicate":{"damaged":0,"damage":0.089628681178},"model":"magic:icons/spells/stream"},{"predicate":{"damaged":0,"damage":0.0902688860435},"model":"magic:icons/spells/earth"},{"predicate":{"damaged":0,"damage":0.0909090909091},"model":"magic:icons/spells/iterate"},{"predicate":{"damaged":0,"damage":0.0915492957746},"model":"magic:icons/spells/column"},{"predicate":{"damaged":0,"damage":0.0921895006402},"model":"magic:icons/spells/flamethrower"},{"predicate":{"damaged":0,"damage":0.0928297055058},"model":"magic:icons/spells/laser"},{"predicate":{"damaged":0,"damage":0.0934699103713},"model":"magic:icons/spells/shrink"},{"predicate":{"damaged":0,"damage":0.0941101152369},"model":"magic:icons/spells/grow"},{"predicate":{"damaged":0,"damage":0.0947503201024},"model":"magic:icons/spells/flare"},{"predicate":{"damaged":0,"damage":0.095390524968},"model":"magic:icons/spells/recall"},{"predicate":{"damaged":0,"damage":0.0960307298335},"model":"magic:icons/spells/levitate"},{"predicate":{"damaged":0,"damage":0.0966709346991},"model":"magic:icons/spells/force"},{"predicate":{"damaged":0,"damage":0.0973111395647},"model":"magic:icons/spells/dragonball"},{"predicate":{"damaged":0,"damage":0.0979513444302},"model":"magic:icons/spells/fireball"},{"predicate":{"damaged":0,"damage":0.0985915492958},"model":"magic:icons/spells/map"},{"predicate":{"damaged":0,"damage":0.0992317541613},"model":"magic:icons/spells/camera"},{"predicate":{"damaged":0,"damage":0.0998719590269},"model":"magic:icons/spells/tent"},{"predicate":{"damaged":0,"damage":0.100512163892},"model":"magic:icons/spells/cage"},{"predicate":{"damaged":0,"damage":0.101152368758},"model":"magic:icons/spells/wolfhouse"},{"predicate":{"damaged":0,"damage":0.101792573624},"model":"magic:icons/spells/blaster"},{"predicate":{"damaged":0,"damage":0.102432778489},"model":"magic:icons/spells/missile"},{"predicate":{"damaged":0,"damage":0.103072983355},"model":"magic:icons/spells/railgun"},{"predicate":{"damaged":0,"damage":0.10371318822},"model":"magic:icons/spells/fury"},{"predicate":{"damaged":0,"damage":0.104353393086},"model":"magic:icons/spells/homing"},{"predicate":{"damaged":0,"damage":0.104993597951},"model":"magic:icons/spells/chainlightning"},{"predicate":{"damaged":0,"damage":0.105633802817},"model":"magic:icons/spells/sticky"},{"predicate":{"damaged":0,"damage":0.106274007682},"model":"magic:icons/spells/blind"},{"predicate":{"damaged":0,"damage":0.106914212548},"model":"magic:icons/spells/pollinate"},{"predicate":{"damaged":0,"damage":0.107554417414},"model":"magic:icons/spells/broom"},{"predicate":{"damaged":0,"damage":0.108194622279},"model":"magic:icons/spells/paste"},{"predicate":{"damaged":0,"damage":0.108834827145},"model":"magic:icons/spells/kill"},{"predicate":{"damaged":0,"damage":0.10947503201},"model":"magic:icons/spells/superkill"},{"predicate":{"damaged":0,"damage":0.110115236876},"model":"magic:icons/spells/torture"},{"predicate":{"damaged":0,"damage":0.110755441741},"model":"magic:icons/spells/rubberize"},{"predicate":{"damaged":0,"damage":0.111395646607},"model":"magic:icons/spells/superfly"},{"predicate":{"damaged":0,"damage":0.112035851472},"model":"magic:icons/spells/petrify"},{"predicate":{"damaged":0,"damage":0.112676056338},"model":"magic:icons/spells/polymorph"},{"predicate":{"damaged":0,"damage":0.113316261204},"model":"magic:icons/spells/entangle"},{"predicate":{"damaged":0,"damage":0.113956466069},"model":"magic:icons/spells/wound"},{"predicate":{"damaged":0,"damage":0.114596670935},"model":"magic:icons/spells/stun"},{"predicate":{"damaged":0,"damage":0.1152368758},"model":"magic:icons/spells/poison"},{"predicate":{"damaged":0,"damage":0.115877080666},"model":"magic:icons/spells/lift"},{"predicate":{"damaged":0,"damage":0.116517285531},"model":"magic:icons/spells/admission"},{"predicate":{"damaged":0,"damage":0.117157490397},"model":"magic:icons/spells/secure"},{"predicate":{"damaged":0,"damage":0.117797695262},"model":"magic:icons/spells/lockpick"},{"predicate":{"damaged":0,"damage":0.118437900128},"model":"magic:icons/spells/harden"},{"predicate":{"damaged":0,"damage":0.119078104994},"model":"magic:icons/spells/sponge"},{"predicate":{"damaged":0,"damage":0.119718309859},"model":"magic:icons/spells/upgrades"},{"predicate":{"damaged":0,"damage":0.120358514725},"model":"magic:icons/spells/brushselect"},{"predicate":{"damaged":0,"damage":0.12099871959},"model":"magic:icons/spells/tracking"},{"predicate":{"damaged":0,"damage":0.121638924456},"model":"magic:icons/spells/singularity"},{"predicate":{"damaged":0,"damage":0.122279129321},"model":"magic:icons/spells/rocket"},{"predicate":{"damaged":0,"damage":0.122919334187},"model":"magic:icons/spells/tornado"},{"predicate":{"damaged":0,"damage":0.123559539052},"model":"magic:icons/spells/rainbow"},{"predicate":{"damaged":0,"damage":0.124199743918},"model":"magic:icons/spells/shuriken"},{"predicate":{"damaged":0,"damage":0.124839948784},"model":"magic:icons/spells/wave"},{"predicate":{"damaged":0,"damage":0.125480153649},"model":"magic:icons/spells/boomstown"},{"predicate":{"damaged":0,"damage":0.126120358515},"model":"magic:icons/spells/projectile"},{"predicate":{"damaged":0,"damage":0.12676056338},"model":"magic:icons/spells/whip"},{"predicate":{"damaged":0,"damage":0.127400768246},"model":"magic:icons/spells/fxdemo"},{"predicate":{"damaged":0,"damage":0.128040973111},"model":"magic:icons/spells/supergather"},{"predicate":{"damaged":0,"damage":0.128681177977},"model":"magic:icons/spells/randomtp"},{"predicate":{"damaged":0,"damage":0.129321382843},"model":"magic:icons/spells/glide"},{"predicate":{"damaged":0,"damage":0.129961587708},"model":"magic:icons/spells/webbing"},{"predicate":{"damaged":0,"damage":0.13060179257362},"model":"magic:icons/upgrades/chestmode"},{"predicate":{"damaged":0,"damage":0.131241997439},"model":"magic:icons/upgrades/chestmode"},{"predicate":{"damaged":0,"damage":0.131882202305},"model":"magic:icons/upgrades/quickcast_enable"},{"predicate":{"damaged":0,"damage":0.13252240717},"model":"magic:icons/upgrades/quickcast_disable"},{"predicate":{"damaged":0,"damage":0.133162612036},"model":"magic:icons/upgrades/quickcast_manual"},{"predicate":{"damaged":0,"damage":0.133802816901},"model":"magic:icons/upgrades/quickcast_normal"},{"predicate":{"damaged":0,"damage":0.134443021767},"model":"magic:icons/upgrades/mode_drop"},{"predicate":{"damaged":0,"damage":0.135083226633},"model":"magic:icons/upgrades/mode_rightclick"},{"predicate":{"damaged":0,"damage":0.135723431498},"model":"magic:icons/upgrades/mode_sword"},{"predicate":{"damaged":0,"damage":0.136363636364},"model":"magic:icons/upgrades/mode_swap"},{"predicate":{"damaged":0,"damage":0.137003841229},"model":"magic:icons/upgrades/inventorymode"},{"predicate":{"damaged":0,"damage":0.137644046095},"model":"magic:icons/upgrades/cyclemode"},{"predicate":{"damaged":0,"damage":0.13828425096},"model":"magic:icons/upgrades/organizer"},{"predicate":{"damaged":0,"damage":0.138924455826},"model":"magic:icons/upgrades/alphabetizer"},{"predicate":{"damaged":0,"damage":0.139564660691},"model":"magic:icons/upgrades/loud"},{"predicate":{"damaged":0,"damage":0.140204865557},"model":"magic:icons/upgrades/quiet"},{"predicate":{"damaged":0,"damage":0.140845070423},"model":"magic:icons/upgrades/silent"},{"predicate":{"damaged":0,"damage":0.141485275288},"model":"magic:icons/upgrades/hotbar1"},{"predicate":{"damaged":0,"damage":0.142125480154},"model":"magic:icons/upgrades/hotbar2"},{"predicate":{"damaged":0,"damage":0.142765685019},"model":"magic:icons/upgrades/hotbar3"},{"predicate":{"damaged":0,"damage":0.143405889885},"model":"magic:icons/upgrades/undroppable"},{"predicate":{"damaged":0,"damage":0.14404609475},"model":"magic:icons/upgrades/antihunger"},{"predicate":{"damaged":0,"damage":0.144686299615877},"model":"magic:icons/spells/feather"},{"predicate":{"damaged":0,"damage":0.145326504481434},"model":"magic:icons/spells/purpleblast"},{"predicate":{"damaged":0,"damage":0.145966709346991},"model":"magic:icons/spells/light"},{"predicate":{"damaged":0,"damage":0.146606914212548},"model":"magic:icons/spells/spider"},{"predicate":{"damaged":0,"damage":0.147247119078105},"model":"magic:icons/spells/vanish"},{"predicate":{"damaged":0,"damage":0.147887323943662},"model":"magic:icons/spells/trash"},{"predicate":{"damaged":0,"damage":0.148527528809219},"model":"magic:icons/spells/extinguish"},{"predicate":{"damaged":0,"damage":0.149167733674776},"model":"magic:icons/spells/wand"},{"predicate":{"damaged":0,"damage":0.149807938540333},"model":"magic:icons/spells/protection_all"},{"predicate":{"damaged":0,"damage":0.15044814340589},"model":"magic:icons/spells/protection_explosions"},{"predicate":{"damaged":0,"damage":0.151088348271447},"model":"magic:icons/spells/protection_falling"},{"predicate":{"damaged":0,"damage":0.151728553137004},"model":"magic:icons/spells/protection_fire"},{"predicate":{"damaged":0,"damage":0.152368758002561},"model":"magic:icons/spells/protection_physical"},{"predicate":{"damaged":0,"damage":0.153008962868118},"model":"magic:icons/spells/protection_projectiles"},{"predicate":{"damaged":0,"damage":0.153649167733675},"model":"magic:icons/spells/sharpen_sword"},{"predicate":{"damaged":0,"damage":0.154289372599232},"model":"magic:icons/spells/airscooter"},{"predicate":{"damaged":0,"damage":0.15492957746478872},"model":"magic:icons/spells/arrow2"},{"predicate":{"damaged":0,"damage":0.1555697823303457},"model":"magic:icons/spells/arrow3"},{"predicate":{"damaged":0,"damage":0.15620998719590268},"model":"magic:icons/spells/arrow4"},{"predicate":{"damaged":0,"damage":0.15685019206145967},"model":"magic:icons/spells/arrow5"},{"predicate":{"damaged":0,"damage":0.15749039692701663},"model":"magic:icons/spells/arrow6"},{"predicate":{"damaged":0,"damage":0.15813060179257363},"model":"magic:icons/spells/arrow7"},{"predicate":{"damaged":0,"damage":0.1587708066581306},"model":"magic:icons/spells/arrow8"},{"predicate":{"damaged":0,"damage":0.15941101152368758},"model":"magic:icons/spells/arrow9"},{"predicate":{"damaged":0,"damage":0.16005121638924455},"model":"magic:icons/spells/arrow10"},{"predicate":{"damaged":0,"damage":0.160691421254802},"model":"magic:icons/spells/capture"},{"predicate":{"damaged":0,"damage":0.161331626120359},"model":"magic:icons/generic/up_arrow"},{"predicate":{"damaged":0,"damage":0.161971830985915},"model":"magic:icons/generic/down_arrow"},{"predicate":{"damaged":0,"damage":0.162612035851472},"model":"magic:icons/generic/black"},{"predicate":{"damaged":0,"damage":0.163252240717029},"model":"magic:icons/attributes/constitution"},{"predicate":{"damaged":0,"damage":0.163892445582586},"model":"magic:icons/attributes/dexterity"},{"predicate":{"damaged":0,"damage":0.164532650448143},"model":"magic:icons/attributes/intelligence"},{"predicate":{"damaged":0,"damage":0.1651728553137},"model":"magic:icons/attributes/luck"},{"predicate":{"damaged":0,"damage":0.165813060179257},"model":"magic:icons/attributes/strength"},{"predicate":{"damaged":0,"damage":0.166453265044814},"model":"magic:icons/attributes/wisdom"},{"predicate":{"damaged":0,"damage":0.167093469910371},"model":"magic:icons/classes/cleric"},{"predicate":{"damaged":0,"damage":0.167733674775928},"model":"magic:icons/classes/fighter"},{"predicate":{"damaged":0,"damage":0.168373879641485},"model":"magic:icons/classes/ranger"},{"predicate":{"damaged":0,"damage":0.169014084507042},"model":"magic:icons/classes/rogue"},{"predicate":{"damaged":0,"damage":0.169654289372599},"model":"magic:icons/classes/wizard"},{"predicate":{"damaged":0,"damage":0.170294494238156},"model":"magic:icons/generic/reset"},{"predicate":{"damaged":0,"damage":0.170934699103713},"model":"magic:icons/classes/barbarian"},{"predicate":{"damaged":0,"damage":0.17157490396927},"model":"magic:icons/classes/bard"},{"predicate":{"damaged":0,"damage":0.172215108834827},"model":"magic:icons/classes/druid"},{"predicate":{"damaged":0,"damage":0.172855313700384},"model":"magic:icons/classes/monk"},{"predicate":{"damaged":0,"damage":0.173495518565941},"model":"magic:icons/classes/paladin"},{"predicate":{"damaged":0,"damage":0.174135723431498},"model":"magic:icons/classes/sorcerer"},{"predicate":{"damaged":0,"damage":0.174775928297055},"model":"magic:icons/classes/warlock"},{"predicate":{"damaged":0,"damage":0.175416133162612},"model":"magic:icons/classes/artificer"},{"predicate":{"damaged":0,"damage":0.176056338028169},"model":"magic:icons/generic/gray"},{"predicate":{"damaged":0,"damage":0.176696542893726},"model":"magic:icons/races/human"},{"predicate":{"damaged":0,"damage":0.177336747759283},"model":"magic:icons/races/elf"},{"predicate":{"damaged":0,"damage":0.17797695262484},"model":"magic:icons/races/gnome"},{"predicate":{"damaged":0,"damage":0.178617157490397},"model":"magic:icons/races/dwarf"},{"predicate":{"damaged":0,"damage":0.179257362355954},"model":"magic:icons/races/halfling"},{"predicate":{"damaged":1,"damage":0},"model":"item/diamond_axe"},{"predicate":{"custom_model_data":10000},"model":"iasurvival:ia_auto_gen/bronze_axe"},{"predicate":{"custom_model_data":10001},"model":"iasurvival:ia_auto_gen/ruby_axe"},{"predicate":{"custom_model_data":10002},"model":"iasurvival:ia_auto_gen/dark_amethyst_axe"},{"predicate":{"custom_model_data":10003},"model":"elitecreatures:asura_animated_weapon/axe"},{"predicate":{"custom_model_data":10004},"model":"elitecreatures:asura_animated_weapon/battle_axe"},{"predicate":{"custom_model_data":10005},"model":"warden_set:ia_auto_gen/warden_axe"},{"predicate":{"custom_model_data":10006},"model":"mimix:tools/phantom_axe"},{"predicate":{"custom_model_data":10007},"model":"elitecreatures:goblin_assortment/goblin_axe"},{"predicate":{"custom_model_data":10008},"model":"dragon_items:ia_auto_gen/dragon_axe"},{"predicate":{"custom_model_data":10009},"model":"elitecreatures:vinland_animated_weapon/axe"},{"predicate":{"custom_model_data":10010},"model":"godofwar:godofwar/chaosblade"},{"predicate":{"custom_model_data":10011},"model":"godofwar:godofwar/leviathan"},{"predicate":{"custom_model_data":10012},"model":"jeqo:cyber_set/blue/cyber_axe"},{"predicate":{"custom_model_data":10013},"model":"amethyst_armor_set:ia_auto_gen/amethyst_axe"},{"predicate":{"custom_model_data":10014},"model":"jeqo:cyber_set/cyber_axe"},{"predicate":{"custom_model_data":10015},"model":"jeqo:cyber_set/red/cyber_axe"},{"predicate":{"custom_model_data":10016},"model":"jeqo:cyber_set/pink/cyber_axe"},{"predicate":{"custom_model_data":10017},"model":"jeqo:cyber_set/green/cyber_axe"},{"predicate":{"custom_model_data":10018},"model":"jeqo:cyber_set/gold/cyber_axe"},{"predicate":{"custom_model_data":10019},"model":"aqua_dragon_set:ia_auto_gen/aqua_axe"},{"predicate":{"custom_model_data":10023},"model":"frighten_set:frighten_set/axe"},{"predicate":{"custom_model_data":10024},"model":"bonekeeper_set:bonekeeper_set/axe"},{"predicate":{"custom_model_data":10025},"model":"jeqo:dragon_set/black/black_dragon_axe"},{"predicate":{"custom_model_data":10026},"model":"jeqo:dragon_set/blue/blue_dragon_axe"},{"predicate":{"custom_model_data":10027},"model":"jeqo:dragon_set/green/green_dragon_axe"},{"predicate":{"custom_model_data":10028},"model":"jeqo:dragon_set/orange/orange_dragon_axe"},{"predicate":{"custom_model_data":10029},"model":"jeqo:dragon_set/purple/purple_dragon_axe"},{"predicate":{"custom_model_data":10030},"model":"jeqo:dragon_set/red/red_dragon_axe"},{"predicate":{"custom_model_data":10031},"model":"elitecreatures:rogue_assortment/rogue_axe"},{"predicate":{"custom_model_data":10032},"model":"elitecreatures:rogue_assortment/rogue_battle_axe"},{"predicate":{"custom_model_data":10033},"model":"elitecreatures:necromancer_assortment/axe"},{"predicate":{"custom_model_data":10034},"model":"elitecreatures:yggdrasil_animated/axe"},{"predicate":{"custom_model_data":10035},"model":"elitecreatures:mage_assortment/mage_axe"},{"predicate":{"custom_model_data":10036},"model":"elitecreatures:mage_assortment/mage_hammer"},{"predicate":{"custom_model_data":39001},"model":"custom/weapons/gronckle_axe"},{"predicate":{"custom_model_data":39010},"model":"custom/weapons/stormcutterstaff"},{"predicate":{"custom_model_data":39011},"model":"item/diamond_axe"}]}