{"parent":"minecraft:item/handheld","textures":{"layer0":"minecraft:item/iron_pickaxe"},"overrides":[{"predicate":{"custom_model_data":10000},"model":"iasurvival:ia_auto_gen/ruby_pickaxe"},{"predicate":{"custom_model_data":10001},"model":"mysticcyanset:pickaxe"},{"predicate":{"custom_model_data":10002},"model":"azureset:pickaxe"},{"predicate":{"custom_model_data":10003},"model":"beatsset:pickaxe"},{"predicate":{"custom_model_data":10004},"model":"protocalset:pickaxe"},{"predicate":{"custom_model_data":10005},"model":"infernoset:pickaxe"},{"predicate":{"custom_model_data":10006},"model":"ufoset:pickaxe"},{"predicate":{"custom_model_data":10007},"model":"arcanistset:pickaxe"},{"predicate":{"custom_model_data":10008},"model":"littledragonset:pickaxe"},{"predicate":{"custom_model_data":10009},"model":"akiraset:pickaxe"},{"predicate":{"custom_model_data":10010},"model":"elitecreatures:king_arthur_animated_weapon_set/pickaxe"},{"predicate":{"custom_model_data":10010},"model":"elitecreatures:king_arthur_animated_weapon_set/pickaxe"},{"predicate":{"custom_model_data":10011},"model":"noraset:pickaxe"},{"predicate":{"custom_model_data":10012},"model":"elitecreatures:azgad_weapon/pickaxe"},{"predicate":{"custom_model_data":10013},"model":"thunderboltset:pickaxe"},{"predicate":{"custom_model_data":10014},"model":"wither:pickaxe"},{"predicate":{"custom_model_data":10015},"model":"fiendskullset:pickaxe"},{"predicate":{"custom_model_data":10016},"model":"radiance_collection:pickaxe"},{"predicate":{"custom_model_data":10017},"model":"camillaset:pickaxe"},{"predicate":{"custom_model_data":10018},"model":"bonitaset:pickaxe"},{"predicate":{"custom_model_data":10019},"model":"ice_set:ia_auto_gen/ice_pickaxe"},{"predicate":{"custom_model_data":10020},"model":"elitecreatures:pink_legacy_animated_weapon_set/pickaxe"},{"predicate":{"custom_model_data":10021},"model":"elitecreatures:headlesshorseman_animated_weapon_set/pickaxe"},{"predicate":{"custom_model_data":10022},"model":"oceanset:pickaxe"},{"predicate":{"custom_model_data":10023},"model":"elitecreatures:ghostly_animated_weapon_set/pickaxe"},{"predicate":{"custom_model_data":10024},"model":"gem_set:blue_gem_pickaxe"},{"predicate":{"custom_model_data":10025},"model":"gem_set:gray_gem_pickaxe"},{"predicate":{"custom_model_data":10026},"model":"gem_set:green_gem_pickaxe"},{"predicate":{"custom_model_data":10027},"model":"gem_set:pink_gem_pickaxe"},{"predicate":{"custom_model_data":10028},"model":"gem_set:purple_gem_pickaxe"},{"predicate":{"custom_model_data":10029},"model":"gem_set:red_gem_pickaxe"},{"predicate":{"custom_model_data":10030},"model":"elitecreatures:knight_animated_weapon_set/pickaxe"},{"predicate":{"custom_model_data":10031},"model":"elitecreatures:mad_hatter_animated_weapon_set/pickaxe"},{"predicate":{"custom_model_data":10032},"model":"elitecreatures:pickaxe"},{"predicate":{"custom_model_data":10033},"model":"elitecreatures:berserker_animated_weapon_set/pickaxe"},{"predicate":{"custom_model_data":10034},"model":"elitecreatures:nature_goddess_animated_weapon_set/pickaxe"},{"predicate":{"custom_model_data":10035},"model":"nexusset:pickaxe"},{"predicate":{"custom_model_data":10036},"model":"df:ia_auto_gen/copper_pickaxe"},{"predicate":{"custom_model_data":10037},"model":"tools_armors_pack:ia_auto_gen/iridium_pickaxe"},{"predicate":{"custom_model_data":10038},"model":"tools_armors_pack:ia_auto_gen/malachite_pickaxe"},{"predicate":{"custom_model_data":10039},"model":"tools_armors_pack:ia_auto_gen/amber_pickaxe"},{"predicate":{"custom_model_data":10040},"model":"tools_armors_pack:ia_auto_gen/amethyst_pickaxe"},{"predicate":{"custom_model_data":10041},"model":"tools_armors_pack:ia_auto_gen/mythril_pickaxe"},{"predicate":{"custom_model_data":10042},"model":"tools_armors_pack:ia_auto_gen/silver_pickaxe"},{"predicate":{"custom_model_data":10043},"model":"tools_armors_pack:ia_auto_gen/jade_pickaxe"},{"predicate":{"custom_model_data":10044},"model":"tools_armors_pack:ia_auto_gen/ruby_pickaxe"},{"predicate":{"custom_model_data":10045},"model":"elitecreatures:darkflame_animated_weapon_set/pickaxe"},{"predicate":{"custom_model_data":10046},"model":"blaze_pack:pickaxe"},{"predicate":{"custom_model_data":10047},"model":"dragonstone_guardians:pickaxe"},{"predicate":{"custom_model_data":10048},"model":"elitecreatures:steampunk_ice_animated_weapon_set_v1/steamice_pickaxe"},{"predicate":{"custom_model_data":10049},"model":"violetset:pickaxe"},{"predicate":{"custom_model_data":18001},"model":"magic:icons/spells/mine"},{"predicate":{"custom_model_data":18002},"model":"magic:icons_disabled/spells/mine"},{"predicate":{"custom_model_data":4390016},"model":"elitecreatures:diablo_weapon_set/pickaxe"},{"predicate":{"custom_model_data":6890004},"model":"solar_noir:ia_auto_gen/solar_noir_drill"},{"predicate":{"custom_model_data":6890005},"model":"item/iron_pickaxe"}]}