{"credit":"MadewithBlockbench","texture_size":[32,32],"textures":{"0":"elitecreatures:toy_furniture_v1/toy_spaceship","particle":"elitecreatures:toy_furniture_v1/toy_spaceship"},"elements":[{"from":[0.99,0.49,9.99],"to":[4.01,3.51,14.01],"rotation":{"angle":0,"axis":"y","origin":[0,-0.5,0]},"faces":{"east":{"uv":[5,6,7,7.5],"texture":"#0"},"south":{"uv":[9,6,10.5,7.5],"texture":"#0"},"west":{"uv":[7,6,9,7.5],"texture":"#0"},"up":{"uv":[6.5,9.5,5,7.5],"texture":"#0"},"down":{"uv":[8,7.5,6.5,9.5],"texture":"#0"}}},{"from":[5.5,3.5,1.25],"to":[10.5,5.5,10.25],"rotation":{"angle":0,"axis":"y","origin":[0,-0.5,0]},"faces":{"north":{"uv":[0,11.25,3,12.25],"texture":"#0"},"east":{"uv":[4.5,10,0,11],"texture":"#0"},"south":{"uv":[3,11.25,6,12.25],"texture":"#0"},"west":{"uv":[0,10,4.5,11],"texture":"#0"},"up":{"uv":[7.75,4.5,5.25,0],"texture":"#0"}}},{"from":[-0.21867,3.501,-1.5575],"to":[3.31486,5.499,1.97603],"rotation":{"angle":45,"axis":"y","origin":[6.03033,-0.5,-7.0585]},"faces":{"north":{"uv":[10.5,6.25,12.25,7.25],"texture":"#0"},"east":{"uv":[12.25,6.25,10.5,7.25],"texture":"#0"},"south":{"uv":[4.5,10,0,11],"texture":"#0"},"west":{"uv":[3,11.25,6,12.25],"texture":"#0"},"up":{"uv":[12.25,6.25,10.5,4.5],"rotation":90,"texture":"#0"}}},{"from":[5.5,0.5,10.25],"to":[10.5,5.5,12.25],"rotation":{"angle":0,"axis":"y","origin":[0,-0.5,0]},"faces":{"north":{"uv":[0,11.25,3,12.25],"texture":"#0"},"east":{"uv":[15.75,5.5,14.75,8],"texture":"#0"},"south":{"uv":[12.25,5.5,14.75,8],"texture":"#0"},"west":{"uv":[14.75,5.5,15.75,8],"texture":"#0"},"up":{"uv":[14.75,5.5,12.25,4.5],"texture":"#0"},"down":{"uv":[12.25,8,14.75,9],"texture":"#0"}}},{"from":[5,0,1.25],"to":[11,0.5,10.25],"rotation":{"angle":0,"axis":"y","origin":[0,-0.5,0]},"faces":{"north":{"uv":[0,12.25,3,12.5],"texture":"#0"},"east":{"uv":[0,11,4.5,11.25],"texture":"#0"},"south":{"uv":[0,12.25,3,12.5],"texture":"#0"},"west":{"uv":[4.5,11,0,11.25],"texture":"#0"},"down":{"uv":[11,0,8,4.5],"texture":"#0"}}},{"from":[3.39298,0.498,-0.87968],"to":[9.04984,3.5,4.77717],"rotation":{"angle":-45,"axis":"y","origin":[7.04884,1.499,4.12132]},"faces":{"north":{"uv":[13.5,2.5,11,4],"texture":"#0"},"west":{"uv":[11,2.5,13.5,4],"texture":"#0"},"up":{"uv":[13.5,2.5,11,0],"texture":"#0"},"down":{"uv":[16,0,13.5,2.5],"texture":"#0"}}},{"from":[4,0.5,2],"to":[9,3.5,13],"rotation":{"angle":-45,"axis":"y","origin":[4,1.5,2]},"faces":{"south":{"uv":[8,7.5,10.5,9],"texture":"#0"},"west":{"uv":[5,4.5,10.5,6],"texture":"#0"},"up":{"uv":[2.5,5.5,0,0],"texture":"#0"},"down":{"uv":[5,0,2.5,5.5],"texture":"#0"}}},{"from":[11.99,0.49,9.99],"to":[15.01,3.51,14.01],"rotation":{"angle":0,"axis":"y","origin":[16,-0.5,0]},"faces":{"east":{"uv":[9,6,7,7.5],"texture":"#0"},"south":{"uv":[10.5,6,9,7.5],"texture":"#0"},"west":{"uv":[7,6,5,7.5],"texture":"#0"},"up":{"uv":[5,9.5,6.5,7.5],"texture":"#0"},"down":{"uv":[6.5,7.5,8,9.5],"texture":"#0"}}},{"from":[6.95075,0.501,10.52182],"to":[16.94875,3.499,14.01982],"rotation":{"angle":-22.5,"axis":"y","origin":[16.94975,1.5,14.02082]},"faces":{"east":{"uv":[6.5,9.5,5,11],"texture":"#0"},"south":{"uv":[5,5.5,0,7],"texture":"#0"},"up":{"uv":[0,10,5,8.5],"texture":"#0"},"down":{"uv":[0,7,5,8.5],"texture":"#0"}}},{"from":[7,0.5,2],"to":[12,3.5,13],"rotation":{"angle":45,"axis":"y","origin":[12,1.5,2]},"faces":{"east":{"uv":[10.5,4.5,5,6],"texture":"#0"},"south":{"uv":[10.5,7.5,8,9],"texture":"#0"},"up":{"uv":[0,5.5,2.5,0],"texture":"#0"},"down":{"uv":[2.5,0,5,5.5],"texture":"#0"}}},{"from":[-0.94875,0.501,10.52182],"to":[9.04925,3.499,14.01982],"rotation":{"angle":22.5,"axis":"y","origin":[-0.94975,1.5,14.02082]},"faces":{"south":{"uv":[0,5.5,5,7],"texture":"#0"},"west":{"uv":[5,9.5,6.5,11],"texture":"#0"},"up":{"uv":[5,10,0,8.5],"texture":"#0"},"down":{"uv":[5,7,0,8.5],"texture":"#0"}}}],"gui_light":"front","display":{"thirdperson_righthand":{"rotation":[67.5,0,0],"translation":[0,2.25,1.5],"scale":[0.42344,0.42344,0.42344]},"thirdperson_lefthand":{"rotation":[67.5,0,0],"translation":[0,2.25,1.5],"scale":[0.42344,0.42344,0.42344]},"firstperson_righthand":{"translation":[1.25,6.25,0],"scale":[0.59375,0.59375,0.59375]},"firstperson_lefthand":{"translation":[1.25,6.25,0],"scale":[0.59375,0.59375,0.59375]},"ground":{"translation":[0,6,0],"scale":[0.6,0.6,0.6]},"gui":{"rotation":[35,135,0],"translation":[-1.25,3.5,0],"scale":[0.8,0.8,0.8]},"head":{"rotation":[0,-180,0],"translation":[0,-30.4,0],"scale":[1.6,1.6,1.6]},"fixed":{"rotation":[-90,0,0],"translation":[0,4,-16],"scale":[2,2,2]}},"groups":[{"name":"root","origin":[8,8,8],"color":0,"children":[0,1,2,3,4,5,6,7,8,9,10]}]}