{"credit":"Made with Blockbench","texture_size":[64,64],"textures":{"0":"lunar_studios:ibarysta/mirror_swords/mirror_sword_gold","particle":"lunar_studios:ibarysta/mirror_swords/mirror_sword_gold"},"elements":[{"from":[7.35,-9.4,7.35],"to":[8.65,-4.1,8.65],"rotation":{"angle":45,"axis":"y","origin":[8,-9,8]},"faces":{"north":{"uv":[5,5.5,5.25,6.75],"texture":"#0"},"east":{"uv":[5.25,5.5,5.5,6.75],"texture":"#0"},"south":{"uv":[5.5,5.5,5.75,6.75],"texture":"#0"},"west":{"uv":[5.75,1,6,2.25],"texture":"#0"},"up":{"uv":[6,4.5,5.75,4.25],"texture":"#0"},"down":{"uv":[5.75,6.75,5.5,7],"texture":"#0"}}},{"from":[7.1,-2.9,7.1],"to":[8.9,-2.1,8.9],"rotation":{"angle":45,"axis":"y","origin":[8,-2.75,8]},"faces":{"north":{"uv":[6,2,6.5,2.25],"texture":"#0"},"east":{"uv":[7.25,7,7.75,7.25],"texture":"#0"},"south":{"uv":[7.5,3.25,8,3.5],"texture":"#0"},"west":{"uv":[7.5,3.5,8,3.75],"texture":"#0"},"up":{"uv":[6.5,2,6,1.5],"texture":"#0"},"down":{"uv":[6.5,4.25,6,4.75],"texture":"#0"}}},{"from":[7.1,-12.4,7.1],"to":[8.9,-11.1,8.9],"rotation":{"angle":45,"axis":"y","origin":[8,-6,8]},"faces":{"north":{"uv":[6.5,5.5,7,5.875],"texture":"#0"},"east":{"uv":[5.75,6.5,6.25,6.875],"texture":"#0"},"south":{"uv":[6.25,6.5,6.75,6.875],"texture":"#0"},"west":{"uv":[6.75,0,7.25,0.375],"texture":"#0"},"up":{"uv":[6.5,5.25,6,4.75],"texture":"#0"},"down":{"uv":[6.25,6,5.75,6.5],"texture":"#0"}}},{"from":[7.25,-11.25,7.25],"to":[8.75,-9.25,8.75],"rotation":{"angle":45,"axis":"y","origin":[8,-6,8]},"faces":{"north":{"uv":[6.75,0.5,7.125,1],"texture":"#0"},"east":{"uv":[6.75,1,7.125,1.5],"texture":"#0"},"south":{"uv":[4,6.75,4.375,7.25],"texture":"#0"},"west":{"uv":[4.5,6.75,4.875,7.25],"texture":"#0"},"up":{"uv":[1.875,7.625,1.5,7.25],"texture":"#0"},"down":{"uv":[2.375,7.25,2,7.625],"texture":"#0"}}},{"from":[7.25,-4.25,7.25],"to":[8.75,-2.75,8.75],"rotation":{"angle":45,"axis":"y","origin":[8,-4,8]},"faces":{"north":{"uv":[2.5,7.25,2.875,7.625],"texture":"#0"},"east":{"uv":[3,7.25,3.375,7.625],"texture":"#0"},"south":{"uv":[3.5,7.25,3.875,7.625],"texture":"#0"},"west":{"uv":[4,7.25,4.375,7.625],"texture":"#0"},"up":{"uv":[4.875,7.625,4.5,7.25],"texture":"#0"},"down":{"uv":[5.375,7.25,5,7.625],"texture":"#0"}}},{"from":[6.7,-13.95,6.35],"to":[9.3,-11.85,8.45],"rotation":{"angle":45,"axis":"x","origin":[8,-13.5,8]},"faces":{"north":{"uv":[5.75,2.25,6.375,2.75],"texture":"#0"},"east":{"uv":[4,6.25,4.5,6.75],"texture":"#0"},"south":{"uv":[5.75,2.75,6.375,3.25],"texture":"#0"},"west":{"uv":[4.5,6.25,5,6.75],"texture":"#0"},"up":{"uv":[6.375,3.75,5.75,3.25],"texture":"#0"},"down":{"uv":[6.375,3.75,5.75,4.25],"texture":"#0"}}},{"from":[6.7,1.7,0.7],"to":[9.3,3.8,2.8],"rotation":{"angle":-45,"axis":"x","origin":[8,9,8]},"faces":{"north":{"uv":[5.75,5.5,6.375,6],"texture":"#0"},"east":{"uv":[6.25,6,6.75,6.5],"texture":"#0"},"south":{"uv":[6,0,6.625,0.5],"texture":"#0"},"west":{"uv":[6.5,1.5,7,2],"texture":"#0"},"up":{"uv":[6.625,1,6,0.5],"texture":"#0"},"down":{"uv":[6.625,1,6,1.5],"texture":"#0"}}},{"from":[7,21.75,21],"to":[9,23.75,23],"rotation":{"angle":-45,"axis":"x","origin":[8,8.75,8]},"faces":{"north":{"uv":[6.5,2,7,2.5],"texture":"#0"},"east":{"uv":[6.5,2.5,7,3],"texture":"#0"},"south":{"uv":[6.5,3,7,3.5],"texture":"#0"},"west":{"uv":[6.5,3.5,7,4],"texture":"#0"},"up":{"uv":[7,4.5,6.5,4],"texture":"#0"},"down":{"uv":[7,4.5,6.5,5],"texture":"#0"}}},{"from":[7,14.6,17.95],"to":[9,16.1,19.45],"rotation":{"angle":-45,"axis":"x","origin":[8,10.15,7.65]},"faces":{"north":{"uv":[5,6.75,5.5,7.125],"texture":"#0"},"east":{"uv":[7.25,6,7.625,6.375],"texture":"#0"},"south":{"uv":[6.75,6,7.25,6.375],"texture":"#0"},"west":{"uv":[6.5,7.25,6.875,7.625],"texture":"#0"},"up":{"uv":[7.25,6.875,6.75,6.5],"texture":"#0"},"down":{"uv":[7.5,1.5,7,1.875],"texture":"#0"}}},{"from":[8,-1.25,4],"to":[8,27.75,12],"rotation":{"angle":0,"axis":"y","origin":[8,0.16117,8]},"faces":{"north":{"uv":[16,0,16,7.25],"texture":"#0"},"east":{"uv":[0,0,2,7.25],"texture":"#0"},"south":{"uv":[16,0,16,7.25],"texture":"#0"},"west":{"uv":[2,0,0,7.25],"texture":"#0"},"up":{"uv":[16,2,16,0],"texture":"#0"},"down":{"uv":[16,0,16,2],"texture":"#0"}}},{"from":[7.35,0.67538,11.42843],"to":[8.65,2.47538,12.22843],"rotation":{"angle":0,"axis":"y","origin":[8,1.57538,10.82843]},"faces":{"north":{"uv":[7,2,7.375,2.5],"texture":"#0"},"east":{"uv":[5.5,1,5.75,1.5],"texture":"#0"},"south":{"uv":[7,2.5,7.375,3],"texture":"#0"},"west":{"uv":[0.5,7.5,0.75,8],"texture":"#0"},"up":{"uv":[7.875,5.5,7.5,5.25],"texture":"#0"},"down":{"uv":[5.875,7.5,5.5,7.75],"texture":"#0"}}},{"from":[7.25,1.65963,11.40335],"to":[8.75,3.65963,12.40335],"rotation":{"angle":22.5,"axis":"x","origin":[8,2.45963,12.00335]},"faces":{"north":{"uv":[7,3,7.375,3.5],"texture":"#0"},"east":{"uv":[7.5,3.75,7.75,4.25],"texture":"#0"},"south":{"uv":[7,3.5,7.375,4],"texture":"#0"},"west":{"uv":[7.5,4.25,7.75,4.75],"texture":"#0"},"up":{"uv":[7.875,5.75,7.5,5.5],"texture":"#0"},"down":{"uv":[7.875,7.25,7.5,7.5],"texture":"#0"}}},{"from":[6.7,0.6,-0.4],"to":[9.3,1.7,0.7],"rotation":{"angle":-45,"axis":"x","origin":[8,9,8]},"faces":{"north":{"uv":[7,5.75,7.625,6],"texture":"#0"},"east":{"uv":[4.5,7.75,4.75,8],"texture":"#0"},"south":{"uv":[6.5,7,7.125,7.25],"texture":"#0"},"west":{"uv":[4.75,7.75,5,8],"texture":"#0"},"up":{"uv":[0.625,7.5,0,7.25],"texture":"#0"},"down":{"uv":[7.875,0,7.25,0.25],"texture":"#0"}}},{"from":[7,-2.80591,8.73097],"to":[9,-1.30591,10.23097],"rotation":{"angle":22.5,"axis":"x","origin":[8,-1.85591,9.48097]},"faces":{"north":{"uv":[7,4,7.5,4.375],"texture":"#0"},"east":{"uv":[7.25,6.5,7.625,6.875],"texture":"#0"},"south":{"uv":[7,4.5,7.5,4.875],"texture":"#0"},"west":{"uv":[7,7.25,7.375,7.625],"texture":"#0"},"up":{"uv":[7.5,5.625,7,5.25],"texture":"#0"},"down":{"uv":[6,7,5.5,7.375],"texture":"#0"}}},{"from":[7.25,-1.70158,8.75],"to":[8.75,-1.20158,12.75],"rotation":{"angle":-22.5,"axis":"x","origin":[8,-1.95158,9.25]},"faces":{"north":{"uv":[5.5,7.75,5.875,7.875],"texture":"#0"},"east":{"uv":[7.5,4.75,8.5,4.875],"texture":"#0"},"south":{"uv":[7.75,5.75,8.125,5.875],"texture":"#0"},"west":{"uv":[7.5,5,8.5,5.125],"texture":"#0"},"up":{"uv":[5.375,5.5,5,4.5],"texture":"#0"},"down":{"uv":[4.375,5.25,4,6.25],"texture":"#0"}}},{"from":[7.25,-1.05158,9.25],"to":[8.75,-0.05158,13.25],"rotation":{"angle":-22.5,"axis":"x","origin":[8,-1.95158,9.25]},"faces":{"north":{"uv":[7.5,7.5,7.875,7.75],"texture":"#0"},"east":{"uv":[6,5.25,7,5.5],"texture":"#0"},"south":{"uv":[1.5,7.75,1.875,8],"texture":"#0"},"west":{"uv":[6.5,5,7.5,5.25],"texture":"#0"},"up":{"uv":[5.875,1,5.5,0],"texture":"#0"},"down":{"uv":[5.875,4.5,5.5,5.5],"texture":"#0"}}},{"from":[7.35,13.77462,10.82843],"to":[8.65,19.57462,11.87843],"rotation":{"angle":0,"axis":"y","origin":[8,21.67462,10.57843]},"faces":{"north":{"uv":[4.5,1.75,4.875,3.25],"texture":"#0"},"east":{"uv":[4.5,3.25,4.875,4.75],"texture":"#0"},"south":{"uv":[4.5,4.75,4.875,6.25],"texture":"#0"},"west":{"uv":[5,0,5.375,1.5],"texture":"#0"},"up":{"uv":[0.375,7.875,0,7.5],"texture":"#0"},"down":{"uv":[7.875,0.75,7.5,1.125],"texture":"#0"}}},{"from":[7.25,18.92462,10.97843],"to":[8.75,19.92462,12.47843],"rotation":{"angle":-22.5,"axis":"x","origin":[8,19.17462,11.97843]},"faces":{"north":{"uv":[2,7.75,2.375,8],"texture":"#0"},"east":{"uv":[2.5,7.75,2.875,8],"texture":"#0"},"south":{"uv":[3,7.75,3.375,8],"texture":"#0"},"west":{"uv":[3.5,7.75,3.875,8],"texture":"#0"},"up":{"uv":[7.875,1.625,7.5,1.25],"texture":"#0"},"down":{"uv":[7.875,1.75,7.5,2.125],"texture":"#0"}}},{"from":[7.25,20.94278,9.762],"to":[8.75,27.94278,11.012],"rotation":{"angle":-22.5,"axis":"x","origin":[8,24.04278,8.712]},"faces":{"north":{"uv":[4,0,4.375,1.75],"texture":"#0"},"east":{"uv":[4,1.75,4.375,3.5],"texture":"#0"},"south":{"uv":[4,3.5,4.375,5.25],"texture":"#0"},"west":{"uv":[4.5,0,4.875,1.75],"texture":"#0"},"up":{"uv":[7.875,2.625,7.5,2.25],"texture":"#0"},"down":{"uv":[7.875,2.75,7.5,3.125],"texture":"#0"}}},{"from":[6.75,-1.84594,8.04289],"to":[9.25,0.90406,9.04289],"rotation":{"angle":22.5,"axis":"x","origin":[8,-0.54594,7.29289]},"faces":{"north":{"uv":[5,1.5,5.625,2.25],"texture":"#0"},"east":{"uv":[6,7,6.25,7.75],"texture":"#0"},"south":{"uv":[5,2.25,5.625,3],"texture":"#0"},"west":{"uv":[6.25,7,6.5,7.75],"texture":"#0"},"up":{"uv":[7.875,0.5,7.25,0.25],"texture":"#0"},"down":{"uv":[7.875,0.5,7.25,0.75],"texture":"#0"}}},{"from":[7.45,-14.7,6.6],"to":[8.55,-12.1,9.2],"rotation":{"angle":45,"axis":"x","origin":[8,-13.5,8]},"faces":{"north":{"uv":[0.75,7.25,1,7.875],"texture":"#0"},"east":{"uv":[5,3,5.625,3.625],"texture":"#0"},"south":{"uv":[7.25,0.75,7.5,1.375],"texture":"#0"},"west":{"uv":[5,3.75,5.625,4.375],"texture":"#0"},"up":{"uv":[1.25,7.875,1,7.25],"texture":"#0"},"down":{"uv":[1.5,7.25,1.25,7.875],"texture":"#0"}}},{"from":[7.6,-12.15,8.3],"to":[8.4,-10.85,9.1],"rotation":{"angle":45,"axis":"x","origin":[8,-13.5,8]},"faces":{"north":{"uv":[7.75,3.75,8,4.125],"texture":"#0"},"east":{"uv":[4,7.75,4.25,8.125],"texture":"#0"},"south":{"uv":[4.25,7.75,4.5,8.125],"texture":"#0"},"west":{"uv":[7.75,4.25,8,4.625],"texture":"#0"},"up":{"uv":[5.25,8,5,7.75],"texture":"#0"},"down":{"uv":[5.5,7.75,5.25,8],"texture":"#0"}}},{"from":[7.6,-12.15,6.9],"to":[8.4,-10.85,7.7],"rotation":{"angle":-45,"axis":"x","origin":[8,-13.5,8]},"faces":{"north":{"uv":[4.5,7.75,4.25,8.125],"texture":"#0"},"east":{"uv":[4.25,7.75,4,8.125],"texture":"#0"},"south":{"uv":[8,3.75,7.75,4.125],"texture":"#0"},"west":{"uv":[8,4.25,7.75,4.625],"texture":"#0"},"up":{"uv":[5.25,7.75,5,8],"texture":"#0"},"down":{"uv":[5.5,8,5.25,7.75],"texture":"#0"}}},{"from":[7,-2.80591,5.76903],"to":[9,-1.30591,7.26903],"rotation":{"angle":-22.5,"axis":"x","origin":[8,-1.85591,6.51903]},"faces":{"north":{"uv":[7.5,4.5,7,4.875],"texture":"#0"},"east":{"uv":[7.625,6.5,7.25,6.875],"texture":"#0"},"south":{"uv":[7.5,4,7,4.375],"texture":"#0"},"west":{"uv":[7.375,7.25,7,7.625],"texture":"#0"},"up":{"uv":[7.5,5.25,7,5.625],"texture":"#0"},"down":{"uv":[6,7.375,5.5,7],"texture":"#0"}}},{"from":[6.75,-1.84594,6.95711],"to":[9.25,0.90406,7.95711],"rotation":{"angle":-22.5,"axis":"x","origin":[8,-0.54594,8.70711]},"faces":{"north":{"uv":[5.625,2.25,5,3],"texture":"#0"},"east":{"uv":[6.25,7,6,7.75],"texture":"#0"},"south":{"uv":[5.625,1.5,5,2.25],"texture":"#0"},"west":{"uv":[6.5,7,6.25,7.75],"texture":"#0"},"up":{"uv":[7.875,0.25,7.25,0.5],"texture":"#0"},"down":{"uv":[7.875,0.75,7.25,0.5],"texture":"#0"}}},{"from":[7.25,-1.70158,3.25],"to":[8.75,-1.20158,7.25],"rotation":{"angle":22.5,"axis":"x","origin":[8,-1.95158,6.75]},"faces":{"north":{"uv":[8.125,5.75,7.75,5.875],"texture":"#0"},"east":{"uv":[8.5,4.75,7.5,4.875],"texture":"#0"},"south":{"uv":[5.875,7.75,5.5,7.875],"texture":"#0"},"west":{"uv":[8.5,5,7.5,5.125],"texture":"#0"},"up":{"uv":[5.375,4.5,5,5.5],"texture":"#0"},"down":{"uv":[4.375,6.25,4,5.25],"texture":"#0"}}},{"from":[7.25,-1.05158,2.75],"to":[8.75,-0.05158,6.75],"rotation":{"angle":22.5,"axis":"x","origin":[8,-1.95158,6.75]},"faces":{"north":{"uv":[1.875,7.75,1.5,8],"texture":"#0"},"east":{"uv":[7,5.25,6,5.5],"texture":"#0"},"south":{"uv":[7.875,7.5,7.5,7.75],"texture":"#0"},"west":{"uv":[7.5,5,6.5,5.25],"texture":"#0"},"up":{"uv":[5.875,0,5.5,1],"texture":"#0"},"down":{"uv":[5.875,5.5,5.5,4.5],"texture":"#0"}}},{"from":[7.35,0.67538,3.77157],"to":[8.65,2.47538,4.57157],"rotation":{"angle":0,"axis":"y","origin":[8,1.57538,5.17157]},"faces":{"north":{"uv":[7.375,2.5,7,3],"texture":"#0"},"east":{"uv":[5.75,1,5.5,1.5],"texture":"#0"},"south":{"uv":[7.375,2,7,2.5],"texture":"#0"},"west":{"uv":[0.75,7.5,0.5,8],"texture":"#0"},"up":{"uv":[7.875,5.25,7.5,5.5],"texture":"#0"},"down":{"uv":[5.875,7.75,5.5,7.5],"texture":"#0"}}},{"from":[7.25,1.65963,3.59665],"to":[8.75,3.65963,4.59665],"rotation":{"angle":-22.5,"axis":"x","origin":[8,2.45963,3.99665]},"faces":{"north":{"uv":[7.375,3.5,7,4],"texture":"#0"},"east":{"uv":[7.75,3.75,7.5,4.25],"texture":"#0"},"south":{"uv":[7.375,3,7,3.5],"texture":"#0"},"west":{"uv":[7.75,4.25,7.5,4.75],"texture":"#0"},"up":{"uv":[7.875,5.5,7.5,5.75],"texture":"#0"},"down":{"uv":[7.875,7.5,7.5,7.25],"texture":"#0"}}},{"from":[7.25,20.94278,4.988],"to":[8.75,27.94278,6.238],"rotation":{"angle":22.5,"axis":"x","origin":[8,24.04278,7.288]},"faces":{"north":{"uv":[4.375,3.5,4,5.25],"texture":"#0"},"east":{"uv":[4.375,1.75,4,3.5],"texture":"#0"},"south":{"uv":[4.375,0,4,1.75],"texture":"#0"},"west":{"uv":[4.875,0,4.5,1.75],"texture":"#0"},"up":{"uv":[7.875,2.25,7.5,2.625],"texture":"#0"},"down":{"uv":[7.875,3.125,7.5,2.75],"texture":"#0"}}},{"from":[7,14.6,-3.45],"to":[9,16.1,-1.95],"rotation":{"angle":45,"axis":"x","origin":[8,10.15,8.35]},"faces":{"north":{"uv":[7.25,6,6.75,6.375],"texture":"#0"},"east":{"uv":[7.625,6,7.25,6.375],"texture":"#0"},"south":{"uv":[5.5,6.75,5,7.125],"texture":"#0"},"west":{"uv":[6.875,7.25,6.5,7.625],"texture":"#0"},"up":{"uv":[7.25,6.5,6.75,6.875],"texture":"#0"},"down":{"uv":[7.5,1.875,7,1.5],"texture":"#0"}}},{"from":[7.25,18.92462,3.52157],"to":[8.75,19.92462,5.02157],"rotation":{"angle":22.5,"axis":"x","origin":[8,19.17462,4.02157]},"faces":{"north":{"uv":[3.375,7.75,3,8],"texture":"#0"},"east":{"uv":[2.875,7.75,2.5,8],"texture":"#0"},"south":{"uv":[2.375,7.75,2,8],"texture":"#0"},"west":{"uv":[3.875,7.75,3.5,8],"texture":"#0"},"up":{"uv":[7.875,1.25,7.5,1.625],"texture":"#0"},"down":{"uv":[7.875,2.125,7.5,1.75],"texture":"#0"}}},{"from":[7.35,13.77462,4.12157],"to":[8.65,19.57462,5.17157],"rotation":{"angle":0,"axis":"y","origin":[8,21.67462,5.42157]},"faces":{"north":{"uv":[4.875,4.75,4.5,6.25],"texture":"#0"},"east":{"uv":[4.875,3.25,4.5,4.75],"texture":"#0"},"south":{"uv":[4.875,1.75,4.5,3.25],"texture":"#0"},"west":{"uv":[5.375,0,5,1.5],"texture":"#0"},"up":{"uv":[0.375,7.5,0,7.875],"texture":"#0"},"down":{"uv":[7.875,1.125,7.5,0.75],"texture":"#0"}}}],"display":{"thirdperson_righthand":{"rotation":[-5,0,0],"translation":[0,9,-0.5],"scale":[0.85,0.85,0.85]},"thirdperson_lefthand":{"rotation":[-5,0,0],"translation":[0,9,-0.5],"scale":[0.85,0.85,0.85]},"firstperson_righthand":{"rotation":[-5,0,0],"translation":[0,9.5,-0.5],"scale":[0.85,0.85,0.85]},"firstperson_lefthand":{"rotation":[-5,0,0],"translation":[0,9.5,-0.5],"scale":[0.85,0.85,0.85]},"ground":{"rotation":[0,0,-35],"translation":[0,12,0],"scale":[0.7,0.7,0.7]},"gui":{"rotation":[-150,60,130],"translation":[-1.25,0.25,0],"scale":[0.38,0.38,0.38]},"head":{"rotation":[-90,-70,90],"translation":[0,-18,8.25],"scale":[1.25,1.25,1.25]},"fixed":{"rotation":[80,0,0],"translation":[0,-6,-35],"scale":[2.25,2.25,2.25]}},"groups":[{"name":"mirror_sword_gold","origin":[8,8,8],"color":0,"nbt":"{}","armAnimationEnabled":false,"children":[0,1,2,3,4,5,6,7,8,9,10,11,12,13,14,15,16,17,18,19,20,21,22,23,24,25,26,27,28,29,30,31,32]}]}