{"credit":"MadewithBlockbench","texture_size":[128,128],"textures":{"0":"elitecreatures:japan_street_v4/sign03texture"},"elements":[{"from":[-1,-6.25,7],"to":[29,23.75,9],"rotation":{"angle":0,"axis":"y","origin":[-5.5,8.28769,8]},"faces":{"north":{"uv":[7.5,0,11.25,3.75],"texture":"#0"},"east":{"uv":[11.5,0,11.75,3.75],"texture":"#0"},"south":{"uv":[7.5,0,11.25,3.75],"texture":"#0"},"west":{"uv":[11.25,0,11.5,3.75],"texture":"#0"},"up":{"uv":[11.25,4.25,7.5,4],"texture":"#0"},"down":{"uv":[11.25,4,7.5,3.75],"texture":"#0"}}},{"from":[-3.03769,-0.21231,8],"to":[-1.03769,17.78769,8],"rotation":{"angle":0,"axis":"y","origin":[-5.5,8.28769,8]},"faces":{"north":{"uv":[0,6.75,2.25,6.5],"rotation":270,"texture":"#0"},"east":{"uv":[2.25,6,0,6],"rotation":90,"texture":"#0"},"south":{"uv":[2.25,6.5,0,6.75],"rotation":90,"texture":"#0"},"west":{"uv":[2.25,6,0,6],"rotation":90,"texture":"#0"},"up":{"uv":[6,6,6,6.25],"rotation":90,"texture":"#0"},"down":{"uv":[6,6,6,6.25],"rotation":90,"texture":"#0"}}},{"from":[-9.5,-16,14.5],"to":[-5.5,32,14.5],"rotation":{"angle":0,"axis":"y","origin":[-4.5,8.28769,2]},"faces":{"north":{"uv":[0.75,0,0.25,6],"texture":"#0"},"east":{"uv":[0,0,0,6],"texture":"#0"},"south":{"uv":[0.75,0,0.25,6],"texture":"#0"},"west":{"uv":[0,0,0,6],"texture":"#0"},"up":{"uv":[14.25,16,16,14.25],"rotation":90,"texture":"#0"},"down":{"uv":[14.25,14.25,16,16],"rotation":270,"texture":"#0"}}},{"from":[-11.5,-16,13.5],"to":[-9.5,32,15.5],"rotation":{"angle":0,"axis":"y","origin":[-4.5,8.28769,2]},"faces":{"north":{"uv":[0.25,0,0,6],"texture":"#0"},"east":{"uv":[0.25,0,0,6],"texture":"#0"},"south":{"uv":[0.25,0,0,6],"texture":"#0"},"west":{"uv":[0.25,0,0,6],"texture":"#0"},"up":{"uv":[14.25,0.25,14.5,0],"rotation":90,"texture":"#0"},"down":{"uv":[14.25,0,14.5,0.25],"rotation":270,"texture":"#0"}}},{"from":[-5.5,-16,13.5],"to":[-3.5,32,15.5],"rotation":{"angle":0,"axis":"y","origin":[-4.5,8.28769,2]},"faces":{"north":{"uv":[0,0,0.25,6],"texture":"#0"},"east":{"uv":[0,0,0.25,6],"texture":"#0"},"south":{"uv":[0,0,0.25,6],"texture":"#0"},"west":{"uv":[0,0,0.25,6],"texture":"#0"},"up":{"uv":[14.25,0,14.5,0.25],"rotation":90,"texture":"#0"},"down":{"uv":[14.25,0.25,14.5,0],"rotation":270,"texture":"#0"}}},{"from":[-5.5,-16,1.5],"to":[-3.5,32,3.5],"rotation":{"angle":0,"axis":"y","origin":[-4.5,8.28769,-19]},"faces":{"north":{"uv":[0.25,0,0,6],"texture":"#0"},"east":{"uv":[0.25,0,0,6],"texture":"#0"},"south":{"uv":[0.25,0,0,6],"texture":"#0"},"west":{"uv":[0.25,0,0,6],"texture":"#0"},"up":{"uv":[14.5,0,14.25,0.25],"rotation":90,"texture":"#0"},"down":{"uv":[14.5,0.25,14.25,0],"rotation":270,"texture":"#0"}}},{"from":[-11.5,-16,1.5],"to":[-9.5,32,3.5],"rotation":{"angle":0,"axis":"y","origin":[-4.5,8.28769,-19]},"faces":{"north":{"uv":[0,0,0.25,6],"texture":"#0"},"east":{"uv":[0,0,0.25,6],"texture":"#0"},"south":{"uv":[0,0,0.25,6],"texture":"#0"},"west":{"uv":[0,0,0.25,6],"texture":"#0"},"up":{"uv":[14.5,0.25,14.25,0],"rotation":90,"texture":"#0"},"down":{"uv":[14.5,0,14.25,0.25],"rotation":270,"texture":"#0"}}},{"from":[-9.5,-16,2.5],"to":[-5.5,32,2.5],"rotation":{"angle":0,"axis":"y","origin":[-4.5,8.28769,-19]},"faces":{"north":{"uv":[0.25,0,0.75,6],"texture":"#0"},"east":{"uv":[0,0,0,6],"texture":"#0"},"south":{"uv":[0.25,0,0.75,6],"texture":"#0"},"west":{"uv":[0,0,0,6],"texture":"#0"},"up":{"uv":[16,16,14.25,14.25],"rotation":90,"texture":"#0"},"down":{"uv":[16,14.25,14.25,16],"rotation":270,"texture":"#0"}}},{"from":[-10.5,-16,3.5],"to":[-10.5,32,13.5],"rotation":{"angle":0,"axis":"y","origin":[-4.5,8.28769,-19]},"faces":{"north":{"uv":[0,0,0,6],"texture":"#0"},"east":{"uv":[0.25,0,1.5,6],"texture":"#0"},"south":{"uv":[0,0,0,6],"texture":"#0"},"west":{"uv":[0.25,0,1.5,6],"texture":"#0"},"up":{"uv":[14.25,14.25,16,16],"texture":"#0"},"down":{"uv":[14.25,16,16,14.25],"texture":"#0"}}},{"from":[-4.5,-16,3.5],"to":[-4.5,32,13.5],"rotation":{"angle":0,"axis":"y","origin":[-4.5,8.28769,-19]},"faces":{"north":{"uv":[0,0,0,6],"texture":"#0"},"east":{"uv":[1.5,0,0.25,6],"texture":"#0"},"south":{"uv":[0,0,0,6],"texture":"#0"},"west":{"uv":[1.5,0,0.25,6],"texture":"#0"},"up":{"uv":[16,14.25,14.25,16],"texture":"#0"},"down":{"uv":[16,16,14.25,14.25],"texture":"#0"}}},{"from":[-4.95,-16,7],"to":[-2.95,32,9],"rotation":{"angle":0,"axis":"y","origin":[22.5,8.28769,8]},"faces":{"north":{"uv":[0.25,0,0,6],"texture":"#0"},"east":{"uv":[0.25,0,0,6],"texture":"#0"},"south":{"uv":[0.25,0,0,6],"texture":"#0"},"west":{"uv":[0.25,0,0,6],"texture":"#0"},"up":{"uv":[14.25,0.25,14.5,0],"texture":"#0"},"down":{"uv":[14.25,0,14.5,0.25],"texture":"#0"}}},{"from":[-4.625,10.48617,4.89949],"to":[-4.475,28.48617,6.89949],"rotation":{"angle":-45,"axis":"x","origin":[-11.25,25.15038,0.25]},"faces":{"north":{"uv":[14.3125,1.75,14.3125,4],"texture":"#0"},"east":{"uv":[7.25,0,7,2.25],"texture":"#0"},"south":{"uv":[14.3125,1.75,14.3125,4],"texture":"#0"},"west":{"uv":[7.5,0,7.25,2.25],"texture":"#0"},"up":{"uv":[14.5625,1.75,14.3125,1.75],"rotation":90,"texture":"#0"},"down":{"uv":[14.5625,1.75,14.3125,1.75],"rotation":270,"texture":"#0"}}},{"from":[-4.55,10.48617,10.10051],"to":[-4.55,28.48617,12.10051],"rotation":{"angle":45,"axis":"x","origin":[-11.25,25.15038,16.75]},"faces":{"north":{"uv":[14.3125,1.75,14.3125,4],"texture":"#0"},"east":{"uv":[7,0,7.25,2.25],"texture":"#0"},"south":{"uv":[14.3125,1.75,14.3125,4],"texture":"#0"},"west":{"uv":[7.25,0,7.5,2.25],"texture":"#0"},"up":{"uv":[14.3125,1.75,14.5625,1.75],"rotation":90,"texture":"#0"},"down":{"uv":[14.3125,1.75,14.5625,1.75],"rotation":270,"texture":"#0"}}},{"from":[-4.625,-5.51383,4.89949],"to":[-4.475,12.48617,6.89949],"rotation":{"angle":-45,"axis":"x","origin":[-11.25,9.15038,0.25]},"faces":{"north":{"uv":[14.3125,1.75,14.3125,4],"texture":"#0"},"east":{"uv":[7.25,0,7,2.25],"texture":"#0"},"south":{"uv":[14.3125,1.75,14.3125,4],"texture":"#0"},"west":{"uv":[7.5,0,7.25,2.25],"texture":"#0"},"up":{"uv":[14.5625,1.75,14.3125,1.75],"rotation":90,"texture":"#0"},"down":{"uv":[14.5625,1.75,14.3125,1.75],"rotation":270,"texture":"#0"}}},{"from":[-4.55,-5.51383,10.10051],"to":[-4.55,12.48617,12.10051],"rotation":{"angle":45,"axis":"x","origin":[-11.25,9.15038,16.75]},"faces":{"north":{"uv":[14.3125,1.75,14.3125,4],"texture":"#0"},"east":{"uv":[7,0,7.25,2.25],"texture":"#0"},"south":{"uv":[14.3125,1.75,14.3125,4],"texture":"#0"},"west":{"uv":[7.25,0,7.5,2.25],"texture":"#0"},"up":{"uv":[14.3125,1.75,14.5625,1.75],"rotation":90,"texture":"#0"},"down":{"uv":[14.3125,1.75,14.5625,1.75],"rotation":270,"texture":"#0"}}},{"from":[-4.625,-15.68325,7.32322],"to":[-4.475,2.31675,9.32322],"rotation":{"angle":-45,"axis":"x","origin":[-4.55,-6.86003,8.5]},"faces":{"north":{"uv":[14.3125,1.75,14.3125,4],"texture":"#0"},"east":{"uv":[7.25,0,7,2.25],"texture":"#0"},"south":{"uv":[14.3125,1.75,14.3125,4],"texture":"#0"},"west":{"uv":[7.5,0,7.25,2.25],"texture":"#0"},"up":{"uv":[14.5625,1.75,14.3125,1.75],"rotation":90,"texture":"#0"},"down":{"uv":[14.5625,1.75,14.3125,1.75],"rotation":270,"texture":"#0"}}},{"from":[-4.55,-15.68325,7.67678],"to":[-4.55,2.31675,9.67678],"rotation":{"angle":45,"axis":"x","origin":[-4.55,-6.86003,8.5]},"faces":{"north":{"uv":[14.3125,1.75,14.3125,4],"texture":"#0"},"east":{"uv":[7,0,7.25,2.25],"texture":"#0"},"south":{"uv":[14.3125,1.75,14.3125,4],"texture":"#0"},"west":{"uv":[7.25,0,7.5,2.25],"texture":"#0"},"up":{"uv":[14.3125,1.75,14.5625,1.75],"rotation":90,"texture":"#0"},"down":{"uv":[14.3125,1.75,14.5625,1.75],"rotation":270,"texture":"#0"}}},{"from":[-10.625,-5.51383,4.89949],"to":[-10.475,12.48617,6.89949],"rotation":{"angle":-45,"axis":"x","origin":[-17.25,9.15038,0.25]},"faces":{"north":{"uv":[14.3125,1.75,14.3125,4],"texture":"#0"},"east":{"uv":[7.25,0,7,2.25],"texture":"#0"},"south":{"uv":[14.3125,1.75,14.3125,4],"texture":"#0"},"west":{"uv":[7.5,0,7.25,2.25],"texture":"#0"},"up":{"uv":[14.5625,1.75,14.3125,1.75],"rotation":90,"texture":"#0"},"down":{"uv":[14.5625,1.75,14.3125,1.75],"rotation":270,"texture":"#0"}}},{"from":[-10.55,-5.51383,10.10051],"to":[-10.55,12.48617,12.10051],"rotation":{"angle":45,"axis":"x","origin":[-17.25,9.15038,16.75]},"faces":{"north":{"uv":[14.3125,1.75,14.3125,4],"texture":"#0"},"east":{"uv":[7,0,7.25,2.25],"texture":"#0"},"south":{"uv":[14.3125,1.75,14.3125,4],"texture":"#0"},"west":{"uv":[7.25,0,7.5,2.25],"texture":"#0"},"up":{"uv":[14.3125,1.75,14.5625,1.75],"rotation":90,"texture":"#0"},"down":{"uv":[14.3125,1.75,14.5625,1.75],"rotation":270,"texture":"#0"}}},{"from":[-10.55,10.48617,10.10051],"to":[-10.55,28.48617,12.10051],"rotation":{"angle":45,"axis":"x","origin":[-17.25,25.15038,16.75]},"faces":{"north":{"uv":[14.3125,1.75,14.3125,4],"texture":"#0"},"east":{"uv":[7,0,7.25,2.25],"texture":"#0"},"south":{"uv":[14.3125,1.75,14.3125,4],"texture":"#0"},"west":{"uv":[7.25,0,7.5,2.25],"texture":"#0"},"up":{"uv":[14.3125,1.75,14.5625,1.75],"rotation":90,"texture":"#0"},"down":{"uv":[14.3125,1.75,14.5625,1.75],"rotation":270,"texture":"#0"}}},{"from":[-10.625,10.48617,4.89949],"to":[-10.475,28.48617,6.89949],"rotation":{"angle":-45,"axis":"x","origin":[-17.25,25.15038,0.25]},"faces":{"north":{"uv":[14.3125,1.75,14.3125,4],"texture":"#0"},"east":{"uv":[7.25,0,7,2.25],"texture":"#0"},"south":{"uv":[14.3125,1.75,14.3125,4],"texture":"#0"},"west":{"uv":[7.5,0,7.25,2.25],"texture":"#0"},"up":{"uv":[14.5625,1.75,14.3125,1.75],"rotation":90,"texture":"#0"},"down":{"uv":[14.5625,1.75,14.3125,1.75],"rotation":270,"texture":"#0"}}},{"from":[-10.625,-15.68325,7.32322],"to":[-10.475,2.31675,9.32322],"rotation":{"angle":-45,"axis":"x","origin":[-10.55,-6.86003,8.5]},"faces":{"north":{"uv":[14.3125,1.75,14.3125,4],"texture":"#0"},"east":{"uv":[7.25,0,7,2.25],"texture":"#0"},"south":{"uv":[14.3125,1.75,14.3125,4],"texture":"#0"},"west":{"uv":[7.5,0,7.25,2.25],"texture":"#0"},"up":{"uv":[14.5625,1.75,14.3125,1.75],"rotation":90,"texture":"#0"},"down":{"uv":[14.5625,1.75,14.3125,1.75],"rotation":270,"texture":"#0"}}},{"from":[-10.55,-15.68325,7.67678],"to":[-10.55,2.31675,9.67678],"rotation":{"angle":45,"axis":"x","origin":[-10.55,-6.86003,8.5]},"faces":{"north":{"uv":[14.3125,1.75,14.3125,4],"texture":"#0"},"east":{"uv":[7,0,7.25,2.25],"texture":"#0"},"south":{"uv":[14.3125,1.75,14.3125,4],"texture":"#0"},"west":{"uv":[7.25,0,7.5,2.25],"texture":"#0"},"up":{"uv":[14.3125,1.75,14.5625,1.75],"rotation":90,"texture":"#0"},"down":{"uv":[14.3125,1.75,14.5625,1.75],"rotation":270,"texture":"#0"}}}],"gui_light":"front","display":{"thirdperson_righthand":{"rotation":[67.5,0,0],"translation":[0,1,0],"scale":[0.12773,0.12773,0.12773]},"thirdperson_lefthand":{"rotation":[67.5,0,0],"translation":[0,1,0],"scale":[0.12773,0.12773,0.12773]},"firstperson_righthand":{"rotation":[0,180,0],"translation":[34,-6,-36.75],"scale":[0.75195,0.75195,0.75195]},"firstperson_lefthand":{"translation":[33,-6,-36.75],"scale":[0.75195,0.75195,0.75195]},"ground":{"translation":[0,6,0],"scale":[0.25,0.25,0.25]},"gui":{"rotation":[30,135,0],"translation":[-0.5,1.25,0],"scale":[0.29883,0.29883,0.29883]},"head":{"rotation":[0,180,0],"translation":[0,-4.8,0],"scale":[1.6,1.6,1.6]},"fixed":{"rotation":[-90,0,0],"translation":[0,0,-48],"scale":[2,2,2]}},"groups":[{"name":"group","origin":[-7.55,-6.86003,8.5],"color":0,"children":[0,1,2,3,4,5,6,7,8,9,10,11,12,13,14,15,16,17,18,19,20,21,22]}]}