{"credit":"Made with Blockbench","texture_size":[32,32],"textures":{"0":"ec_elitewings:v2/pre2","1":"ec_elitewings:v2/tex2","2":"ec_elitewings:v2/ani201","3":"ec_elitewings:v2/ani202","4":"ec_elitewings:v2/ani204","particle":"ec_elitewings:v2/pre2"},"elements":[{"from":[5.925,-3.56678,6.93029],"to":[6.425,-2.06678,7.43029],"rotation":{"angle":0,"axis":"y","origin":[5.75,-3.06678,7.18029]},"faces":{"north":{"uv":[3.5,4.5,3,6],"texture":"#1"},"east":{"uv":[3.5,4,4,5.5],"texture":"#1"},"south":{"uv":[3,4.5,3.5,6],"texture":"#1"},"west":{"uv":[0,4.5,0.5,6],"texture":"#1"},"up":{"uv":[5.5,1.5,5,1],"texture":"#1"},"down":{"uv":[2,5,1.5,5.5],"texture":"#1"}}},{"from":[5.25,-3.56678,7.06779],"to":[5.75,-2.06678,7.29279],"rotation":{"angle":22.5,"axis":"z","origin":[5.75,-3.06678,7.18029]},"faces":{"north":{"uv":[3,4.5,2.5,6],"texture":"#1"},"east":{"uv":[5,4,5.25,5.5],"texture":"#1"},"south":{"uv":[2.5,4.5,3,6],"texture":"#1"},"west":{"uv":[4.5,5,4.75,6.5],"texture":"#1"},"up":{"uv":[4.5,5.75,4,5.5],"texture":"#1"},"down":{"uv":[5.5,5.5,5,5.75],"texture":"#1"}}},{"from":[4.90785,-2.33687,7.05529],"to":[5.40785,-1.33687,7.30529],"rotation":{"angle":0,"axis":"y","origin":[4.9,-3.34178,7.18029]},"faces":{"north":{"uv":[1.5,5,1,6],"texture":"#1"},"east":{"uv":[5.5,0,5.75,1],"texture":"#1"},"south":{"uv":[1,5,1.5,6],"texture":"#1"},"west":{"uv":[5.5,1,5.75,2],"texture":"#1"},"up":{"uv":[3.5,2.75,3,2.5],"texture":"#1"},"down":{"uv":[4.5,1,4,1.25],"texture":"#1"}}},{"from":[4.90785,-1.33687,7.06779],"to":[5.40785,-0.33687,7.29279],"rotation":{"angle":-22.5,"axis":"z","origin":[4.9,-1.34178,7.18029]},"faces":{"north":{"uv":[5.5,2,5,3],"texture":"#1"},"east":{"uv":[5.5,2,5.75,3],"texture":"#1"},"south":{"uv":[5,2,5.5,3],"texture":"#1"},"west":{"uv":[3.5,5.5,3.75,6.5],"texture":"#1"},"up":{"uv":[6,5.25,5.5,5],"texture":"#1"},"down":{"uv":[6,5.5,5.5,5.75],"texture":"#1"}}},{"from":[5.29725,-0.90906,7.05529],"to":[6.29725,-0.40906,7.30529],"rotation":{"angle":22.5,"axis":"z","origin":[5.3,-0.41678,7.18029]},"faces":{"north":{"uv":[6,3.5,5,4],"texture":"#1"},"east":{"uv":[0,6,0.25,6.5],"texture":"#1"},"south":{"uv":[5,3.5,6,4],"texture":"#1"},"west":{"uv":[6,0,6.25,0.5],"texture":"#1"},"up":{"uv":[6.5,4.25,5.5,4],"texture":"#1"},"down":{"uv":[6.5,4.5,5.5,4.75],"texture":"#1"}}},{"from":[4.05,-5.56678,6.68029],"to":[5.55,-4.06678,7.68029],"rotation":{"angle":45,"axis":"z","origin":[5.75,-3.06678,7.18029]},"faces":{"north":{"uv":[1.5,1.5,0,3],"texture":"#1"},"east":{"uv":[0,3,1,4.5],"texture":"#1"},"south":{"uv":[0,1.5,1.5,3],"texture":"#1"},"west":{"uv":[3,0,4,1.5],"texture":"#1"},"up":{"uv":[2.5,4,1,3],"texture":"#1"},"down":{"uv":[4.5,1.5,3,2.5],"texture":"#1"}}},{"from":[4.75,-5.06678,6.80529],"to":[6.25,-3.56678,7.55529],"rotation":{"angle":22.5,"axis":"z","origin":[5.75,-3.06678,7.18029]},"faces":{"north":{"uv":[3,1.5,1.5,3],"texture":"#1"},"east":{"uv":[2.5,3,3.25,4.5],"texture":"#1"},"south":{"uv":[1.5,1.5,3,3],"texture":"#1"},"west":{"uv":[3.5,2.5,4.25,4],"texture":"#1"},"up":{"uv":[5.5,0.75,4,0],"texture":"#1"},"down":{"uv":[2.5,4,1,4.75],"texture":"#1"}}},{"from":[13,-9.31678,7.18029],"to":[17,1.68322,7.18029],"rotation":{"angle":-22.5,"axis":"y","origin":[13,-3.06678,7.18029]},"faces":{"north":{"uv":[16,0,12,11],"texture":"#2"},"east":{"uv":[2.5,0,2.5,5.5],"texture":"#0"},"south":{"uv":[12,0,16,11],"texture":"#2"},"west":{"uv":[2.5,0,2.5,5.5],"texture":"#0"},"up":{"uv":[0,0,5.75,0],"texture":"#0"},"down":{"uv":[0,0,5.75,0],"texture":"#0"}}},{"from":[16.70762,-5.56678,8.7104],"to":[19.70762,2.43322,8.7104],"rotation":{"angle":-22.5,"axis":"y","origin":[16.7,-3.06678,8.68029]},"faces":{"north":{"uv":[15,0,12,8],"texture":"#3"},"east":{"uv":[2.5,0,2.5,5.5],"texture":"#0"},"south":{"uv":[12,0,15,8],"texture":"#3"},"west":{"uv":[2.5,0,2.5,5.5],"texture":"#0"},"up":{"uv":[0,0,5.75,0],"texture":"#0"},"down":{"uv":[0,0,5.75,0],"texture":"#0"}}},{"from":[13,-9.31678,7.18029],"to":[17,1.68322,7.18029],"rotation":{"angle":22.5,"axis":"y","origin":[13,-3.06678,7.18029]},"faces":{"north":{"uv":[8,0,4,11],"texture":"#2"},"east":{"uv":[0,0,0,11],"texture":"#2"},"south":{"uv":[4,0,8,11],"texture":"#2"},"west":{"uv":[0,0,0,11],"texture":"#2"},"up":{"uv":[0,0,5.75,0],"texture":"#0"},"down":{"uv":[0,0,5.75,0],"texture":"#0"}}},{"from":[17,-8.56678,7.18029],"to":[20,2.43322,7.18029],"rotation":{"angle":22.5,"axis":"y","origin":[13,-3.06678,7.18029]},"faces":{"north":{"uv":[6,0,3,11],"texture":"#3"},"east":{"uv":[2.5,0,2.5,5.5],"texture":"#0"},"south":{"uv":[3,0,6,11],"texture":"#3"},"west":{"uv":[2.5,0,2.5,5.5],"texture":"#0"},"up":{"uv":[0,0,5.75,0],"texture":"#0"},"down":{"uv":[0,0,5.75,0],"texture":"#0"}}},{"from":[-2,-15.56678,7.18029],"to":[3.5,-8.06678,7.18029],"rotation":{"angle":0,"axis":"y","origin":[4,-9.56678,3.18029]},"faces":{"north":{"uv":[0,0.5,11,15.5],"texture":"#4"},"east":{"uv":[0,0,0,2.5],"texture":"#4"},"south":{"uv":[11,0.5,0,15.5],"texture":"#4"},"west":{"uv":[0,0,0,2.5],"texture":"#4"},"up":{"uv":[2.75,0,0,0],"texture":"#4"},"down":{"uv":[2.75,0,0,0],"texture":"#4"}}},{"from":[12.5,-15.56678,7.18029],"to":[18,-8.06678,7.18029],"rotation":{"angle":0,"axis":"y","origin":[12,-9.56678,3.18029]},"faces":{"north":{"uv":[11,0.5,0,15.5],"texture":"#4"},"east":{"uv":[0,0,0,2.5],"texture":"#4"},"south":{"uv":[0,0.5,11,15.5],"texture":"#4"},"west":{"uv":[0,0,0,2.5],"texture":"#4"},"up":{"uv":[0,0,2.75,0],"texture":"#4"},"down":{"uv":[0,0,2.75,0],"texture":"#4"}}},{"from":[13,-9.31678,7.18029],"to":[17,1.68322,7.18029],"rotation":{"angle":0,"axis":"y","origin":[13,-3.06678,7.18029]},"faces":{"north":{"uv":[4,0,0,11],"texture":"#2"},"east":{"uv":[0,0,0,11],"texture":"#2"},"south":{"uv":[0,0,4,11],"texture":"#2"},"west":{"uv":[0,0,0,11],"texture":"#2"},"up":{"uv":[0,0,5.75,0],"texture":"#2"},"down":{"uv":[0,0,5.75,0],"texture":"#2"}}},{"from":[17,-8.56678,7.18029],"to":[20,2.43322,7.18029],"rotation":{"angle":0,"axis":"y","origin":[13,-3.06678,7.18029]},"faces":{"north":{"uv":[3,0,0,11],"texture":"#3"},"east":{"uv":[2.5,0,2.5,5.5],"texture":"#3"},"south":{"uv":[0,0,3,11],"texture":"#3"},"west":{"uv":[2.5,0,2.5,5.5],"texture":"#3"},"up":{"uv":[0,0,5.75,0],"texture":"#3"},"down":{"uv":[0,0,5.75,0],"texture":"#3"}}},{"from":[15.80485,-8.56678,4.36564],"to":[18.80485,2.43322,4.36564],"rotation":{"angle":45,"axis":"y","origin":[15.8,-3.06678,4.33029]},"faces":{"north":{"uv":[9,0,6,11],"texture":"#3"},"east":{"uv":[2.5,0,2.5,5.5],"texture":"#0"},"south":{"uv":[6,0,9,11],"texture":"#3"},"west":{"uv":[2.5,0,2.5,5.5],"texture":"#0"},"up":{"uv":[0,0,5.75,0],"texture":"#0"},"down":{"uv":[0,0,5.75,0],"texture":"#0"}}},{"from":[13,-9.31678,7.18029],"to":[17,1.68322,7.18029],"rotation":{"angle":45,"axis":"y","origin":[13,-3.06678,7.18029]},"faces":{"north":{"uv":[12,0,8,11],"texture":"#2"},"east":{"uv":[2.5,0,2.5,5.5],"texture":"#0"},"south":{"uv":[8,0,12,11],"texture":"#2"},"west":{"uv":[2.5,0,2.5,5.5],"texture":"#0"},"up":{"uv":[0,0,5.75,0],"texture":"#0"},"down":{"uv":[0,0,5.75,0],"texture":"#0"}}},{"from":[8,-8.56678,7.18029],"to":[13,2.43322,7.18029],"rotation":{"angle":0,"axis":"y","origin":[3,-4.56678,7.18029]},"faces":{"north":{"uv":[15,0,10,11],"texture":"#1"},"east":{"uv":[0,0,0,5.5],"texture":"#1"},"south":{"uv":[10,0,15,11],"texture":"#1"},"west":{"uv":[0,0,0,5.5],"texture":"#1"},"up":{"uv":[0,0,5.75,0],"texture":"#1"},"down":{"uv":[0,0,5.75,0],"texture":"#1"}}},{"from":[3,-8.56678,7.18029],"to":[8,2.43322,7.18029],"rotation":{"angle":0,"axis":"y","origin":[13,-4.56678,7.18029]},"faces":{"north":{"uv":[10,0,15,11],"texture":"#1"},"east":{"uv":[0,0,0,5.5],"texture":"#1"},"south":{"uv":[15,0,10,11],"texture":"#1"},"west":{"uv":[0,0,0,5.5],"texture":"#1"},"up":{"uv":[5.75,0,0,0],"texture":"#1"},"down":{"uv":[5.75,0,0,0],"texture":"#1"}}},{"from":[8,-12.31678,7.23029],"to":[17,-4.81678,7.23029],"rotation":{"angle":0,"axis":"y","origin":[3,-4.56678,7.18029]},"faces":{"north":{"uv":[10,8.25,1,15.75],"texture":"#1"},"east":{"uv":[0,0,0,5.5],"texture":"#1"},"south":{"uv":[1,8.25,10,15.75],"texture":"#1"},"west":{"uv":[0,0,0,5.5],"texture":"#1"},"up":{"uv":[0,0,5.75,0],"texture":"#1"},"down":{"uv":[0,0,5.75,0],"texture":"#1"}}},{"from":[-1,-12.31678,7.23029],"to":[8,-4.81678,7.23029],"rotation":{"angle":0,"axis":"y","origin":[13,-4.56678,7.18029]},"faces":{"north":{"uv":[1,8.25,10,15.75],"texture":"#1"},"east":{"uv":[0,0,0,5.5],"texture":"#1"},"south":{"uv":[10,8.25,1,15.75],"texture":"#1"},"west":{"uv":[0,0,0,5.5],"texture":"#1"},"up":{"uv":[5.75,0,0,0],"texture":"#1"},"down":{"uv":[5.75,0,0,0],"texture":"#1"}}},{"from":[-1,-12.31678,7.13029],"to":[8,-4.81678,7.13029],"rotation":{"angle":0,"axis":"y","origin":[13,-4.56678,7.18029]},"faces":{"north":{"uv":[1,8.25,10,15.75],"texture":"#1"},"east":{"uv":[0,0,0,5.5],"texture":"#1"},"south":{"uv":[10,8.25,1,15.75],"texture":"#1"},"west":{"uv":[0,0,0,5.5],"texture":"#1"},"up":{"uv":[5.75,0,0,0],"texture":"#1"},"down":{"uv":[5.75,0,0,0],"texture":"#1"}}},{"from":[8,-12.31678,7.13029],"to":[17,-4.81678,7.13029],"rotation":{"angle":0,"axis":"y","origin":[3,-4.56678,7.18029]},"faces":{"north":{"uv":[10,8.25,1,15.75],"texture":"#1"},"east":{"uv":[0,0,0,5.5],"texture":"#1"},"south":{"uv":[1,8.25,10,15.75],"texture":"#1"},"west":{"uv":[0,0,0,5.5],"texture":"#1"},"up":{"uv":[0,0,5.75,0],"texture":"#1"},"down":{"uv":[0,0,5.75,0],"texture":"#1"}}},{"from":[9.75,-5.06678,6.80529],"to":[11.25,-3.56678,7.55529],"rotation":{"angle":-22.5,"axis":"z","origin":[10.25,-3.06678,7.18029]},"faces":{"north":{"uv":[1.5,1.5,3,3],"texture":"#1"},"east":{"uv":[4.25,2.5,3.5,4],"texture":"#1"},"south":{"uv":[3,1.5,1.5,3],"texture":"#1"},"west":{"uv":[3.25,3,2.5,4.5],"texture":"#1"},"up":{"uv":[4,0.75,5.5,0],"texture":"#1"},"down":{"uv":[1,4,2.5,4.75],"texture":"#1"}}},{"from":[10.45,-5.56678,6.68029],"to":[11.95,-4.06678,7.68029],"rotation":{"angle":-45,"axis":"z","origin":[10.25,-3.06678,7.18029]},"faces":{"north":{"uv":[0,1.5,1.5,3],"texture":"#1"},"east":{"uv":[4,0,3,1.5],"texture":"#1"},"south":{"uv":[1.5,1.5,0,3],"texture":"#1"},"west":{"uv":[1,3,0,4.5],"texture":"#1"},"up":{"uv":[1,4,2.5,3],"texture":"#1"},"down":{"uv":[3,1.5,4.5,2.5],"texture":"#1"}}},{"from":[9.70276,-0.90906,7.05529],"to":[10.70276,-0.40906,7.30529],"rotation":{"angle":-22.5,"axis":"z","origin":[10.7,-0.41678,7.18029]},"faces":{"north":{"uv":[5,3.5,6,4],"texture":"#1"},"east":{"uv":[6.25,0,6,0.5],"texture":"#1"},"south":{"uv":[6,3.5,5,4],"texture":"#1"},"west":{"uv":[0.25,6,0,6.5],"texture":"#1"},"up":{"uv":[5.5,4.25,6.5,4],"texture":"#1"},"down":{"uv":[5.5,4.5,6.5,4.75],"texture":"#1"}}},{"from":[10.59215,-1.33687,7.06779],"to":[11.09215,-0.33687,7.29279],"rotation":{"angle":22.5,"axis":"z","origin":[11.1,-1.34178,7.18029]},"faces":{"north":{"uv":[5,2,5.5,3],"texture":"#1"},"east":{"uv":[3.75,5.5,3.5,6.5],"texture":"#1"},"south":{"uv":[5.5,2,5,3],"texture":"#1"},"west":{"uv":[5.75,2,5.5,3],"texture":"#1"},"up":{"uv":[5.5,5.25,6,5],"texture":"#1"},"down":{"uv":[5.5,5.5,6,5.75],"texture":"#1"}}},{"from":[10.59215,-2.33687,7.05529],"to":[11.09215,-1.33687,7.30529],"rotation":{"angle":0,"axis":"y","origin":[11.1,-3.34178,7.18029]},"faces":{"north":{"uv":[1,5,1.5,6],"texture":"#1"},"east":{"uv":[5.75,1,5.5,2],"texture":"#1"},"south":{"uv":[1.5,5,1,6],"texture":"#1"},"west":{"uv":[5.75,0,5.5,1],"texture":"#1"},"up":{"uv":[3,2.75,3.5,2.5],"texture":"#1"},"down":{"uv":[4,1,4.5,1.25],"texture":"#1"}}},{"from":[10.25,-3.56678,7.06779],"to":[10.75,-2.06678,7.29279],"rotation":{"angle":-22.5,"axis":"z","origin":[10.25,-3.06678,7.18029]},"faces":{"north":{"uv":[2.5,4.5,3,6],"texture":"#1"},"east":{"uv":[4.75,5,4.5,6.5],"texture":"#1"},"south":{"uv":[3,4.5,2.5,6],"texture":"#1"},"west":{"uv":[5.25,4,5,5.5],"texture":"#1"},"up":{"uv":[4,5.75,4.5,5.5],"texture":"#1"},"down":{"uv":[5,5.5,5.5,5.75],"texture":"#1"}}},{"from":[9.575,-3.56678,6.93029],"to":[10.075,-2.06678,7.43029],"rotation":{"angle":0,"axis":"y","origin":[10.25,-3.06678,7.18029]},"faces":{"north":{"uv":[3,4.5,3.5,6],"texture":"#1"},"east":{"uv":[0.5,4.5,0,6],"texture":"#1"},"south":{"uv":[3.5,4.5,3,6],"texture":"#1"},"west":{"uv":[4,4,3.5,5.5],"texture":"#1"},"up":{"uv":[5,1.5,5.5,1],"texture":"#1"},"down":{"uv":[1.5,5,2,5.5],"texture":"#1"}}},{"from":[15.83536,-8.56678,1.32544],"to":[15.83536,2.43322,4.32544],"rotation":{"angle":-22.5,"axis":"y","origin":[15.8,-3.06678,4.33029]},"faces":{"north":{"uv":[2.5,0,2.5,5.5],"texture":"#0"},"east":{"uv":[9,0,12,11],"texture":"#3"},"south":{"uv":[2.5,0,2.5,5.5],"texture":"#0"},"west":{"uv":[12,0,9,11],"texture":"#3"},"up":{"uv":[0,0,5.75,0],"rotation":270,"texture":"#0"},"down":{"uv":[0,0,5.75,0],"rotation":90,"texture":"#0"}}},{"from":[16.70762,-5.56678,8.7104],"to":[19.70762,2.43322,8.7104],"rotation":{"angle":-45,"axis":"y","origin":[16.7,-3.06678,8.68029]},"faces":{"north":{"uv":[15,8,12,16],"texture":"#3"},"east":{"uv":[2.5,0,2.5,5.5],"texture":"#0"},"south":{"uv":[12,8,15,16],"texture":"#3"},"west":{"uv":[2.5,0,2.5,5.5],"texture":"#0"},"up":{"uv":[0,0,5.75,0],"texture":"#0"},"down":{"uv":[0,0,5.75,0],"texture":"#0"}}},{"from":[-3.70762,-5.56678,8.7104],"to":[-0.70762,2.43322,8.7104],"rotation":{"angle":45,"axis":"y","origin":[-0.7,-3.06678,8.68029]},"faces":{"north":{"uv":[12,8,15,16],"texture":"#3"},"east":{"uv":[2.5,0,2.5,5.5],"texture":"#0"},"south":{"uv":[15,8,12,16],"texture":"#3"},"west":{"uv":[2.5,0,2.5,5.5],"texture":"#0"},"up":{"uv":[5.75,0,0,0],"texture":"#0"},"down":{"uv":[5.75,0,0,0],"texture":"#0"}}},{"from":[0.16465,-8.56678,1.32544],"to":[0.16465,2.43322,4.32544],"rotation":{"angle":22.5,"axis":"y","origin":[0.2,-3.06678,4.33029]},"faces":{"north":{"uv":[2.5,0,2.5,5.5],"texture":"#0"},"east":{"uv":[9,0,12,11],"texture":"#3"},"south":{"uv":[2.5,0,2.5,5.5],"texture":"#0"},"west":{"uv":[12,0,9,11],"texture":"#3"},"up":{"uv":[0,0,5.75,0],"rotation":270,"texture":"#0"},"down":{"uv":[0,0,5.75,0],"rotation":90,"texture":"#0"}}},{"from":[-1,-9.31678,7.18029],"to":[3,1.68322,7.18029],"rotation":{"angle":-45,"axis":"y","origin":[3,-3.06678,7.18029]},"faces":{"north":{"uv":[8,0,12,11],"texture":"#2"},"east":{"uv":[2.5,0,2.5,5.5],"texture":"#0"},"south":{"uv":[12,0,8,11],"texture":"#2"},"west":{"uv":[2.5,0,2.5,5.5],"texture":"#0"},"up":{"uv":[5.75,0,0,0],"texture":"#0"},"down":{"uv":[5.75,0,0,0],"texture":"#0"}}},{"from":[-2.80484,-8.56678,4.36564],"to":[0.19515,2.43322,4.36564],"rotation":{"angle":-45,"axis":"y","origin":[0.2,-3.06678,4.33029]},"faces":{"north":{"uv":[6,0,9,11],"texture":"#3"},"east":{"uv":[2.5,0,2.5,5.5],"texture":"#0"},"south":{"uv":[9,0,6,11],"texture":"#3"},"west":{"uv":[2.5,0,2.5,5.5],"texture":"#0"},"up":{"uv":[5.75,0,0,0],"texture":"#0"},"down":{"uv":[5.75,0,0,0],"texture":"#0"}}},{"from":[-4,-8.56678,7.18029],"to":[-1,2.43322,7.18029],"rotation":{"angle":0,"axis":"y","origin":[3,-3.06678,7.18029]},"faces":{"north":{"uv":[0,0,3,11],"texture":"#3"},"east":{"uv":[2.5,0,2.5,5.5],"texture":"#3"},"south":{"uv":[3,0,0,11],"texture":"#3"},"west":{"uv":[2.5,0,2.5,5.5],"texture":"#3"},"up":{"uv":[5.75,0,0,0],"texture":"#3"},"down":{"uv":[5.75,0,0,0],"texture":"#3"}}},{"from":[-1,-9.31678,7.18029],"to":[3,1.68322,7.18029],"rotation":{"angle":0,"axis":"y","origin":[3,-3.06678,7.18029]},"faces":{"north":{"uv":[0,0,4,11],"texture":"#2"},"east":{"uv":[0,0,0,11],"texture":"#2"},"south":{"uv":[4,0,0,11],"texture":"#2"},"west":{"uv":[0,0,0,11],"texture":"#2"},"up":{"uv":[5.75,0,0,0],"texture":"#2"},"down":{"uv":[5.75,0,0,0],"texture":"#2"}}},{"from":[-4,-8.56678,7.18029],"to":[-1,2.43322,7.18029],"rotation":{"angle":-22.5,"axis":"y","origin":[3,-3.06678,7.18029]},"faces":{"north":{"uv":[3,0,6,11],"texture":"#3"},"east":{"uv":[2.5,0,2.5,5.5],"texture":"#0"},"south":{"uv":[6,0,3,11],"texture":"#3"},"west":{"uv":[2.5,0,2.5,5.5],"texture":"#0"},"up":{"uv":[5.75,0,0,0],"texture":"#0"},"down":{"uv":[5.75,0,0,0],"texture":"#0"}}},{"from":[-1,-9.31678,7.18029],"to":[3,1.68322,7.18029],"rotation":{"angle":-22.5,"axis":"y","origin":[3,-3.06678,7.18029]},"faces":{"north":{"uv":[4,0,8,11],"texture":"#2"},"east":{"uv":[0,0,0,11],"texture":"#2"},"south":{"uv":[8,0,4,11],"texture":"#2"},"west":{"uv":[0,0,0,11],"texture":"#2"},"up":{"uv":[5.75,0,0,0],"texture":"#0"},"down":{"uv":[5.75,0,0,0],"texture":"#0"}}},{"from":[-3.70762,-5.56678,8.7104],"to":[-0.70762,2.43322,8.7104],"rotation":{"angle":22.5,"axis":"y","origin":[-0.7,-3.06678,8.68029]},"faces":{"north":{"uv":[12,0,15,8],"texture":"#3"},"east":{"uv":[2.5,0,2.5,5.5],"texture":"#0"},"south":{"uv":[15,0,12,8],"texture":"#3"},"west":{"uv":[2.5,0,2.5,5.5],"texture":"#0"},"up":{"uv":[5.75,0,0,0],"texture":"#0"},"down":{"uv":[5.75,0,0,0],"texture":"#0"}}},{"from":[-1,-9.31678,7.18029],"to":[3,1.68322,7.18029],"rotation":{"angle":22.5,"axis":"y","origin":[3,-3.06678,7.18029]},"faces":{"north":{"uv":[12,0,16,11],"texture":"#2"},"east":{"uv":[2.5,0,2.5,5.5],"texture":"#0"},"south":{"uv":[16,0,12,11],"texture":"#2"},"west":{"uv":[2.5,0,2.5,5.5],"texture":"#0"},"up":{"uv":[5.75,0,0,0],"texture":"#0"},"down":{"uv":[5.75,0,0,0],"texture":"#0"}}}],"gui_light":"front","display":{"thirdperson_righthand":{"rotation":[67.5,180,0],"translation":[0,0.75,1.25],"scale":[0.32031,0.32031,0.32031]},"thirdperson_lefthand":{"rotation":[68,0,0],"translation":[-5.25,-3.5,13.25],"scale":[1.15,1.15,1.15]},"firstperson_righthand":{"translation":[-0.5,-0.25,2.25],"scale":[0.5,0.5,0.5]},"firstperson_lefthand":{"rotation":[0,-92,0],"translation":[0.5,3,2.25],"scale":[0,0,0]},"ground":{"rotation":[70,0,0],"translation":[0,5,0],"scale":[0.5,0.5,0.5]},"gui":{"translation":[0,-0.75,0],"scale":[0.36493,0.36493,0.36493]},"head":{"rotation":[3,0,0],"translation":[0,-60.5,11.5],"scale":[3,3,3]},"fixed":{"rotation":[0,180,0],"translation":[0,0.75,-1.75],"scale":[1.18391,1.18391,1.18391]}},"groups":[{"name":"group","origin":[18,10,8],"color":0,"boneType":"","children":[0,1,2,3,4,5,6,7,8,9,10,11,12,13,14,15,16,17,18,19,20,21,22,23,24,25,26,27,28,29,30,31,32,33,34,35,36,37,38,39,40,41]}]}