{"credit":"Made with Blockbench","textures":{"1":"furnituresplus:furnituresplus/redpaint","2":"furnituresplus:furnituresplus/redpaintc","3":"furnituresplus:furnituresplus/redpaintb","4":"furnituresplus:furnituresplus/oakchisledr","particle":"furnituresplus:furnituresplus/redpaint"},"elements":[{"from":[-1.9,0,0],"to":[8.1,1,1],"faces":{"north":{"uv":[0,0,16,1],"texture":"#4"},"east":{"uv":[0,0,1,1],"texture":"#4"},"south":{"uv":[0,0,16,1],"texture":"#4"},"west":{"uv":[0,0,1,1],"texture":"#4"},"up":{"uv":[0,0,16,1],"texture":"#4"},"down":{"uv":[0,0,16,1],"texture":"#4"}}},{"from":[-1.9,9,0],"to":[8.1,10,1],"faces":{"north":{"uv":[0,0,16,1],"texture":"#4"},"east":{"uv":[0,0,1,1],"texture":"#4"},"south":{"uv":[0,0,16,1],"texture":"#4"},"west":{"uv":[0,0,1,1],"texture":"#4"},"up":{"uv":[0,0,16,1],"texture":"#4"},"down":{"uv":[0,0,16,1],"texture":"#4"}}},{"from":[-0.9,1,0],"to":[7.1,9,0.3],"faces":{"north":{"uv":[0,0,16,16],"texture":"#4"},"east":{"uv":[0,0,0.3,16],"texture":"#4"},"south":{"uv":[0,0,16,16],"texture":"#1"},"west":{"uv":[0,0,0.3,16],"texture":"#4"},"up":{"uv":[0,0,16,0.3],"texture":"#4"},"down":{"uv":[0,0,16,0.3],"texture":"#4"}}},{"from":[-0.9,12.1,0],"to":[7.1,20.1,0.3],"faces":{"north":{"uv":[0,0,16,16],"texture":"#3"},"east":{"uv":[0,0,0.3,16],"texture":"#3"},"south":{"uv":[0,0,16,16],"texture":"#3"},"west":{"uv":[0,0,0.3,16],"texture":"#3"},"up":{"uv":[0,0,16,0.3],"texture":"#3"},"down":{"uv":[0,0,16,0.3],"texture":"#3"}}},{"from":[-1.9,1,0],"to":[-0.9,9,1],"faces":{"north":{"uv":[0,0,1,16],"texture":"#4"},"east":{"uv":[0,0,1,16],"texture":"#4"},"south":{"uv":[0,0,1,16],"texture":"#4"},"west":{"uv":[0,0,1,16],"texture":"#4"},"up":{"uv":[0,0,1,1],"texture":"#4"},"down":{"uv":[0,0,1,1],"texture":"#4"}}},{"from":[7.1,1,0],"to":[8.1,9,1],"faces":{"north":{"uv":[0,0,1,16],"texture":"#4"},"east":{"uv":[0,0,1,16],"texture":"#4"},"south":{"uv":[0,0,1,16],"texture":"#4"},"west":{"uv":[0,0,1,16],"texture":"#4"},"up":{"uv":[0,0,1,1],"texture":"#4"},"down":{"uv":[0,0,1,1],"texture":"#4"}}},{"from":[7.1,12.1,0],"to":[8.1,20.1,1],"faces":{"north":{"uv":[0,0,1,16],"texture":"#4"},"east":{"uv":[0,0,1,16],"texture":"#4"},"south":{"uv":[0,0,1,16],"texture":"#4"},"west":{"uv":[0,0,1,16],"texture":"#4"},"up":{"uv":[0,0,1,1],"texture":"#4"},"down":{"uv":[0,0,1,1],"texture":"#4"}}},{"from":[-1.9,20.1,0],"to":[8.1,21.1,1],"faces":{"north":{"uv":[0,0,16,1],"texture":"#4"},"east":{"uv":[0,0,1,1],"texture":"#4"},"south":{"uv":[0,0,16,1],"texture":"#4"},"west":{"uv":[0,0,1,1],"texture":"#4"},"up":{"uv":[0,0,16,1],"texture":"#4"},"down":{"uv":[0,0,16,1],"texture":"#4"}}},{"from":[-1.9,12.1,0],"to":[-0.9,20.1,1],"faces":{"north":{"uv":[0,0,1,16],"texture":"#4"},"east":{"uv":[0,0,1,16],"texture":"#4"},"south":{"uv":[0,0,1,16],"texture":"#4"},"west":{"uv":[0,0,1,16],"texture":"#4"},"up":{"uv":[0,0,1,1],"texture":"#4"},"down":{"uv":[0,0,1,1],"texture":"#4"}}},{"from":[-1.9,11.1,0],"to":[8.1,12.1,1],"faces":{"north":{"uv":[0,0,16,1],"texture":"#4"},"east":{"uv":[0,0,1,1],"texture":"#4"},"south":{"uv":[0,0,16,1],"texture":"#4"},"west":{"uv":[0,0,1,1],"texture":"#4"},"up":{"uv":[0,0,16,1],"texture":"#4"},"down":{"uv":[0,0,16,1],"texture":"#4"}}},{"from":[9.1,0,0],"to":[19.1,1,1],"faces":{"north":{"uv":[0,0,16,1],"texture":"#4"},"east":{"uv":[0,0,1,1],"texture":"#4"},"south":{"uv":[0,0,16,1],"texture":"#4"},"west":{"uv":[0,0,1,1],"texture":"#4"},"up":{"uv":[0,0,16,1],"texture":"#4"},"down":{"uv":[0,0,16,1],"texture":"#4"}}},{"from":[10.1,1,0],"to":[18.1,13,0.3],"faces":{"north":{"uv":[0,0,16,16],"texture":"#2"},"east":{"uv":[0,0,0.3,16],"texture":"#2"},"south":{"uv":[0,0,16,16],"texture":"#2"},"west":{"uv":[0,0,0.3,16],"texture":"#2"},"up":{"uv":[0,0,16,0.3],"texture":"#2"},"down":{"uv":[0,0,16,0.3],"texture":"#2"}}},{"from":[9.1,1,0],"to":[10.1,13,1],"faces":{"north":{"uv":[0,0,1,16],"texture":"#4"},"east":{"uv":[0,0,1,16],"texture":"#4"},"south":{"uv":[0,0,1,16],"texture":"#4"},"west":{"uv":[0,0,1,16],"texture":"#4"},"up":{"uv":[0,0,1,1],"texture":"#4"},"down":{"uv":[0,0,1,1],"texture":"#4"}}},{"from":[18.1,1,0],"to":[19.1,13,1],"faces":{"north":{"uv":[0,0,1,16],"texture":"#4"},"east":{"uv":[0,0,1,16],"texture":"#4"},"south":{"uv":[0,0,1,16],"texture":"#4"},"west":{"uv":[0,0,1,16],"texture":"#4"},"up":{"uv":[0,0,1,1],"texture":"#4"},"down":{"uv":[0,0,1,1],"texture":"#4"}}},{"from":[9.1,13,0],"to":[19.1,14,1],"faces":{"north":{"uv":[0,0,16,1],"texture":"#4"},"east":{"uv":[0,0,1,1],"texture":"#4"},"south":{"uv":[0,0,16,1],"texture":"#4"},"west":{"uv":[0,0,1,1],"texture":"#4"},"up":{"uv":[0,0,16,1],"texture":"#4"},"down":{"uv":[0,0,16,1],"texture":"#4"}}}],"display":{"thirdperson_righthand":{"rotation":[75,45,0],"translation":[0,2.5,0],"scale":[0.375,0.375,0.375]},"thirdperson_lefthand":{"rotation":[75,45,0],"translation":[0,2.5,0],"scale":[0.375,0.375,0.375]},"firstperson_righthand":{"rotation":[0,45,0],"scale":[0.4,0.4,0.4]},"firstperson_lefthand":{"rotation":[0,45,0],"scale":[0.4,0.4,0.4]},"ground":{"translation":[0,2,0],"scale":[0.5,0.5,0.5]},"gui":{"rotation":[30,45,0],"translation":[1.75,-3.35,0],"scale":[0.5,0.5,0.5]},"head":{"translation":[0,-30.4,0],"scale":[1.6,1.6,1.6]},"fixed":{"rotation":[-90,180,0],"translation":[0,0,-14],"scale":[2.01,2.01,2.01]}}}