{"credit":"MadewithBlockbench","textures":{"1":"block/acacia_planks","2":"block/hay_block_side","3":"block/hay_block_top"},"elements":[{"from":[0,1,0],"to":[16,3,2],"rotation":{"angle":0,"axis":"y","origin":[8,1,8]},"faces":{"north":{"uv":[0,0,16,2],"texture":"#1"},"east":{"uv":[0,0,2,2],"texture":"#1"},"south":{"uv":[0,0,16,2],"texture":"#1"},"west":{"uv":[0,0,2,2],"texture":"#1"},"up":{"uv":[0,0,2,16],"rotation":90,"texture":"#1"},"down":{"uv":[0,0,2,16],"rotation":270,"texture":"#1"}}},{"from":[0,1,14],"to":[16,3,16],"rotation":{"angle":0,"axis":"y","origin":[8,1,8]},"faces":{"north":{"uv":[0,0,16,2],"texture":"#1"},"east":{"uv":[0,0,2,2],"texture":"#1"},"south":{"uv":[0,0,16,2],"texture":"#1"},"west":{"uv":[0,0,2,2],"texture":"#1"},"up":{"uv":[0,0,2,16],"rotation":90,"texture":"#1"},"down":{"uv":[0,0,2,16],"rotation":270,"texture":"#1"}}},{"from":[0,1,11],"to":[16,3,13],"rotation":{"angle":0,"axis":"y","origin":[8,1,8]},"faces":{"north":{"uv":[0,0,16,2],"texture":"#1"},"east":{"uv":[0,0,2,2],"texture":"#1"},"south":{"uv":[0,0,16,2],"texture":"#1"},"west":{"uv":[0,0,2,2],"texture":"#1"},"up":{"uv":[0,0,2,16],"rotation":90,"texture":"#1"},"down":{"uv":[0,0,2,16],"rotation":270,"texture":"#1"}}},{"from":[0,1,3],"to":[16,3,5],"rotation":{"angle":0,"axis":"y","origin":[8,1,8]},"faces":{"north":{"uv":[0,0,16,2],"texture":"#1"},"east":{"uv":[0,0,2,2],"texture":"#1"},"south":{"uv":[0,0,16,2],"texture":"#1"},"west":{"uv":[0,0,2,2],"texture":"#1"},"up":{"uv":[0,0,2,16],"rotation":90,"texture":"#1"},"down":{"uv":[0,0,2,16],"rotation":270,"texture":"#1"}}},{"from":[0,1,7],"to":[16,3,9],"rotation":{"angle":0,"axis":"y","origin":[8,1,8]},"faces":{"north":{"uv":[0,0,16,2],"texture":"#1"},"east":{"uv":[0,0,2,2],"texture":"#1"},"south":{"uv":[0,0,16,2],"texture":"#1"},"west":{"uv":[0,0,2,2],"texture":"#1"},"up":{"uv":[0,0,2,16],"rotation":90,"texture":"#1"},"down":{"uv":[0,0,2,16],"rotation":270,"texture":"#1"}}},{"from":[13,0,-1],"to":[15,2,17],"rotation":{"angle":0,"axis":"y","origin":[8,1,8]},"faces":{"north":{"uv":[0,0,2,2],"texture":"#1"},"east":{"uv":[0,0,16,2],"texture":"#1"},"south":{"uv":[0,0,2,2],"texture":"#1"},"west":{"uv":[0,0,16,2],"texture":"#1"},"up":{"uv":[0,0,2,16],"rotation":180,"texture":"#1"},"down":{"uv":[0,0,2,16],"rotation":180,"texture":"#1"}}},{"from":[1,0,-1],"to":[3,2,17],"rotation":{"angle":0,"axis":"y","origin":[8,1,8]},"faces":{"north":{"uv":[0,0,2,2],"texture":"#1"},"east":{"uv":[0,0,16,2],"texture":"#1"},"south":{"uv":[0,0,2,2],"texture":"#1"},"west":{"uv":[0,0,16,2],"texture":"#1"},"up":{"uv":[0,0,2,16],"rotation":180,"texture":"#1"},"down":{"uv":[0,0,2,16],"rotation":180,"texture":"#1"}}},{"from":[4,0,-1],"to":[6,2,17],"rotation":{"angle":0,"axis":"y","origin":[8,1,8]},"faces":{"north":{"uv":[0,0,2,2],"texture":"#1"},"east":{"uv":[0,0,16,2],"texture":"#1"},"south":{"uv":[0,0,2,2],"texture":"#1"},"west":{"uv":[0,0,16,2],"texture":"#1"},"up":{"uv":[0,0,2,16],"rotation":180,"texture":"#1"},"down":{"uv":[0,0,2,16],"rotation":180,"texture":"#1"}}},{"from":[10,0,-1],"to":[12,2,17],"rotation":{"angle":0,"axis":"y","origin":[8,1,8]},"faces":{"north":{"uv":[0,0,2,2],"texture":"#1"},"east":{"uv":[0,0,16,2],"texture":"#1"},"south":{"uv":[0,0,2,2],"texture":"#1"},"west":{"uv":[0,0,16,2],"texture":"#1"},"up":{"uv":[0,0,2,16],"rotation":180,"texture":"#1"},"down":{"uv":[0,0,2,16],"rotation":180,"texture":"#1"}}},{"from":[7,0,-1],"to":[9,2,17],"rotation":{"angle":0,"axis":"y","origin":[8,1,8]},"faces":{"north":{"uv":[0,0,2,2],"texture":"#1"},"east":{"uv":[0,0,16,2],"texture":"#1"},"south":{"uv":[0,0,2,2],"texture":"#1"},"west":{"uv":[0,0,16,2],"texture":"#1"},"up":{"uv":[0,0,2,16],"rotation":180,"texture":"#1"},"down":{"uv":[0,0,2,16],"rotation":180,"texture":"#1"}}},{"from":[0,3,0],"to":[7,8,16],"faces":{"north":{"uv":[0,0,7,5],"texture":"#3"},"east":{"uv":[0,0,5,16],"rotation":90,"texture":"#2"},"south":{"uv":[0,0,7,5],"texture":"#3"},"west":{"uv":[0,0,5,16],"rotation":270,"texture":"#2"},"up":{"uv":[0,0,7,16],"texture":"#2"},"down":{"uv":[0,0,7,16],"rotation":180,"texture":"#2"}}},{"from":[8,3,0],"to":[16,8,16],"faces":{"north":{"uv":[0,0,8,5],"texture":"#3"},"east":{"uv":[0,0,5,16],"rotation":90,"texture":"#2"},"south":{"uv":[0,0,8,5],"texture":"#3"},"west":{"uv":[0,0,5,16],"rotation":270,"texture":"#2"},"up":{"uv":[0,0,8,16],"texture":"#2"},"down":{"uv":[0,0,8,16],"rotation":180,"texture":"#2"}}},{"from":[1,8,0],"to":[11,16,16],"faces":{"north":{"uv":[0,0,10,8],"texture":"#3"},"east":{"uv":[0,0,8,16],"rotation":90,"texture":"#2"},"south":{"uv":[0,0,10,8],"texture":"#3"},"west":{"uv":[0,0,8,16],"rotation":270,"texture":"#2"},"up":{"uv":[0,0,10,16],"texture":"#2"},"down":{"uv":[0,0,10,16],"rotation":180,"texture":"#2"}}}],"display":{"thirdperson_righthand":{"rotation":[45,25,0],"translation":[0,2,0],"scale":[0.3,0.3,0.3]},"thirdperson_lefthand":{"rotation":[45,25,0],"translation":[0,2,0],"scale":[0.3,0.3,0.3]},"firstperson_righthand":{"rotation":[0,25,0],"translation":[0,2,0],"scale":[0.5,0.5,0.5]},"firstperson_lefthand":{"rotation":[0,25,0],"translation":[0,2,0],"scale":[0.5,0.5,0.5]},"ground":{"scale":[0.3,0.3,0.3]},"gui":{"rotation":[25,135,0],"translation":[0,-1.5,0],"scale":[0.5,0.5,0.5]},"head":{"rotation":[0,-180,0],"translation":[0,-14.65,0],"scale":[2.2855,2.2855,2.2855]},"fixed":{"translation":[0,-3,-8.25]}}}