{"credit":"MadewithBlockbench","textures":{"1":"block/birch_log","3":"block/birch_planks","4":"block/stripped_birch_log","particle":"block/stripped_birch_log_top"},"elements":[{"from":[-16,0,0],"to":[-14,2,16],"faces":{"north":{"uv":[0,0,2,2],"texture":"#3"},"east":{"uv":[0,0,16,2],"texture":"#3"},"south":{"uv":[0,0,2,2],"texture":"#3"},"west":{"uv":[0,0,16,2],"texture":"#3"},"up":{"uv":[0,0,2,16],"texture":"#3"},"down":{"uv":[0,0,2,16],"texture":"#3"}}},{"from":[-16,2,0],"to":[-14,15,2],"faces":{"north":{"uv":[0,0,2,13],"texture":"#3"},"east":{"uv":[0,0,2,13],"texture":"#3"},"south":{"uv":[0,0,2,13],"texture":"#3"},"west":{"uv":[0,0,2,13],"texture":"#3"},"up":{"uv":[0,0,2,2],"texture":"#3"},"down":{"uv":[0,0,2,2],"texture":"#3"}}},{"from":[-16,2,14],"to":[-14,15,16],"faces":{"north":{"uv":[0,0,2,13],"texture":"#3"},"east":{"uv":[0,0,2,13],"texture":"#3"},"south":{"uv":[0,0,2,13],"texture":"#3"},"west":{"uv":[0,0,2,13],"texture":"#3"},"up":{"uv":[0,0,2,2],"texture":"#3"},"down":{"uv":[0,0,2,2],"texture":"#3"}}},{"from":[14,2,14],"to":[16,15,16],"faces":{"north":{"uv":[0,0,2,13],"texture":"#3"},"east":{"uv":[0,0,2,13],"texture":"#3"},"south":{"uv":[0,0,2,13],"texture":"#3"},"west":{"uv":[0,0,2,13],"texture":"#3"},"up":{"uv":[0,0,2,2],"texture":"#3"},"down":{"uv":[0,0,2,2],"texture":"#3"}}},{"from":[14,0,0],"to":[16,2,16],"faces":{"north":{"uv":[0,0,2,2],"texture":"#3"},"east":{"uv":[0,0,16,2],"texture":"#3"},"south":{"uv":[0,0,2,2],"texture":"#3"},"west":{"uv":[0,0,16,2],"texture":"#3"},"up":{"uv":[0,0,2,16],"texture":"#3"},"down":{"uv":[0,0,2,16],"texture":"#3"}}},{"from":[14,2,0],"to":[16,15,2],"faces":{"north":{"uv":[0,0,2,13],"texture":"#3"},"east":{"uv":[0,0,2,13],"texture":"#3"},"south":{"uv":[0,0,2,13],"texture":"#3"},"west":{"uv":[0,0,2,13],"texture":"#3"},"up":{"uv":[0,0,2,2],"texture":"#3"},"down":{"uv":[0,0,2,2],"texture":"#3"}}},{"from":[0,9,1],"to":[14,15,16],"faces":{"north":{"uv":[0,0,14,6],"texture":"#4"},"east":{"uv":[0,0,15,6],"texture":"#4"},"south":{"uv":[0,0,14,6],"texture":"#4"},"west":{"uv":[0,0,15,6],"texture":"#4"},"up":{"uv":[0,0,14,15],"texture":"#4"},"down":{"uv":[0,0,14,15],"texture":"#4"}}},{"from":[-14,9,1],"to":[0,15,16],"faces":{"north":{"uv":[0,0,14,6],"texture":"#4"},"east":{"uv":[0,0,15,6],"texture":"#4"},"south":{"uv":[0,0,14,6],"texture":"#4"},"west":{"uv":[0,0,15,6],"texture":"#4"},"up":{"uv":[0,0,14,15],"texture":"#4"},"down":{"uv":[0,0,14,15],"texture":"#4"}}},{"from":[0,15,-1],"to":[17,16,17],"faces":{"north":{"uv":[0,0,16,1],"texture":"#1"},"east":{"uv":[0,0,16,1],"texture":"#1"},"south":{"uv":[0,0,16,1],"texture":"#1"},"west":{"uv":[0,0,16,1],"texture":"#1"},"up":{"uv":[0,0,16,16],"texture":"#1"},"down":{"uv":[0,0,16,16],"texture":"#1"}}},{"from":[-16,15,-1],"to":[0,16,17],"faces":{"north":{"uv":[0,0,16,1],"texture":"#1"},"east":{"uv":[0,0,16,1],"texture":"#1"},"south":{"uv":[0,0,16,1],"texture":"#1"},"west":{"uv":[0,0,16,1],"texture":"#1"},"up":{"uv":[0,0,16,16],"texture":"#1"},"down":{"uv":[0,0,16,16],"texture":"#1"}}},{"from":[5,11,0],"to":[10,12,1],"faces":{"north":{"uv":[0,0,5,1],"texture":"#1"},"east":{"uv":[0,0,1,1],"texture":"#1"},"south":{"uv":[0,0,5,1],"texture":"#1"},"west":{"uv":[0,0,1,1],"texture":"#1"},"up":{"uv":[0,0,5,1],"texture":"#1"},"down":{"uv":[0,0,5,1],"texture":"#1"}}},{"from":[1,9,0],"to":[14,10,1],"faces":{"north":{"uv":[0,0,13,1],"texture":"#1"},"east":{"uv":[0,0,1,1],"texture":"#1"},"south":{"uv":[0,0,13,1],"texture":"#1"},"west":{"uv":[0,0,1,1],"texture":"#1"},"up":{"uv":[0,0,13,1],"texture":"#1"},"down":{"uv":[0,0,13,1],"texture":"#1"}}},{"from":[1,14,0],"to":[14,15,1],"faces":{"north":{"uv":[0,0,13,1],"texture":"#1"},"east":{"uv":[0,0,1,1],"texture":"#1"},"south":{"uv":[0,0,13,1],"texture":"#1"},"west":{"uv":[0,0,1,1],"texture":"#1"},"up":{"uv":[0,0,13,1],"texture":"#1"},"down":{"uv":[0,0,13,1],"texture":"#1"}}},{"from":[14,14,2],"to":[15,15,14],"faces":{"north":{"uv":[0,0,1,1],"texture":"#1"},"east":{"uv":[0,0,12,1],"texture":"#1"},"south":{"uv":[0,0,1,1],"texture":"#1"},"west":{"uv":[0,0,12,1],"texture":"#1"},"up":{"uv":[0,0,1,12],"texture":"#1"},"down":{"uv":[0,0,1,12],"texture":"#1"}}},{"from":[14,9,2],"to":[15,10,14],"faces":{"north":{"uv":[0,0,1,1],"texture":"#1"},"east":{"uv":[0,0,12,1],"texture":"#1"},"south":{"uv":[0,0,1,1],"texture":"#1"},"west":{"uv":[0,0,12,1],"texture":"#1"},"up":{"uv":[0,0,1,12],"texture":"#1"},"down":{"uv":[0,0,1,12],"texture":"#1"}}},{"from":[14,10,13],"to":[15,14,14],"faces":{"north":{"uv":[0,0,1,4],"texture":"#1"},"east":{"uv":[0,0,1,4],"texture":"#1"},"south":{"uv":[0,0,1,4],"texture":"#1"},"west":{"uv":[0,0,1,4],"texture":"#1"},"up":{"uv":[0,0,1,1],"texture":"#1"},"down":{"uv":[0,0,1,1],"texture":"#1"}}},{"from":[14,10,2],"to":[15,14,3],"faces":{"north":{"uv":[0,0,1,4],"texture":"#1"},"east":{"uv":[0,0,1,4],"texture":"#1"},"south":{"uv":[0,0,1,4],"texture":"#1"},"west":{"uv":[0,0,1,4],"texture":"#1"},"up":{"uv":[0,0,1,1],"texture":"#1"},"down":{"uv":[0,0,1,1],"texture":"#1"}}},{"from":[-15,10,2],"to":[-14,14,3],"rotation":{"angle":0,"axis":"y","origin":[16,0,0]},"faces":{"north":{"uv":[1,0,2,4],"texture":"#1"},"east":{"uv":[1,0,2,4],"texture":"#1"},"south":{"uv":[1,0,2,4],"texture":"#1"},"west":{"uv":[1,0,2,4],"texture":"#1"},"up":{"uv":[1,0,2,1],"texture":"#1"},"down":{"uv":[1,0,2,1],"texture":"#1"}}},{"from":[-15,10,13],"to":[-14,14,14],"rotation":{"angle":0,"axis":"y","origin":[16,0,0]},"faces":{"north":{"uv":[1,0,2,4],"texture":"#1"},"east":{"uv":[1,0,2,4],"texture":"#1"},"south":{"uv":[1,0,2,4],"texture":"#1"},"west":{"uv":[1,0,2,4],"texture":"#1"},"up":{"uv":[1,0,2,1],"texture":"#1"},"down":{"uv":[1,0,2,1],"texture":"#1"}}},{"from":[-15,14,2],"to":[-14,15,14],"rotation":{"angle":0,"axis":"y","origin":[16,0,0]},"faces":{"north":{"uv":[1,0,2,1],"texture":"#1"},"east":{"uv":[4,0,16,1],"texture":"#1"},"south":{"uv":[1,0,2,1],"texture":"#1"},"west":{"uv":[4,0,16,1],"texture":"#1"},"up":{"uv":[1,0,2,12],"texture":"#1"},"down":{"uv":[1,0,2,12],"texture":"#1"}}},{"from":[-15,9,2],"to":[-14,10,14],"rotation":{"angle":0,"axis":"y","origin":[16,0,0]},"faces":{"north":{"uv":[1,0,2,1],"texture":"#1"},"east":{"uv":[4,0,16,1],"texture":"#1"},"south":{"uv":[1,0,2,1],"texture":"#1"},"west":{"uv":[4,0,16,1],"texture":"#1"},"up":{"uv":[1,0,2,12],"texture":"#1"},"down":{"uv":[1,0,2,12],"texture":"#1"}}},{"from":[13,10,0],"to":[14,14,1],"faces":{"north":{"uv":[0,0,1,4],"texture":"#1"},"east":{"uv":[0,0,1,4],"texture":"#1"},"south":{"uv":[0,0,1,4],"texture":"#1"},"west":{"uv":[0,0,1,4],"texture":"#1"},"up":{"uv":[0,0,1,1],"texture":"#1"},"down":{"uv":[0,0,1,1],"texture":"#1"}}},{"from":[1,10,0],"to":[2,14,1],"faces":{"north":{"uv":[0,0,1,4],"texture":"#1"},"east":{"uv":[0,0,1,4],"texture":"#1"},"south":{"uv":[0,0,1,4],"texture":"#1"},"west":{"uv":[0,0,1,4],"texture":"#1"},"up":{"uv":[0,0,1,1],"texture":"#1"},"down":{"uv":[0,0,1,1],"texture":"#1"}}},{"from":[-10,11,0],"to":[-5,12,1],"faces":{"north":{"uv":[0,0,5,1],"texture":"#1"},"east":{"uv":[0,0,1,1],"texture":"#1"},"south":{"uv":[0,0,5,1],"texture":"#1"},"west":{"uv":[0,0,1,1],"texture":"#1"},"up":{"uv":[0,0,5,1],"texture":"#1"},"down":{"uv":[0,0,5,1],"texture":"#1"}}},{"from":[-14,14,0],"to":[-1,15,1],"faces":{"north":{"uv":[0,0,13,1],"texture":"#1"},"east":{"uv":[0,0,1,1],"texture":"#1"},"south":{"uv":[0,0,13,1],"texture":"#1"},"west":{"uv":[0,0,1,1],"texture":"#1"},"up":{"uv":[0,0,13,1],"texture":"#1"},"down":{"uv":[0,0,13,1],"texture":"#1"}}},{"from":[-14,10,0],"to":[-13,14,1],"faces":{"north":{"uv":[0,0,1,4],"texture":"#1"},"east":{"uv":[0,0,1,4],"texture":"#1"},"south":{"uv":[0,0,1,4],"texture":"#1"},"west":{"uv":[0,0,1,4],"texture":"#1"},"up":{"uv":[0,0,1,1],"texture":"#1"},"down":{"uv":[0,0,1,1],"texture":"#1"}}},{"from":[-14,9,0],"to":[-1,10,1],"faces":{"north":{"uv":[0,0,13,1],"texture":"#1"},"east":{"uv":[0,0,1,1],"texture":"#1"},"south":{"uv":[0,0,13,1],"texture":"#1"},"west":{"uv":[0,0,1,1],"texture":"#1"},"up":{"uv":[0,0,13,1],"texture":"#1"},"down":{"uv":[0,0,13,1],"texture":"#1"}}},{"from":[-2,10,0],"to":[-1,14,1],"faces":{"north":{"uv":[0,0,1,4],"texture":"#1"},"east":{"uv":[0,0,1,4],"texture":"#1"},"south":{"uv":[0,0,1,4],"texture":"#1"},"west":{"uv":[0,0,1,4],"texture":"#1"},"up":{"uv":[0,0,1,1],"texture":"#1"},"down":{"uv":[0,0,1,1],"texture":"#1"}}}],"display":{"thirdperson_righthand":{"rotation":[45,25,0],"translation":[0,2,0],"scale":[0.3,0.3,0.3]},"thirdperson_lefthand":{"rotation":[45,25,0],"translation":[0,2,0],"scale":[0.3,0.3,0.3]},"firstperson_righthand":{"rotation":[0,25,0],"translation":[0,2,0],"scale":[0.5,0.5,0.5]},"firstperson_lefthand":{"rotation":[0,25,0],"translation":[0,2,0],"scale":[0.5,0.5,0.5]},"ground":{"scale":[0.3,0.3,0.3]},"gui":{"rotation":[25,135,0],"translation":[0,-1.5,0],"scale":[0.5,0.5,0.5]},"head":{"rotation":[0,-180,0],"translation":[0,-14.65,0],"scale":[2.2855,2.2855,2.2855]},"fixed":{"translation":[0,-3,-8.25]}}}