{"credit":"MadewithBlockbench","textures":{"0":"block/crimson_planks","1":"block/crimson_stem","particle":"block/crimson_planks"},"elements":[{"from":[0,0,0],"to":[16,2,3],"faces":{"north":{"uv":[0,0,16,2],"texture":"#0"},"east":{"uv":[0,0,3,2],"texture":"#0"},"south":{"uv":[0,0,16,2],"texture":"#0"},"west":{"uv":[0,0,3,2],"texture":"#0"},"up":{"uv":[0,0,16,3],"texture":"#0"},"down":{"uv":[0,0,16,3],"texture":"#0"}}},{"from":[0,0,4],"to":[16,2,7],"faces":{"north":{"uv":[0,0,16,2],"texture":"#0"},"east":{"uv":[0,0,3,2],"texture":"#0"},"south":{"uv":[0,0,16,2],"texture":"#0"},"west":{"uv":[0,0,3,2],"texture":"#0"},"up":{"uv":[0,0,16,3],"texture":"#0"},"down":{"uv":[0,0,16,3],"texture":"#0"}}},{"from":[0,0,13],"to":[16,2,16],"faces":{"north":{"uv":[0,0,16,2],"texture":"#0"},"east":{"uv":[0,0,3,2],"texture":"#0"},"south":{"uv":[0,0,16,2],"texture":"#0"},"west":{"uv":[0,0,3,2],"texture":"#0"},"up":{"uv":[0,0,16,3],"texture":"#0"},"down":{"uv":[0,0,16,3],"texture":"#0"}}},{"from":[0,3,0],"to":[2,6,16],"faces":{"north":{"uv":[0,0,2,3],"texture":"#0"},"east":{"uv":[0,0,16,3],"texture":"#0"},"south":{"uv":[0,0,2,3],"texture":"#0"},"west":{"uv":[0,0,16,3],"texture":"#0"},"up":{"uv":[0,0,2,16],"texture":"#0"},"down":{"uv":[0,0,2,16],"texture":"#0"}}},{"from":[0,7,0],"to":[2,10,16],"faces":{"north":{"uv":[0,0,2,3],"texture":"#0"},"east":{"uv":[0,0,16,3],"texture":"#0"},"south":{"uv":[0,0,2,3],"texture":"#0"},"west":{"uv":[0,0,16,3],"texture":"#0"},"up":{"uv":[0,0,2,16],"texture":"#0"},"down":{"uv":[0,0,2,16],"texture":"#0"}}},{"from":[14,7,0],"to":[16,10,16],"faces":{"north":{"uv":[0,0,2,3],"texture":"#0"},"east":{"uv":[0,0,16,3],"texture":"#0"},"south":{"uv":[0,0,2,3],"texture":"#0"},"west":{"uv":[0,0,16,3],"texture":"#0"},"up":{"uv":[0,0,2,16],"texture":"#0"},"down":{"uv":[0,0,2,16],"texture":"#0"}}},{"from":[14,3,0],"to":[16,6,16],"faces":{"north":{"uv":[0,0,2,3],"texture":"#0"},"east":{"uv":[0,0,16,3],"texture":"#0"},"south":{"uv":[0,0,2,3],"texture":"#0"},"west":{"uv":[0,0,16,3],"texture":"#0"},"up":{"uv":[0,0,2,16],"texture":"#0"},"down":{"uv":[0,0,2,16],"texture":"#0"}}},{"from":[2,3,0],"to":[14,6,2],"faces":{"north":{"uv":[0,0,12,3],"texture":"#0"},"east":{"uv":[0,0,2,3],"texture":"#0"},"south":{"uv":[0,0,12,3],"texture":"#0"},"west":{"uv":[0,0,2,3],"texture":"#0"},"up":{"uv":[0,0,12,2],"texture":"#0"},"down":{"uv":[0,0,12,2],"texture":"#0"}}},{"from":[2,3,14],"to":[14,6,16],"faces":{"north":{"uv":[0,0,12,3],"texture":"#0"},"east":{"uv":[0,0,2,3],"texture":"#0"},"south":{"uv":[0,0,12,3],"texture":"#0"},"west":{"uv":[0,0,2,3],"texture":"#0"},"up":{"uv":[0,0,12,2],"texture":"#0"},"down":{"uv":[0,0,12,2],"texture":"#0"}}},{"from":[13,2,13],"to":[15,9,15],"faces":{"north":{"uv":[0,0,2,7],"texture":"#0"},"east":{"uv":[0,0,2,7],"texture":"#0"},"south":{"uv":[0,0,2,7],"texture":"#0"},"west":{"uv":[0,0,2,7],"texture":"#0"},"up":{"uv":[0,0,2,2],"texture":"#0"},"down":{"uv":[0,0,2,2],"texture":"#0"}}},{"from":[1,2,13],"to":[3,9,15],"faces":{"north":{"uv":[0,0,2,7],"texture":"#0"},"east":{"uv":[0,0,2,7],"texture":"#0"},"south":{"uv":[0,0,2,7],"texture":"#0"},"west":{"uv":[0,0,2,7],"texture":"#0"},"up":{"uv":[0,0,2,2],"texture":"#0"},"down":{"uv":[0,0,2,2],"texture":"#0"}}},{"from":[1,2,1],"to":[3,9,3],"faces":{"north":{"uv":[0,0,2,7],"texture":"#0"},"east":{"uv":[0,0,2,7],"texture":"#0"},"south":{"uv":[0,0,2,7],"texture":"#0"},"west":{"uv":[0,0,2,7],"texture":"#0"},"up":{"uv":[0,0,2,2],"texture":"#0"},"down":{"uv":[0,0,2,2],"texture":"#0"}}},{"from":[13,2,1],"to":[15,9,3],"faces":{"north":{"uv":[0,0,2,7],"texture":"#0"},"east":{"uv":[0,0,2,7],"texture":"#0"},"south":{"uv":[0,0,2,7],"texture":"#0"},"west":{"uv":[0,0,2,7],"texture":"#0"},"up":{"uv":[0,0,2,2],"texture":"#0"},"down":{"uv":[0,0,2,2],"texture":"#0"}}},{"from":[2,7,14],"to":[14,10,16],"faces":{"north":{"uv":[0,0,12,3],"texture":"#0"},"east":{"uv":[0,0,2,3],"texture":"#0"},"south":{"uv":[0,0,12,3],"texture":"#0"},"west":{"uv":[0,0,2,3],"texture":"#0"},"up":{"uv":[0,0,12,2],"texture":"#0"},"down":{"uv":[0,0,12,2],"texture":"#0"}}},{"from":[2,7,0],"to":[14,10,2],"faces":{"north":{"uv":[0,0,12,3],"texture":"#0"},"east":{"uv":[0,0,2,3],"texture":"#0"},"south":{"uv":[0,0,12,3],"texture":"#0"},"west":{"uv":[0,0,2,3],"texture":"#0"},"up":{"uv":[0,0,12,2],"texture":"#0"},"down":{"uv":[0,0,12,2],"texture":"#0"}}},{"from":[0,0,9],"to":[16,2,12],"faces":{"north":{"uv":[0,0,16,2],"texture":"#0"},"east":{"uv":[0,0,3,2],"texture":"#0"},"south":{"uv":[0,0,16,2],"texture":"#0"},"west":{"uv":[0,0,3,2],"texture":"#0"},"up":{"uv":[0,0,16,3],"texture":"#0"},"down":{"uv":[0,0,16,3],"texture":"#0"}}},{"from":[0,1,3],"to":[16,2,4],"faces":{"north":{"uv":[0,0,16,1],"texture":"#1"},"east":{"uv":[0,0,1,1],"texture":"#1"},"south":{"uv":[0,0,16,1],"texture":"#1"},"west":{"uv":[0,0,1,1],"texture":"#1"},"up":{"uv":[0,0,16,1],"texture":"#1"},"down":{"uv":[0,0,16,1],"texture":"#1"}}},{"from":[0,1,7],"to":[16,2,9],"faces":{"north":{"uv":[0,0,16,1],"texture":"#1"},"east":{"uv":[0,0,2,1],"texture":"#1"},"south":{"uv":[0,0,16,1],"texture":"#1"},"west":{"uv":[0,0,2,1],"texture":"#1"},"up":{"uv":[0,0,16,2],"texture":"#1"},"down":{"uv":[0,0,16,2],"texture":"#1"}}},{"from":[0,1,12],"to":[16,2,13],"faces":{"north":{"uv":[0,0,16,1],"texture":"#1"},"east":{"uv":[0,0,1,1],"texture":"#1"},"south":{"uv":[0,0,16,1],"texture":"#1"},"west":{"uv":[0,0,1,1],"texture":"#1"},"up":{"uv":[0,0,16,1],"texture":"#1"},"down":{"uv":[0,0,16,1],"texture":"#1"}}}],"display":{"thirdperson_righthand":{"rotation":[45,25,0],"translation":[0,2,0],"scale":[0.3,0.3,0.3]},"thirdperson_lefthand":{"rotation":[45,25,0],"translation":[0,2,0],"scale":[0.3,0.3,0.3]},"firstperson_righthand":{"rotation":[0,25,0],"translation":[0,2,0],"scale":[0.5,0.5,0.5]},"firstperson_lefthand":{"rotation":[0,25,0],"translation":[0,2,0],"scale":[0.5,0.5,0.5]},"ground":{"scale":[0.3,0.3,0.3]},"gui":{"rotation":[25,135,0],"translation":[0,-1.5,0],"scale":[0.5,0.5,0.5]},"head":{"rotation":[0,-180,0],"translation":[0,-14.65,0],"scale":[2.2855,2.2855,2.2855]},"fixed":{"translation":[0,-3,-8.25]}}}