{"credit":"MadewithBlockbench","textures":{"0":"block/crimson_planks","1":"block/crimson_stem","particle":"block/crimson_planks"},"elements":[{"from":[6,0,6],"to":[10,2,10],"faces":{"north":{"uv":[0,0,4,2],"texture":"#1"},"east":{"uv":[0,0,4,2],"texture":"#1"},"south":{"uv":[0,0,4,2],"texture":"#1"},"west":{"uv":[0,0,4,2],"texture":"#1"},"up":{"uv":[0,0,4,4],"texture":"#1"},"down":{"uv":[0,0,4,4],"texture":"#1"}}},{"from":[7,2,7],"to":[9,8,9],"faces":{"north":{"uv":[0,0,2,6],"texture":"#1"},"east":{"uv":[0,0,2,6],"texture":"#1"},"south":{"uv":[0,0,2,6],"texture":"#1"},"west":{"uv":[0,0,2,6],"texture":"#1"},"up":{"uv":[0,0,2,2],"texture":"#1"},"down":{"uv":[0,0,2,2],"texture":"#1"}}},{"from":[7,16,7],"to":[9,27,9],"faces":{"north":{"uv":[0,0,2,11],"texture":"#1"},"east":{"uv":[0,0,2,11],"texture":"#1"},"south":{"uv":[0,0,2,11],"texture":"#1"},"west":{"uv":[0,0,2,11],"texture":"#1"},"up":{"uv":[0,0,2,2],"texture":"#1"},"down":{"uv":[0,0,2,2],"texture":"#1"}}},{"from":[6,27,6],"to":[10,28,10],"faces":{"north":{"uv":[0,0,4,1],"texture":"#1"},"east":{"uv":[0,0,4,1],"texture":"#1"},"south":{"uv":[0,0,4,1],"texture":"#1"},"west":{"uv":[0,0,4,1],"texture":"#1"},"up":{"uv":[0,0,4,4],"texture":"#1"},"down":{"uv":[0,0,4,4],"texture":"#1"}}},{"from":[7,30,7],"to":[9,31,9],"faces":{"north":{"uv":[0,0,2,1],"texture":"#1"},"east":{"uv":[0,0,2,1],"texture":"#1"},"south":{"uv":[0,0,2,1],"texture":"#1"},"west":{"uv":[0,0,2,1],"texture":"#1"},"up":{"uv":[0,0,2,2],"texture":"#1"},"down":{"uv":[0,0,2,2],"texture":"#1"}}},{"from":[6.5,28,6.5],"to":[9.5,30,9.5],"faces":{"north":{"uv":[0,0,3,2],"texture":"#1"},"east":{"uv":[0,0,3,2],"texture":"#1"},"south":{"uv":[0,0,3,2],"texture":"#1"},"west":{"uv":[0,0,3,2],"texture":"#1"},"up":{"uv":[0,0,3,3],"texture":"#1"},"down":{"uv":[0,0,3,3],"texture":"#1"}}},{"from":[7,8,0],"to":[9,16,16],"rotation":{"angle":0,"axis":"y","origin":[0,-6,0]},"faces":{"north":{"uv":[0,0,2,8],"texture":"#0"},"east":{"uv":[0,0,16,8],"texture":"#0"},"south":{"uv":[0,0,2,8],"texture":"#0"},"west":{"uv":[0,0,16,8],"texture":"#0"},"up":{"uv":[0,0,2,16],"texture":"#0"},"down":{"uv":[0,0,2,16],"texture":"#0"}}},{"from":[9,4,7],"to":[15,6,9],"rotation":{"angle":0,"axis":"y","origin":[0,-6,0]},"faces":{"north":{"uv":[0,0,6,2],"texture":"#0"},"east":{"uv":[0,0,2,2],"texture":"#0"},"south":{"uv":[0,0,6,2],"texture":"#0"},"west":{"uv":[0,0,2,2],"texture":"#0"},"up":{"uv":[0,0,6,2],"texture":"#0"},"down":{"uv":[0,0,6,2],"texture":"#0"}}},{"from":[15,3,7],"to":[16,7,9],"rotation":{"angle":0,"axis":"y","origin":[0,-6,0]},"faces":{"north":{"uv":[0,0,1,4],"texture":"#0"},"east":{"uv":[0,0,2,4],"texture":"#0"},"south":{"uv":[0,0,1,4],"texture":"#0"},"west":{"uv":[0,0,2,4],"texture":"#0"},"up":{"uv":[0,0,1,2],"texture":"#0"},"down":{"uv":[0,0,1,2],"texture":"#0"}}},{"from":[16,3,7],"to":[19,4,9],"rotation":{"angle":0,"axis":"y","origin":[0,-6,0]},"faces":{"north":{"uv":[0,0,3,1],"texture":"#0"},"east":{"uv":[0,0,2,1],"texture":"#0"},"south":{"uv":[0,0,3,1],"texture":"#0"},"west":{"uv":[0,0,2,1],"texture":"#0"},"up":{"uv":[0,0,3,2],"texture":"#0"},"down":{"uv":[0,0,3,2],"texture":"#0"}}},{"from":[18,4,7],"to":[19,6,9],"rotation":{"angle":0,"axis":"y","origin":[0,-6,0]},"faces":{"north":{"uv":[0,0,1,2],"texture":"#0"},"east":{"uv":[0,0,2,2],"texture":"#0"},"south":{"uv":[0,0,1,2],"texture":"#0"},"west":{"uv":[0,0,2,2],"texture":"#0"},"up":{"uv":[0,0,1,2],"texture":"#0"},"down":{"uv":[0,0,1,2],"texture":"#0"}}},{"from":[6,4,0],"to":[10,6,1],"rotation":{"angle":0,"axis":"z","origin":[8,4.25,0]},"faces":{"north":{"uv":[0,0,2,4],"rotation":270,"texture":"#0"},"east":{"uv":[0,0,1,2],"texture":"#0"},"south":{"uv":[0,0,2,4],"rotation":90,"texture":"#0"},"west":{"uv":[0,0,1,2],"rotation":180,"texture":"#0"},"up":{"uv":[0,0,1,4],"rotation":90,"texture":"#0"},"down":{"uv":[0,0,1,4],"rotation":90,"texture":"#0"}}},{"from":[6,4,-3],"to":[7,6,0],"rotation":{"angle":0,"axis":"z","origin":[8,4.25,0]},"faces":{"north":{"uv":[0,0,2,1],"rotation":270,"texture":"#0"},"east":{"uv":[0,0,3,2],"texture":"#0"},"south":{"uv":[0,0,2,1],"rotation":90,"texture":"#0"},"west":{"uv":[0,0,3,2],"rotation":180,"texture":"#0"},"up":{"uv":[0,0,3,1],"rotation":90,"texture":"#0"},"down":{"uv":[0,0,3,1],"rotation":90,"texture":"#0"}}},{"from":[7,4,-3],"to":[9,6,-2],"rotation":{"angle":0,"axis":"z","origin":[8,4.25,0]},"faces":{"north":{"uv":[0,0,2,2],"rotation":270,"texture":"#0"},"east":{"uv":[0,0,1,2],"texture":"#0"},"south":{"uv":[0,0,2,2],"rotation":90,"texture":"#0"},"west":{"uv":[0,0,1,2],"rotation":180,"texture":"#0"},"up":{"uv":[0,0,1,2],"rotation":90,"texture":"#0"},"down":{"uv":[0,0,1,2],"rotation":90,"texture":"#0"}}},{"from":[1,4,7],"to":[7,6,9],"rotation":{"angle":0,"axis":"y","origin":[0,-6,0]},"faces":{"north":{"uv":[0,0,6,2],"texture":"#0"},"east":{"uv":[0,0,2,2],"texture":"#0"},"south":{"uv":[0,0,6,2],"texture":"#0"},"west":{"uv":[0,0,2,2],"texture":"#0"},"up":{"uv":[0,0,6,2],"texture":"#0"},"down":{"uv":[0,0,6,2],"texture":"#0"}}},{"from":[0,3,7.5],"to":[1,7,8.5],"rotation":{"angle":0,"axis":"y","origin":[0,-6,0]},"faces":{"north":{"uv":[0,0,1,4],"texture":"#0"},"east":{"uv":[0,0,1,4],"texture":"#0"},"south":{"uv":[0,0,1,4],"texture":"#0"},"west":{"uv":[0,0,1,4],"texture":"#0"},"up":{"uv":[0,0,1,1],"texture":"#0"},"down":{"uv":[0,0,1,1],"texture":"#0"}}},{"from":[-2,2,7.5],"to":[0,8,8.5],"rotation":{"angle":0,"axis":"y","origin":[0,-6,0]},"faces":{"north":{"uv":[0,0,2,6],"texture":"#0"},"east":{"uv":[0,0,1,6],"texture":"#0"},"south":{"uv":[0,0,2,6],"texture":"#0"},"west":{"uv":[0,0,1,6],"texture":"#0"},"up":{"uv":[0,0,2,1],"texture":"#0"},"down":{"uv":[0,0,2,1],"texture":"#0"}}},{"from":[7.5,3,15],"to":[8.5,7,17],"rotation":{"angle":0,"axis":"y","origin":[8.75,5,15.5]},"faces":{"north":{"uv":[0,0,1,4],"texture":"#0"},"east":{"uv":[0,0,2,4],"texture":"#0"},"south":{"uv":[0,0,1,4],"texture":"#0"},"west":{"uv":[0,0,2,4],"texture":"#0"},"up":{"uv":[0,0,2,1],"rotation":90,"texture":"#0"},"down":{"uv":[0,0,2,1],"rotation":270,"texture":"#0"}}},{"from":[7.5,4,17],"to":[8.5,6,18],"rotation":{"angle":0,"axis":"y","origin":[8.75,5,15.5]},"faces":{"north":{"uv":[0,0,1,2],"texture":"#0"},"east":{"uv":[0,0,1,2],"texture":"#0"},"south":{"uv":[0,0,1,2],"texture":"#0"},"west":{"uv":[0,0,1,2],"texture":"#0"},"up":{"uv":[0,0,1,1],"rotation":90,"texture":"#0"},"down":{"uv":[0,0,1,1],"rotation":270,"texture":"#0"}}},{"from":[7,4,1],"to":[9,6,7],"rotation":{"angle":0,"axis":"y","origin":[0,-6,0]},"faces":{"north":{"uv":[0,0,2,2],"texture":"#0"},"east":{"uv":[0,0,6,2],"texture":"#0"},"south":{"uv":[0,0,2,2],"texture":"#0"},"west":{"uv":[0,0,6,2],"texture":"#0"},"up":{"uv":[0,0,2,6],"texture":"#0"},"down":{"uv":[0,0,2,6],"texture":"#0"}}},{"from":[7,4,9],"to":[9,6,15],"rotation":{"angle":0,"axis":"y","origin":[0,-6,0]},"faces":{"north":{"uv":[0,0,2,2],"texture":"#0"},"east":{"uv":[0,0,6,2],"texture":"#0"},"south":{"uv":[0,0,2,2],"texture":"#0"},"west":{"uv":[0,0,6,2],"texture":"#0"},"up":{"uv":[0,0,2,6],"texture":"#0"},"down":{"uv":[0,0,2,6],"texture":"#0"}}},{"from":[7,16,14],"to":[9,22,16],"rotation":{"angle":0,"axis":"y","origin":[8,16,15]},"faces":{"north":{"uv":[0,0,2,6],"texture":"#0"},"east":{"uv":[0,0,2,6],"texture":"#0"},"south":{"uv":[0,0,2,6],"texture":"#0"},"west":{"uv":[0,0,2,6],"texture":"#0"},"up":{"uv":[0,0,2,2],"texture":"#0"},"down":{"uv":[0,0,2,2],"texture":"#0"}}},{"from":[7.5,16,14.75],"to":[8.5,22,16.75],"rotation":{"angle":45,"axis":"x","origin":[8,16,15]},"faces":{"north":{"uv":[0,0,1,6],"texture":"#0"},"east":{"uv":[0,0,2,6],"texture":"#0"},"south":{"uv":[0,0,1,6],"texture":"#0"},"west":{"uv":[0,0,2,6],"texture":"#0"},"up":{"uv":[0,0,1,2],"texture":"#0"},"down":{"uv":[0,0,1,2],"texture":"#0"}}},{"from":[7,14,16],"to":[9,16,22],"rotation":{"angle":0,"axis":"x","origin":[8,16,15]},"faces":{"north":{"uv":[0,0,2,2],"rotation":180,"texture":"#0"},"east":{"uv":[0,0,2,6],"rotation":270,"texture":"#0"},"south":{"uv":[0,0,2,2],"texture":"#0"},"west":{"uv":[0,0,2,6],"rotation":90,"texture":"#0"},"up":{"uv":[0,0,2,6],"rotation":180,"texture":"#0"},"down":{"uv":[0,0,2,6],"texture":"#0"}}},{"from":[7,16,-4],"to":[9,20,4],"rotation":{"angle":0,"axis":"y","origin":[0,-6,0]},"faces":{"north":{"uv":[0,0,2,4],"texture":"#0"},"east":{"uv":[0,0,8,4],"texture":"#0"},"south":{"uv":[0,0,2,4],"texture":"#0"},"west":{"uv":[0,0,8,4],"texture":"#0"},"up":{"uv":[0,0,2,8],"texture":"#0"},"down":{"uv":[0,0,2,8],"texture":"#0"}}},{"from":[7,20,-3],"to":[9,22,-1],"rotation":{"angle":0,"axis":"y","origin":[0,-6,0]},"faces":{"north":{"uv":[0,0,2,2],"texture":"#0"},"east":{"uv":[0,0,2,2],"texture":"#0"},"south":{"uv":[0,0,2,2],"texture":"#0"},"west":{"uv":[0,0,2,2],"texture":"#0"},"up":{"uv":[0,0,2,2],"texture":"#0"},"down":{"uv":[0,0,2,2],"texture":"#0"}}},{"from":[7,14,-7],"to":[9,16,-4],"rotation":{"angle":0,"axis":"y","origin":[0,-6,0]},"faces":{"north":{"uv":[0,0,2,2],"texture":"#0"},"east":{"uv":[0,0,3,2],"texture":"#0"},"south":{"uv":[0,0,2,2],"texture":"#0"},"west":{"uv":[0,0,3,2],"texture":"#0"},"up":{"uv":[0,0,2,3],"texture":"#0"},"down":{"uv":[0,0,2,3],"texture":"#0"}}},{"from":[7,10,-5],"to":[9,14,-4],"rotation":{"angle":0,"axis":"y","origin":[0,-6,0]},"faces":{"north":{"uv":[0,0,2,4],"texture":"#0"},"east":{"uv":[0,0,1,4],"texture":"#0"},"south":{"uv":[0,0,2,4],"texture":"#0"},"west":{"uv":[0,0,1,4],"texture":"#0"},"up":{"uv":[0,0,2,1],"texture":"#0"},"down":{"uv":[0,0,2,1],"texture":"#0"}}},{"from":[7,12,-4],"to":[9,16,0],"rotation":{"angle":0,"axis":"y","origin":[0,-6,0]},"faces":{"north":{"uv":[0,0,2,4],"texture":"#0"},"east":{"uv":[0,0,4,4],"texture":"#0"},"south":{"uv":[0,0,2,4],"texture":"#0"},"west":{"uv":[0,0,4,4],"texture":"#0"},"up":{"uv":[0,0,2,4],"texture":"#0"},"down":{"uv":[0,0,2,4],"texture":"#0"}}}],"display":{"thirdperson_righthand":{"rotation":[45,25,0],"translation":[0,2,0],"scale":[0.3,0.3,0.3]},"thirdperson_lefthand":{"rotation":[45,25,0],"translation":[0,2,0],"scale":[0.3,0.3,0.3]},"firstperson_righthand":{"rotation":[0,25,0],"translation":[0,2,0],"scale":[0.5,0.5,0.5]},"firstperson_lefthand":{"rotation":[0,25,0],"translation":[0,2,0],"scale":[0.5,0.5,0.5]},"ground":{"scale":[0.3,0.3,0.3]},"gui":{"rotation":[25,135,0],"translation":[0,-1.5,0],"scale":[0.5,0.5,0.5]},"head":{"rotation":[0,-180,0],"translation":[0,-14.65,0],"scale":[2.2855,2.2855,2.2855]},"fixed":{"translation":[0,-3,-8.25]}}}