{"credit":"MadewithBlockbench","textures":{"1":"block/dark_oak_log","2":"block/campfire_fire","3":"block/smooth_stone","4":"block/iron_bars","particle":"block/dark_oak_log_top"},"elements":[{"from":[11,2,3],"to":[13,10,13],"rotation":{"angle":0,"axis":"y","origin":[0,2,0]},"faces":{"north":{"uv":[0,0,2,8],"texture":"#3"},"east":{"uv":[0,0,10,8],"texture":"#3"},"south":{"uv":[0,0,8,2],"rotation":90,"texture":"#3"},"west":{"uv":[1,1,11,9],"texture":"#3"},"up":{"uv":[0,0,10,2],"rotation":90,"texture":"#3"},"down":{"uv":[0,0,10,2],"rotation":90,"texture":"#3"}}},{"from":[3,2,3],"to":[5,10,13],"rotation":{"angle":0,"axis":"y","origin":[0,2,0]},"faces":{"north":{"uv":[0,0,8,2],"rotation":90,"texture":"#3"},"east":{"uv":[1,1,11,9],"texture":"#3"},"south":{"uv":[0,0,2,8],"texture":"#3"},"west":{"uv":[0,0,10,8],"texture":"#3"},"up":{"uv":[0,0,2,10],"texture":"#3"},"down":{"uv":[0,0,2,10],"texture":"#3"}}},{"from":[5,2,3],"to":[6,4,5],"rotation":{"angle":0,"axis":"y","origin":[0,2,0]},"faces":{"north":{"uv":[0,0,1,2],"texture":"#3"},"east":{"uv":[1,1,3,3],"texture":"#3"},"south":{"uv":[0,0,1,2],"texture":"#3"},"west":{"uv":[0,0,2,2],"texture":"#3"},"up":{"uv":[0,0,1,2],"texture":"#3"},"down":{"uv":[1,1,2,3],"texture":"#3"}}},{"from":[10,2,3],"to":[11,4,5],"rotation":{"angle":0,"axis":"y","origin":[0,2,0]},"faces":{"north":{"uv":[0,0,1,2],"texture":"#3"},"east":{"uv":[0,0,2,2],"texture":"#3"},"south":{"uv":[0,0,1,2],"texture":"#3"},"west":{"uv":[1,1,3,3],"texture":"#3"},"up":{"uv":[0,0,1,2],"texture":"#3"},"down":{"uv":[1,1,2,3],"texture":"#3"}}},{"from":[5,2,11],"to":[11,10,13],"rotation":{"angle":0,"axis":"y","origin":[0,2,0]},"faces":{"north":{"uv":[1,1,7,9],"texture":"#3"},"east":{"uv":[0,0,2,8],"texture":"#3"},"south":{"uv":[1,1,7,9],"texture":"#3"},"west":{"uv":[0,0,2,8],"texture":"#3"},"up":{"uv":[1,0,7,2],"texture":"#3"},"down":{"uv":[1,0,7,2],"texture":"#3"}}},{"from":[5,2,5],"to":[11,3,11],"rotation":{"angle":0,"axis":"y","origin":[0,2,0]},"faces":{"north":{"uv":[0,0,6,1],"texture":"#3"},"east":{"uv":[0,0,6,1],"texture":"#3"},"south":{"uv":[0,0,6,1],"texture":"#3"},"west":{"uv":[0,0,6,1],"texture":"#3"},"up":{"uv":[0,0,6,6],"texture":"#3"},"down":{"uv":[1,1,7,7],"texture":"#3"}}},{"from":[5,3,8],"to":[11,11,8],"rotation":{"angle":45,"axis":"y","origin":[8,7,8]},"faces":{"north":{"uv":[5,0,11,8],"texture":"#2"},"east":{"uv":[0,0,0,8],"texture":"#2"},"south":{"uv":[5,0,11,8],"texture":"#2"},"west":{"uv":[0,0,0,8],"texture":"#2"},"up":{"uv":[0,0,6,0],"texture":"#2"},"down":{"uv":[0,0,6,0],"texture":"#2"}}},{"from":[5,3,8],"to":[11,11,8],"rotation":{"angle":-45,"axis":"y","origin":[8,7,8]},"faces":{"north":{"uv":[5,0,11,8],"texture":"#2"},"east":{"uv":[0,0,0,8],"texture":"#2"},"south":{"uv":[5,0,11,8],"texture":"#2"},"west":{"uv":[0,0,0,8],"texture":"#2"},"up":{"uv":[0,0,6,0],"texture":"#2"},"down":{"uv":[0,0,6,0],"texture":"#2"}}},{"from":[2,10,10],"to":[14,11,11],"rotation":{"angle":0,"axis":"y","origin":[0,2,0]},"faces":{"north":{"uv":[2,1,3,13],"rotation":90,"texture":"#4"},"east":{"uv":[2,0,3,1],"texture":"#4"},"south":{"uv":[2,1,3,13],"rotation":90,"texture":"#4"},"west":{"uv":[2,0,3,1],"texture":"#4"},"up":{"uv":[2,1,3,13],"rotation":90,"texture":"#4"},"down":{"uv":[2,1,3,13],"rotation":90,"texture":"#4"}}},{"from":[2,10,8],"to":[14,11,9],"rotation":{"angle":0,"axis":"y","origin":[0,2,0]},"faces":{"north":{"uv":[2,1,3,13],"rotation":90,"texture":"#4"},"east":{"uv":[2,0,3,1],"texture":"#4"},"south":{"uv":[2,1,3,13],"rotation":90,"texture":"#4"},"west":{"uv":[2,0,3,1],"texture":"#4"},"up":{"uv":[2,1,3,13],"rotation":90,"texture":"#4"},"down":{"uv":[2,1,3,13],"rotation":90,"texture":"#4"}}},{"from":[2,10,6],"to":[14,11,7],"rotation":{"angle":0,"axis":"y","origin":[0,2,0]},"faces":{"north":{"uv":[2,1,3,13],"rotation":90,"texture":"#4"},"east":{"uv":[2,0,3,1],"texture":"#4"},"south":{"uv":[2,1,3,13],"rotation":90,"texture":"#4"},"west":{"uv":[2,0,3,1],"texture":"#4"},"up":{"uv":[2,1,3,13],"rotation":90,"texture":"#4"},"down":{"uv":[2,1,3,13],"rotation":90,"texture":"#4"}}},{"from":[2,10,4],"to":[14,11,5],"rotation":{"angle":0,"axis":"y","origin":[0,2,0]},"faces":{"north":{"uv":[2,1,3,13],"rotation":90,"texture":"#4"},"east":{"uv":[2,0,3,1],"texture":"#4"},"south":{"uv":[2,1,3,13],"rotation":90,"texture":"#4"},"west":{"uv":[2,0,3,1],"texture":"#4"},"up":{"uv":[2,1,3,13],"rotation":90,"texture":"#4"},"down":{"uv":[2,1,3,13],"rotation":90,"texture":"#4"}}},{"from":[2,0,2],"to":[14,2,14],"faces":{"north":{"uv":[0,0,12,2],"texture":"#1"},"east":{"uv":[0,0,12,2],"texture":"#1"},"south":{"uv":[0,0,12,2],"texture":"#1"},"west":{"uv":[0,0,12,2],"texture":"#1"},"up":{"uv":[0,0,12,12],"texture":"#1"},"down":{"uv":[0,0,12,12],"texture":"#1"}}},{"from":[1,0,4],"to":[3,8,15],"faces":{"north":{"uv":[0,0,2,8],"texture":"#1"},"east":{"uv":[0,0,11,8],"texture":"#1"},"south":{"uv":[0,0,2,8],"texture":"#1"},"west":{"uv":[0,0,11,8],"texture":"#1"},"up":{"uv":[0,0,2,11],"texture":"#1"},"down":{"uv":[0,0,2,11],"texture":"#1"}}},{"from":[13,0,4],"to":[15,8,15],"faces":{"north":{"uv":[0,0,2,8],"texture":"#1"},"east":{"uv":[0,0,11,8],"texture":"#1"},"south":{"uv":[0,0,2,8],"texture":"#1"},"west":{"uv":[0,0,11,8],"texture":"#1"},"up":{"uv":[0,0,2,11],"texture":"#1"},"down":{"uv":[0,0,2,11],"texture":"#1"}}},{"from":[3,0,13],"to":[13,7,15],"faces":{"north":{"uv":[0,0,10,7],"texture":"#1"},"east":{"uv":[0,0,2,7],"texture":"#1"},"south":{"uv":[0,0,10,7],"texture":"#1"},"west":{"uv":[0,0,2,7],"texture":"#1"},"up":{"uv":[0,0,10,2],"texture":"#1"},"down":{"uv":[0,0,10,2],"texture":"#1"}}}],"display":{"thirdperson_righthand":{"rotation":[45,25,0],"translation":[0,2,0],"scale":[0.3,0.3,0.3]},"thirdperson_lefthand":{"rotation":[45,25,0],"translation":[0,2,0],"scale":[0.3,0.3,0.3]},"firstperson_righthand":{"rotation":[0,25,0],"translation":[0,2,0],"scale":[0.5,0.5,0.5]},"firstperson_lefthand":{"rotation":[0,25,0],"translation":[0,2,0],"scale":[0.5,0.5,0.5]},"ground":{"scale":[0.3,0.3,0.3]},"gui":{"rotation":[25,135,0],"translation":[0,-1.5,0],"scale":[0.5,0.5,0.5]},"head":{"rotation":[0,-180,0],"translation":[0,-14.65,0],"scale":[2.2855,2.2855,2.2855]},"fixed":{"translation":[0,-3,-8.25]}}}