{"credit":"MadewithBlockbench","textures":{"1":"block/dark_oak_planks","2":"block/dark_oak_log","3":"block/white_wool","4":"block/chiseled_stone_bricks","particle":"block/dark_oak_log"},"elements":[{"from":[1,0,6],"to":[5,4,10],"rotation":{"angle":0,"axis":"y","origin":[1,0,0]},"faces":{"north":{"uv":[0,0,4,4],"texture":"#4"},"east":{"uv":[0,0,4,4],"texture":"#4"},"south":{"uv":[0,0,4,4],"texture":"#4"},"west":{"uv":[0,0,4,4],"texture":"#4"},"up":{"uv":[0,0,4,4],"texture":"#4"},"down":{"uv":[0,0,4,4],"texture":"#4"}}},{"from":[2,18,7],"to":[4,19,9],"rotation":{"angle":0,"axis":"y","origin":[1,0,0]},"faces":{"north":{"uv":[0,0,2,1],"texture":"#2"},"east":{"uv":[0,0,2,1],"texture":"#2"},"south":{"uv":[0,0,2,1],"texture":"#2"},"west":{"uv":[0,0,2,1],"texture":"#2"},"up":{"uv":[0,0,2,2],"texture":"#2"},"down":{"uv":[0,0,2,2],"texture":"#2"}}},{"from":[5,15.5,7],"to":[13,17.5,9],"rotation":{"angle":0,"axis":"y","origin":[1,0,0]},"faces":{"north":{"uv":[0,0,8,2],"texture":"#1"},"east":{"uv":[0,0,2,2],"texture":"#1"},"south":{"uv":[0,0,8,2],"texture":"#1"},"west":{"uv":[0,0,2,2],"texture":"#1"},"up":{"uv":[0,0,8,2],"texture":"#1"},"down":{"uv":[0,0,8,2],"texture":"#1"}}},{"from":[6,6.5,7.5],"to":[12,15.5,8.5],"rotation":{"angle":0,"axis":"y","origin":[1,0,0]},"faces":{"north":{"uv":[0,0,6,9],"texture":"#3"},"east":{"uv":[0,0,1,9],"texture":"#3"},"south":{"uv":[0,0,6,9],"texture":"#3"},"west":{"uv":[0,0,1,9],"texture":"#3"},"up":{"uv":[0,0,6,1],"texture":"#3"},"down":{"uv":[0,0,6,1],"texture":"#3"}}},{"from":[7,4.5,7.5],"to":[11,6.5,8.5],"rotation":{"angle":0,"axis":"y","origin":[1,0,0]},"faces":{"north":{"uv":[0,0,4,2],"texture":"#3"},"east":{"uv":[0,0,1,2],"texture":"#3"},"south":{"uv":[0,0,4,2],"texture":"#3"},"west":{"uv":[0,0,1,2],"texture":"#3"},"up":{"uv":[0,0,4,1],"texture":"#3"},"down":{"uv":[0,0,4,1],"texture":"#3"}}},{"from":[8,3.5,7.5],"to":[10,4.5,8.5],"rotation":{"angle":0,"axis":"y","origin":[1,0,0]},"faces":{"north":{"uv":[0,0,2,1],"texture":"#3"},"east":{"uv":[0,0,1,1],"texture":"#3"},"south":{"uv":[0,0,2,1],"texture":"#3"},"west":{"uv":[0,0,1,1],"texture":"#3"},"up":{"uv":[0,0,2,1],"texture":"#3"},"down":{"uv":[0,0,2,1],"texture":"#3"}}},{"from":[1.5,3.9,6.5],"to":[4.5,17.9,9.5],"rotation":{"angle":0,"axis":"y","origin":[1,0,0]},"faces":{"north":{"uv":[0,0,3,14],"texture":"#2"},"east":{"uv":[0,0,3,14],"texture":"#2"},"south":{"uv":[0,0,3,14],"texture":"#2"},"west":{"uv":[0,0,3,14],"texture":"#2"},"up":{"uv":[0,0,3,3],"texture":"#2"},"down":{"uv":[0,0,3,3],"texture":"#2"}}},{"from":[4.5,14.9,6.5],"to":[5.5,17.9,9.5],"rotation":{"angle":0,"axis":"y","origin":[1,0,0]},"faces":{"north":{"uv":[0,0,1,3],"texture":"#2"},"east":{"uv":[0,0,3,3],"texture":"#2"},"south":{"uv":[0,0,1,3],"texture":"#2"},"west":{"uv":[0,0,3,3],"texture":"#2"},"up":{"uv":[0,0,1,3],"texture":"#2"},"down":{"uv":[0,0,1,3],"texture":"#2"}}},{"from":[12.5,14.9,6.5],"to":[14.5,17.9,9.5],"rotation":{"angle":45,"axis":"x","origin":[13.5,16.4,8]},"faces":{"north":{"uv":[0,0,2,3],"texture":"#2"},"east":{"uv":[0,0,3,3],"texture":"#2"},"south":{"uv":[0,0,2,3],"texture":"#2"},"west":{"uv":[0,0,3,3],"texture":"#2"},"up":{"uv":[0,0,2,3],"texture":"#2"},"down":{"uv":[0,0,2,3],"texture":"#2"}}}],"display":{"thirdperson_righthand":{"rotation":[45,25,0],"translation":[0,2,0],"scale":[0.3,0.3,0.3]},"thirdperson_lefthand":{"rotation":[45,25,0],"translation":[0,2,0],"scale":[0.3,0.3,0.3]},"firstperson_righthand":{"rotation":[0,25,0],"translation":[0,2,0],"scale":[0.5,0.5,0.5]},"firstperson_lefthand":{"rotation":[0,25,0],"translation":[0,2,0],"scale":[0.5,0.5,0.5]},"ground":{"scale":[0.3,0.3,0.3]},"gui":{"rotation":[25,135,0],"translation":[0,-1.5,0],"scale":[0.5,0.5,0.5]},"head":{"rotation":[0,-180,0],"translation":[0,-14.65,0],"scale":[2.2855,2.2855,2.2855]},"fixed":{"translation":[0,-3,-8.25]}}}