{"credit":"MadewithBlockbench","textures":{"1":"block/mangrove_log","2":"block/campfire_fire","3":"block/smooth_stone","4":"block/iron_bars","5":"block/mangrove_planks","particle":"block/mangrove_planks"},"elements":[{"from":[11,12,2],"to":[13,20,12],"rotation":{"angle":0,"axis":"y","origin":[0,12,-1]},"faces":{"north":{"uv":[0,0,2,8],"texture":"#3"},"east":{"uv":[0,0,10,8],"texture":"#3"},"south":{"uv":[0,0,8,2],"rotation":90,"texture":"#3"},"west":{"uv":[1,1,11,9],"texture":"#3"},"up":{"uv":[0,0,10,2],"rotation":90,"texture":"#3"},"down":{"uv":[0,0,10,2],"rotation":90,"texture":"#3"}}},{"from":[3,12,2],"to":[5,20,12],"rotation":{"angle":0,"axis":"y","origin":[0,12,-1]},"faces":{"north":{"uv":[0,0,8,2],"rotation":90,"texture":"#3"},"east":{"uv":[1,1,11,9],"texture":"#3"},"south":{"uv":[0,0,2,8],"texture":"#3"},"west":{"uv":[0,0,10,8],"texture":"#3"},"up":{"uv":[0,0,2,10],"texture":"#3"},"down":{"uv":[0,0,2,10],"texture":"#3"}}},{"from":[5,12,2],"to":[6,14,4],"rotation":{"angle":0,"axis":"y","origin":[0,12,-1]},"faces":{"north":{"uv":[0,0,1,2],"texture":"#3"},"east":{"uv":[1,1,3,3],"texture":"#3"},"south":{"uv":[0,0,1,2],"texture":"#3"},"west":{"uv":[0,0,2,2],"texture":"#3"},"up":{"uv":[0,0,1,2],"texture":"#3"},"down":{"uv":[1,1,2,3],"texture":"#3"}}},{"from":[10,12,2],"to":[11,14,4],"rotation":{"angle":0,"axis":"y","origin":[0,12,-1]},"faces":{"north":{"uv":[0,0,1,2],"texture":"#3"},"east":{"uv":[0,0,2,2],"texture":"#3"},"south":{"uv":[0,0,1,2],"texture":"#3"},"west":{"uv":[1,1,3,3],"texture":"#3"},"up":{"uv":[0,0,1,2],"texture":"#3"},"down":{"uv":[1,1,2,3],"texture":"#3"}}},{"from":[5,12,10],"to":[11,20,12],"rotation":{"angle":0,"axis":"y","origin":[0,12,-1]},"faces":{"north":{"uv":[1,1,7,9],"texture":"#3"},"east":{"uv":[0,0,2,8],"texture":"#3"},"south":{"uv":[1,1,7,9],"texture":"#3"},"west":{"uv":[0,0,2,8],"texture":"#3"},"up":{"uv":[1,0,7,2],"texture":"#3"},"down":{"uv":[1,0,7,2],"texture":"#3"}}},{"from":[5,12,4],"to":[11,13,10],"rotation":{"angle":0,"axis":"y","origin":[0,12,-1]},"faces":{"north":{"uv":[0,0,6,1],"texture":"#3"},"east":{"uv":[0,0,6,1],"texture":"#3"},"south":{"uv":[0,0,6,1],"texture":"#3"},"west":{"uv":[0,0,6,1],"texture":"#3"},"up":{"uv":[0,0,6,6],"texture":"#3"},"down":{"uv":[1,1,7,7],"texture":"#3"}}},{"from":[5,13,7],"to":[11,21,7],"rotation":{"angle":45,"axis":"y","origin":[8,17,7]},"faces":{"north":{"uv":[5,0,11,8],"texture":"#2"},"east":{"uv":[0,0,0,8],"texture":"#2"},"south":{"uv":[5,0,11,8],"texture":"#2"},"west":{"uv":[0,0,0,8],"texture":"#2"},"up":{"uv":[0,0,6,0],"texture":"#2"},"down":{"uv":[0,0,6,0],"texture":"#2"}}},{"from":[5,13,7],"to":[11,21,7],"rotation":{"angle":-45,"axis":"y","origin":[8,17,7]},"faces":{"north":{"uv":[5,0,11,8],"texture":"#2"},"east":{"uv":[0,0,0,8],"texture":"#2"},"south":{"uv":[5,0,11,8],"texture":"#2"},"west":{"uv":[0,0,0,8],"texture":"#2"},"up":{"uv":[0,0,6,0],"texture":"#2"},"down":{"uv":[0,0,6,0],"texture":"#2"}}},{"from":[2,20,9],"to":[14,21,10],"rotation":{"angle":0,"axis":"y","origin":[0,12,-1]},"faces":{"north":{"uv":[2,1,3,13],"rotation":90,"texture":"#4"},"east":{"uv":[2,0,3,1],"texture":"#4"},"south":{"uv":[2,1,3,13],"rotation":90,"texture":"#4"},"west":{"uv":[2,0,3,1],"texture":"#4"},"up":{"uv":[2,1,3,13],"rotation":90,"texture":"#4"},"down":{"uv":[2,1,3,13],"rotation":90,"texture":"#4"}}},{"from":[2,20,7],"to":[14,21,8],"rotation":{"angle":0,"axis":"y","origin":[0,12,-1]},"faces":{"north":{"uv":[2,1,3,13],"rotation":90,"texture":"#4"},"east":{"uv":[2,0,3,1],"texture":"#4"},"south":{"uv":[2,1,3,13],"rotation":90,"texture":"#4"},"west":{"uv":[2,0,3,1],"texture":"#4"},"up":{"uv":[2,1,3,13],"rotation":90,"texture":"#4"},"down":{"uv":[2,1,3,13],"rotation":90,"texture":"#4"}}},{"from":[2,20,5],"to":[14,21,6],"rotation":{"angle":0,"axis":"y","origin":[0,12,-1]},"faces":{"north":{"uv":[2,1,3,13],"rotation":90,"texture":"#4"},"east":{"uv":[2,0,3,1],"texture":"#4"},"south":{"uv":[2,1,3,13],"rotation":90,"texture":"#4"},"west":{"uv":[2,0,3,1],"texture":"#4"},"up":{"uv":[2,1,3,13],"rotation":90,"texture":"#4"},"down":{"uv":[2,1,3,13],"rotation":90,"texture":"#4"}}},{"from":[2,20,3],"to":[14,21,4],"rotation":{"angle":0,"axis":"y","origin":[0,12,-1]},"faces":{"north":{"uv":[2,1,3,13],"rotation":90,"texture":"#4"},"east":{"uv":[2,0,3,1],"texture":"#4"},"south":{"uv":[2,1,3,13],"rotation":90,"texture":"#4"},"west":{"uv":[2,0,3,1],"texture":"#4"},"up":{"uv":[2,1,3,13],"rotation":90,"texture":"#4"},"down":{"uv":[2,1,3,13],"rotation":90,"texture":"#4"}}},{"from":[2,10,1],"to":[14,12,13],"rotation":{"angle":0,"axis":"y","origin":[0,10,-1]},"faces":{"north":{"uv":[0,0,12,2],"texture":"#1"},"east":{"uv":[0,0,12,2],"texture":"#1"},"south":{"uv":[0,0,12,2],"texture":"#1"},"west":{"uv":[0,0,12,2],"texture":"#1"},"up":{"uv":[0,0,12,12],"texture":"#1"},"down":{"uv":[0,0,12,12],"texture":"#1"}}},{"from":[9,-6,3],"to":[11,9,5],"rotation":{"angle":-45,"axis":"z","origin":[13,5,8]},"faces":{"north":{"uv":[0,0,2,15],"texture":"#5"},"east":{"uv":[0,0,2,15],"texture":"#5"},"south":{"uv":[0,0,2,15],"texture":"#5"},"west":{"uv":[0,0,2,15],"texture":"#5"},"up":{"uv":[0,0,2,2],"texture":"#5"},"down":{"uv":[0,0,2,2],"texture":"#5"}}},{"from":[9,-6,10],"to":[11,9,12],"rotation":{"angle":-45,"axis":"z","origin":[13,5,7]},"faces":{"north":{"uv":[0,0,2,15],"texture":"#5"},"east":{"uv":[0,0,2,15],"texture":"#5"},"south":{"uv":[0,0,2,15],"texture":"#5"},"west":{"uv":[0,0,2,15],"texture":"#5"},"up":{"uv":[0,0,2,2],"texture":"#5"},"down":{"uv":[0,0,2,2],"texture":"#5"}}},{"from":[5,-6,4],"to":[7,9,6],"rotation":{"angle":45,"axis":"z","origin":[3,5,8]},"faces":{"north":{"uv":[2,0,4,15],"texture":"#5"},"east":{"uv":[2,0,4,15],"texture":"#5"},"south":{"uv":[2,0,4,15],"texture":"#5"},"west":{"uv":[2,0,4,15],"texture":"#5"},"up":{"uv":[2,0,4,2],"texture":"#5"},"down":{"uv":[2,0,4,2],"texture":"#5"}}},{"from":[5,-6,11],"to":[7,9,13],"rotation":{"angle":45,"axis":"z","origin":[3,5,7]},"faces":{"north":{"uv":[2,0,4,15],"texture":"#5"},"east":{"uv":[2,0,4,15],"texture":"#5"},"south":{"uv":[2,0,4,15],"texture":"#5"},"west":{"uv":[2,0,4,15],"texture":"#5"},"up":{"uv":[2,0,4,2],"texture":"#5"},"down":{"uv":[2,0,4,2],"texture":"#5"}}},{"from":[2,8,2],"to":[14,10,13],"rotation":{"angle":0,"axis":"y","origin":[0,10,-1]},"faces":{"north":{"uv":[0,0,12,2],"texture":"#5"},"east":{"uv":[0,0,11,2],"texture":"#5"},"south":{"uv":[0,0,12,2],"texture":"#5"},"west":{"uv":[0,0,11,2],"texture":"#5"},"up":{"uv":[0,0,12,11],"texture":"#5"},"down":{"uv":[0,0,12,11],"texture":"#5"}}},{"from":[1,10,3],"to":[3,18,14],"rotation":{"angle":0,"axis":"y","origin":[0,10,-1]},"faces":{"north":{"uv":[0,0,2,8],"texture":"#1"},"east":{"uv":[0,0,11,8],"texture":"#1"},"south":{"uv":[0,0,2,8],"texture":"#1"},"west":{"uv":[0,0,11,8],"texture":"#1"},"up":{"uv":[0,0,2,11],"texture":"#1"},"down":{"uv":[0,0,2,11],"texture":"#1"}}},{"from":[13,10,3],"to":[15,18,14],"rotation":{"angle":0,"axis":"y","origin":[0,10,-1]},"faces":{"north":{"uv":[0,0,2,8],"texture":"#1"},"east":{"uv":[0,0,11,8],"texture":"#1"},"south":{"uv":[0,0,2,8],"texture":"#1"},"west":{"uv":[0,0,11,8],"texture":"#1"},"up":{"uv":[0,0,2,11],"texture":"#1"},"down":{"uv":[0,0,2,11],"texture":"#1"}}},{"from":[3,10,12],"to":[13,17,14],"rotation":{"angle":0,"axis":"y","origin":[0,10,-1]},"faces":{"north":{"uv":[0,0,10,7],"texture":"#1"},"east":{"uv":[0,0,2,7],"texture":"#1"},"south":{"uv":[0,0,10,7],"texture":"#1"},"west":{"uv":[0,0,2,7],"texture":"#1"},"up":{"uv":[0,0,10,2],"texture":"#1"},"down":{"uv":[0,0,10,2],"texture":"#1"}}}],"display":{"thirdperson_righthand":{"rotation":[45,25,0],"translation":[0,2,0],"scale":[0.3,0.3,0.3]},"thirdperson_lefthand":{"rotation":[45,25,0],"translation":[0,2,0],"scale":[0.3,0.3,0.3]},"firstperson_righthand":{"rotation":[0,25,0],"translation":[0,2,0],"scale":[0.5,0.5,0.5]},"firstperson_lefthand":{"rotation":[0,25,0],"translation":[0,2,0],"scale":[0.5,0.5,0.5]},"ground":{"scale":[0.3,0.3,0.3]},"gui":{"rotation":[25,135,0],"translation":[0,-1.5,0],"scale":[0.5,0.5,0.5]},"head":{"rotation":[0,-180,0],"translation":[0,-14.65,0],"scale":[2.2855,2.2855,2.2855]},"fixed":{"translation":[0,-3,-8.25]}}}