{"credit":"MadewithBlockbench","textures":{"0":"block/oak_leaves","particle":"block/oak_leaves"},"elements":[{"from":[2,0,2],"to":[14,12,14],"faces":{"north":{"uv":[0,0,12,12],"texture":"#0","tintindex":0},"east":{"uv":[0,0,12,12],"texture":"#0","tintindex":0},"south":{"uv":[0,0,12,12],"texture":"#0","tintindex":0},"west":{"uv":[0,0,12,12],"texture":"#0","tintindex":0},"up":{"uv":[0,0,12,12],"texture":"#0","tintindex":0},"down":{"uv":[0,0,12,12],"texture":"#0","tintindex":0}}},{"from":[-4,0,3],"to":[3,7,10],"faces":{"north":{"uv":[0,0,7,7],"texture":"#0","tintindex":0},"east":{"uv":[0,0,7,7],"texture":"#0","tintindex":0},"south":{"uv":[0,0,7,7],"texture":"#0","tintindex":0},"west":{"uv":[0,0,7,7],"texture":"#0","tintindex":0},"up":{"uv":[0,0,7,7],"texture":"#0","tintindex":0},"down":{"uv":[0,0,7,7],"texture":"#0","tintindex":0}}},{"from":[-3,0,8],"to":[2,5,13],"faces":{"north":{"uv":[0,0,5,5],"texture":"#0","tintindex":0},"east":{"uv":[0,0,5,5],"texture":"#0","tintindex":0},"south":{"uv":[0,0,5,5],"texture":"#0","tintindex":0},"west":{"uv":[0,0,5,5],"texture":"#0","tintindex":0},"up":{"uv":[0,0,5,5],"texture":"#0","tintindex":0},"down":{"uv":[0,0,5,5],"texture":"#0","tintindex":0}}},{"from":[14,0,3],"to":[19,5,8],"faces":{"north":{"uv":[0,0,5,5],"texture":"#0","tintindex":0},"east":{"uv":[0,0,5,5],"texture":"#0","tintindex":0},"south":{"uv":[0,0,5,5],"texture":"#0","tintindex":0},"west":{"uv":[0,0,5,5],"texture":"#0","tintindex":0},"up":{"uv":[0,0,5,5],"texture":"#0","tintindex":0},"down":{"uv":[0,0,5,5],"texture":"#0","tintindex":0}}},{"from":[4,0,0],"to":[9,5,5],"faces":{"north":{"uv":[0,0,5,5],"texture":"#0","tintindex":0},"east":{"uv":[0,0,5,5],"texture":"#0","tintindex":0},"south":{"uv":[0,0,5,5],"texture":"#0","tintindex":0},"west":{"uv":[0,0,5,5],"texture":"#0","tintindex":0},"up":{"uv":[0,0,5,5],"texture":"#0","tintindex":0},"down":{"uv":[0,0,5,5],"texture":"#0","tintindex":0}}},{"from":[7,0,12],"to":[12,5,17],"faces":{"north":{"uv":[0,0,5,5],"texture":"#0","tintindex":0},"east":{"uv":[0,0,5,5],"texture":"#0","tintindex":0},"south":{"uv":[0,0,5,5],"texture":"#0","tintindex":0},"west":{"uv":[0,0,5,5],"texture":"#0","tintindex":0},"up":{"uv":[0,0,5,5],"texture":"#0","tintindex":0},"down":{"uv":[0,0,5,5],"texture":"#0","tintindex":0}}},{"from":[1,9,4],"to":[6,14,9],"faces":{"north":{"uv":[0,0,5,5],"texture":"#0","tintindex":0},"east":{"uv":[0,0,5,5],"texture":"#0","tintindex":0},"south":{"uv":[0,0,5,5],"texture":"#0","tintindex":0},"west":{"uv":[0,0,5,5],"texture":"#0","tintindex":0},"up":{"uv":[0,0,5,5],"texture":"#0","tintindex":0},"down":{"uv":[0,0,5,5],"texture":"#0","tintindex":0}}},{"from":[11,0,6],"to":[18,7,13],"faces":{"north":{"uv":[0,0,7,7],"texture":"#0","tintindex":0},"east":{"uv":[0,0,7,7],"texture":"#0","tintindex":0},"south":{"uv":[0,0,7,7],"texture":"#0","tintindex":0},"west":{"uv":[0,0,7,7],"texture":"#0","tintindex":0},"up":{"uv":[0,0,7,7],"texture":"#0","tintindex":0},"down":{"uv":[0,0,7,7],"texture":"#0","tintindex":0}}}],"display":{"thirdperson_righthand":{"rotation":[45,25,0],"translation":[0,2,0],"scale":[0.3,0.3,0.3]},"thirdperson_lefthand":{"rotation":[45,25,0],"translation":[0,2,0],"scale":[0.3,0.3,0.3]},"firstperson_righthand":{"rotation":[0,25,0],"translation":[0,2,0],"scale":[0.5,0.5,0.5]},"firstperson_lefthand":{"rotation":[0,25,0],"translation":[0,2,0],"scale":[0.5,0.5,0.5]},"ground":{"scale":[0.3,0.3,0.3]},"gui":{"rotation":[25,135,0],"translation":[0,-1.5,0],"scale":[0.5,0.5,0.5]},"head":{"rotation":[0,-180,0],"translation":[0,-14.65,0],"scale":[2.2855,2.2855,2.2855]},"fixed":{"translation":[0,-3,-8.25]}}}