{"credit":"MadewithBlockbench","textures":{"0":"block/spruce_planks","1":"block/spruce_log","6":"block/barrel_top","7":"block/barrel_bottom","8":"block/barrel_side","particle":"block/spruce_planks"},"elements":[{"from":[7,0,1],"to":[9,8,3],"rotation":{"angle":0,"axis":"y","origin":[8,0,0]},"faces":{"north":{"uv":[0,0,2,8],"texture":"#0"},"east":{"uv":[0,0,2,8],"texture":"#0"},"south":{"uv":[0,0,2,8],"texture":"#0"},"west":{"uv":[0,0,2,8],"texture":"#0"},"up":{"uv":[0,0,2,2],"texture":"#0"},"down":{"uv":[0,0,2,2],"texture":"#0"}}},{"from":[21,0,1],"to":[23,8,3],"rotation":{"angle":0,"axis":"y","origin":[8,0,0]},"faces":{"north":{"uv":[0,0,2,8],"texture":"#0"},"east":{"uv":[0,0,2,8],"texture":"#0"},"south":{"uv":[0,0,2,8],"texture":"#0"},"west":{"uv":[0,0,2,8],"texture":"#0"},"up":{"uv":[0,0,2,2],"texture":"#0"},"down":{"uv":[0,0,2,2],"texture":"#0"}}},{"from":[21,0,13],"to":[23,8,15],"rotation":{"angle":0,"axis":"y","origin":[8,0,0]},"faces":{"north":{"uv":[0,0,2,8],"texture":"#0"},"east":{"uv":[0,0,2,8],"texture":"#0"},"south":{"uv":[0,0,2,8],"texture":"#0"},"west":{"uv":[0,0,2,8],"texture":"#0"},"up":{"uv":[0,0,2,2],"texture":"#0"},"down":{"uv":[0,0,2,2],"texture":"#0"}}},{"from":[7,0,13],"to":[9,8,15],"rotation":{"angle":0,"axis":"y","origin":[8,0,0]},"faces":{"north":{"uv":[0,0,2,8],"texture":"#0"},"east":{"uv":[0,0,2,8],"texture":"#0"},"south":{"uv":[0,0,2,8],"texture":"#0"},"west":{"uv":[0,0,2,8],"texture":"#0"},"up":{"uv":[0,0,2,2],"texture":"#0"},"down":{"uv":[0,0,2,2],"texture":"#0"}}},{"from":[7,5,3],"to":[9,7,13],"rotation":{"angle":0,"axis":"y","origin":[8,0,0]},"faces":{"north":{"uv":[0,0,2,2],"texture":"#0"},"east":{"uv":[0,0,10,2],"texture":"#0"},"south":{"uv":[0,0,2,2],"texture":"#0"},"west":{"uv":[0,0,10,2],"texture":"#0"},"up":{"uv":[0,0,2,10],"texture":"#0"},"down":{"uv":[0,0,2,10],"texture":"#0"}}},{"from":[8,8,1],"to":[24,10,3],"rotation":{"angle":0,"axis":"y","origin":[8,0,0]},"faces":{"north":{"uv":[0,0,16,2],"texture":"#0"},"east":{"uv":[0,0,2,2],"texture":"#0"},"south":{"uv":[0,0,16,2],"texture":"#0"},"west":{"uv":[0,0,2,2],"texture":"#0"},"up":{"uv":[0,0,16,2],"texture":"#0"},"down":{"uv":[0,0,16,2],"texture":"#0"}}},{"from":[11,10,0],"to":[21,12,16],"rotation":{"angle":0,"axis":"y","origin":[8,0,0]},"faces":{"north":{"uv":[0,0,10,2],"rotation":180,"texture":"#8"},"east":{"uv":[0,0,2,16],"rotation":90,"texture":"#8"},"south":{"uv":[0,0,10,2],"rotation":180,"texture":"#8"},"west":{"uv":[0,0,2,16],"rotation":90,"texture":"#8"},"up":{"uv":[0,0,10,16],"texture":"#8"},"down":{"uv":[0,0,10,16],"texture":"#8"}}},{"from":[11,22,0],"to":[21,24,16],"rotation":{"angle":0,"axis":"y","origin":[8,0,0]},"faces":{"north":{"uv":[0,0,10,2],"texture":"#8"},"east":{"uv":[0,0,2,16],"rotation":90,"texture":"#8"},"south":{"uv":[0,0,10,2],"texture":"#8"},"west":{"uv":[0,0,2,16],"rotation":90,"texture":"#8"},"up":{"uv":[0,0,10,16],"texture":"#8"},"down":{"uv":[0,0,10,16],"texture":"#8"}}},{"from":[11,12,0],"to":[21,22,16],"rotation":{"angle":0,"axis":"y","origin":[8,0,0]},"faces":{"north":{"uv":[2,4,12,14],"rotation":270,"texture":"#6"},"east":{"uv":[0,0,16,10],"texture":"#6"},"south":{"uv":[3,3,13,13],"texture":"#7"},"west":{"uv":[0,0,16,10],"texture":"#6"},"up":{"uv":[0,0,10,16],"texture":"#6"},"down":{"uv":[0,0,10,16],"texture":"#6"}}},{"from":[21,12,0],"to":[23,22,16],"rotation":{"angle":0,"axis":"y","origin":[8,0,0]},"faces":{"north":{"uv":[0,0,10,2],"rotation":270,"texture":"#8"},"east":{"uv":[0,0,10,16],"rotation":90,"texture":"#8"},"south":{"uv":[0,0,10,2],"rotation":90,"texture":"#8"},"west":{"uv":[0,0,10,16],"rotation":90,"texture":"#8"},"up":{"uv":[0,0,2,16],"texture":"#8"},"down":{"uv":[0,0,2,16],"texture":"#8"}}},{"from":[9,12,0],"to":[11,22,16],"rotation":{"angle":0,"axis":"y","origin":[8,0,0]},"faces":{"north":{"uv":[0,0,10,2],"rotation":90,"texture":"#8"},"east":{"uv":[0,0,10,16],"rotation":90,"texture":"#8"},"south":{"uv":[0,0,10,2],"rotation":270,"texture":"#8"},"west":{"uv":[0,0,10,16],"rotation":90,"texture":"#8"},"up":{"uv":[0,0,2,16],"texture":"#8"},"down":{"uv":[0,0,2,16],"texture":"#8"}}},{"from":[8,8,13],"to":[24,10,15],"rotation":{"angle":0,"axis":"y","origin":[8,0,0]},"faces":{"north":{"uv":[0,0,16,2],"texture":"#0"},"east":{"uv":[0,0,2,2],"texture":"#0"},"south":{"uv":[0,0,16,2],"texture":"#0"},"west":{"uv":[0,0,2,2],"texture":"#0"},"up":{"uv":[0,0,16,2],"texture":"#0"},"down":{"uv":[0,0,16,2],"texture":"#0"}}},{"from":[21,5,3],"to":[23,7,13],"rotation":{"angle":0,"axis":"y","origin":[8,0,0]},"faces":{"north":{"uv":[0,0,2,2],"texture":"#0"},"east":{"uv":[0,0,10,2],"texture":"#0"},"south":{"uv":[0,0,2,2],"texture":"#0"},"west":{"uv":[0,0,10,2],"texture":"#0"},"up":{"uv":[0,0,2,10],"texture":"#0"},"down":{"uv":[0,0,2,10],"texture":"#0"}}},{"from":[9,4,12],"to":[21,6,14],"rotation":{"angle":0,"axis":"y","origin":[8,0,0]},"faces":{"north":{"uv":[0,0,12,2],"texture":"#0"},"east":{"uv":[0,0,2,2],"texture":"#0"},"south":{"uv":[0,0,12,2],"texture":"#0"},"west":{"uv":[0,0,2,2],"texture":"#0"},"up":{"uv":[0,0,12,2],"texture":"#0"},"down":{"uv":[0,0,12,2],"texture":"#0"}}},{"from":[9,4,2],"to":[21,6,4],"rotation":{"angle":0,"axis":"y","origin":[8,0,0]},"faces":{"north":{"uv":[0,0,12,2],"texture":"#0"},"east":{"uv":[0,0,2,2],"texture":"#0"},"south":{"uv":[0,0,12,2],"texture":"#0"},"west":{"uv":[0,0,2,2],"texture":"#0"},"up":{"uv":[0,0,12,2],"texture":"#0"},"down":{"uv":[0,0,12,2],"texture":"#0"}}},{"from":[15,13,-4],"to":[17,15,0],"rotation":{"angle":0,"axis":"y","origin":[8,0,0]},"faces":{"north":{"uv":[0,0,2,2],"texture":"#1"},"east":{"uv":[0,0,4,2],"texture":"#1"},"south":{"uv":[0,0,2,2],"texture":"#1"},"west":{"uv":[0,0,4,2],"texture":"#1"},"up":{"uv":[0,0,2,4],"texture":"#1"},"down":{"uv":[0,0,2,4],"texture":"#1"}}},{"from":[15.5,15,-3.5],"to":[16.5,16,-2.5],"rotation":{"angle":0,"axis":"y","origin":[8,0,0]},"faces":{"north":{"uv":[0,0,1,1],"texture":"#1"},"east":{"uv":[0,0,1,1],"texture":"#1"},"south":{"uv":[0,0,1,1],"texture":"#1"},"west":{"uv":[0,0,1,1],"texture":"#1"},"up":{"uv":[0,0,1,1],"texture":"#1"},"down":{"uv":[0,0,1,1],"texture":"#1"}}},{"from":[15,11,-4],"to":[17,13,-2],"rotation":{"angle":0,"axis":"y","origin":[8,0,0]},"faces":{"north":{"uv":[0,0,2,2],"texture":"#1"},"east":{"uv":[0,0,2,2],"texture":"#1"},"south":{"uv":[0,0,2,2],"texture":"#1"},"west":{"uv":[0,0,2,2],"texture":"#1"},"up":{"uv":[0,0,2,2],"texture":"#1"},"down":{"uv":[0,0,2,2],"texture":"#1"}}},{"from":[15,16,-4],"to":[17,17,-2],"rotation":{"angle":45,"axis":"y","origin":[16,16.5,-3]},"faces":{"north":{"uv":[0,0,2,1],"texture":"#1"},"east":{"uv":[0,0,2,1],"texture":"#1"},"south":{"uv":[0,0,2,1],"texture":"#1"},"west":{"uv":[0,0,2,1],"texture":"#1"},"up":{"uv":[0,0,2,2],"texture":"#1"},"down":{"uv":[0,0,2,2],"texture":"#1"}}},{"from":[-7,0,1],"to":[-5,8,3],"rotation":{"angle":0,"axis":"y","origin":[-8,0,0]},"faces":{"north":{"uv":[0,0,2,8],"texture":"#0"},"east":{"uv":[0,0,2,8],"texture":"#0"},"south":{"uv":[0,0,2,8],"texture":"#0"},"west":{"uv":[0,0,2,8],"texture":"#0"},"up":{"uv":[0,0,2,2],"texture":"#0"},"down":{"uv":[0,0,2,2],"texture":"#0"}}},{"from":[-7,0,13],"to":[-5,8,15],"rotation":{"angle":0,"axis":"y","origin":[-8,0,0]},"faces":{"north":{"uv":[0,0,2,8],"texture":"#0"},"east":{"uv":[0,0,2,8],"texture":"#0"},"south":{"uv":[0,0,2,8],"texture":"#0"},"west":{"uv":[0,0,2,8],"texture":"#0"},"up":{"uv":[0,0,2,2],"texture":"#0"},"down":{"uv":[0,0,2,2],"texture":"#0"}}},{"from":[-7,5,3],"to":[-5,7,13],"rotation":{"angle":0,"axis":"y","origin":[-8,0,0]},"faces":{"north":{"uv":[0,0,2,2],"texture":"#0"},"east":{"uv":[0,0,10,2],"texture":"#0"},"south":{"uv":[0,0,2,2],"texture":"#0"},"west":{"uv":[0,0,10,2],"texture":"#0"},"up":{"uv":[0,0,2,10],"texture":"#0"},"down":{"uv":[0,0,2,10],"texture":"#0"}}},{"from":[-5,4,12],"to":[7,6,14],"rotation":{"angle":0,"axis":"y","origin":[-8,0,0]},"faces":{"north":{"uv":[0,0,12,2],"texture":"#0"},"east":{"uv":[0,0,2,2],"texture":"#0"},"south":{"uv":[0,0,12,2],"texture":"#0"},"west":{"uv":[0,0,2,2],"texture":"#0"},"up":{"uv":[0,0,12,2],"texture":"#0"},"down":{"uv":[0,0,12,2],"texture":"#0"}}},{"from":[-5,4,2],"to":[7,6,4],"rotation":{"angle":0,"axis":"y","origin":[-8,0,0]},"faces":{"north":{"uv":[0,0,12,2],"texture":"#0"},"east":{"uv":[0,0,2,2],"texture":"#0"},"south":{"uv":[0,0,12,2],"texture":"#0"},"west":{"uv":[0,0,2,2],"texture":"#0"},"up":{"uv":[0,0,12,2],"texture":"#0"},"down":{"uv":[0,0,12,2],"texture":"#0"}}},{"from":[-8,8,1],"to":[8,10,3],"rotation":{"angle":0,"axis":"y","origin":[-8,0,0]},"faces":{"north":{"uv":[0,0,16,2],"texture":"#0"},"east":{"uv":[0,0,2,2],"texture":"#0"},"south":{"uv":[0,0,16,2],"texture":"#0"},"west":{"uv":[0,0,2,2],"texture":"#0"},"up":{"uv":[0,0,16,2],"texture":"#0"},"down":{"uv":[0,0,16,2],"texture":"#0"}}},{"from":[-8,8,13],"to":[8,10,15],"rotation":{"angle":0,"axis":"y","origin":[-8,0,0]},"faces":{"north":{"uv":[0,0,16,2],"texture":"#0"},"east":{"uv":[0,0,2,2],"texture":"#0"},"south":{"uv":[0,0,16,2],"texture":"#0"},"west":{"uv":[0,0,2,2],"texture":"#0"},"up":{"uv":[0,0,16,2],"texture":"#0"},"down":{"uv":[0,0,16,2],"texture":"#0"}}},{"from":[-5,10,0],"to":[5,12,16],"rotation":{"angle":0,"axis":"y","origin":[-8,0,0]},"faces":{"north":{"uv":[0,0,10,2],"rotation":180,"texture":"#8"},"east":{"uv":[0,0,2,16],"rotation":90,"texture":"#8"},"south":{"uv":[0,0,10,2],"rotation":180,"texture":"#8"},"west":{"uv":[0,0,2,16],"rotation":90,"texture":"#8"},"up":{"uv":[0,0,10,16],"texture":"#8"},"down":{"uv":[0,0,10,16],"texture":"#8"}}},{"from":[5,12,0],"to":[7,22,16],"rotation":{"angle":0,"axis":"y","origin":[-8,0,0]},"faces":{"north":{"uv":[0,0,10,2],"rotation":270,"texture":"#8"},"east":{"uv":[0,0,10,16],"rotation":90,"texture":"#8"},"south":{"uv":[0,0,10,2],"rotation":90,"texture":"#8"},"west":{"uv":[0,0,10,16],"rotation":90,"texture":"#8"},"up":{"uv":[0,0,2,16],"texture":"#8"},"down":{"uv":[0,0,2,16],"texture":"#8"}}},{"from":[-5,22,0],"to":[5,24,16],"rotation":{"angle":0,"axis":"y","origin":[-8,0,0]},"faces":{"north":{"uv":[0,0,10,2],"texture":"#8"},"east":{"uv":[0,0,2,16],"rotation":90,"texture":"#8"},"south":{"uv":[0,0,10,2],"texture":"#8"},"west":{"uv":[0,0,2,16],"rotation":90,"texture":"#8"},"up":{"uv":[0,0,10,16],"texture":"#8"},"down":{"uv":[0,0,10,16],"texture":"#8"}}},{"from":[-7,12,0],"to":[-5,22,16],"rotation":{"angle":0,"axis":"y","origin":[-8,0,0]},"faces":{"north":{"uv":[0,0,10,2],"rotation":90,"texture":"#8"},"east":{"uv":[0,0,10,16],"rotation":90,"texture":"#8"},"south":{"uv":[0,0,10,2],"rotation":270,"texture":"#8"},"west":{"uv":[0,0,10,16],"rotation":90,"texture":"#8"},"up":{"uv":[0,0,2,16],"texture":"#8"},"down":{"uv":[0,0,2,16],"texture":"#8"}}},{"from":[-5,12,0],"to":[5,22,16],"rotation":{"angle":0,"axis":"y","origin":[-8,0,0]},"faces":{"north":{"uv":[2,4,12,14],"rotation":270,"texture":"#6"},"east":{"uv":[0,0,16,10],"texture":"#6"},"south":{"uv":[3,3,13,13],"texture":"#7"},"west":{"uv":[0,0,16,10],"texture":"#6"},"up":{"uv":[0,0,10,16],"texture":"#6"},"down":{"uv":[0,0,10,16],"texture":"#6"}}},{"from":[-1,13,-4],"to":[1,15,0],"rotation":{"angle":0,"axis":"y","origin":[-8,0,0]},"faces":{"north":{"uv":[0,0,2,2],"texture":"#1"},"east":{"uv":[0,0,4,2],"texture":"#1"},"south":{"uv":[0,0,2,2],"texture":"#1"},"west":{"uv":[0,0,4,2],"texture":"#1"},"up":{"uv":[0,0,2,4],"texture":"#1"},"down":{"uv":[0,0,2,4],"texture":"#1"}}},{"from":[-1,11,-4],"to":[1,13,-2],"rotation":{"angle":0,"axis":"y","origin":[-8,0,0]},"faces":{"north":{"uv":[0,0,2,2],"texture":"#1"},"east":{"uv":[0,0,2,2],"texture":"#1"},"south":{"uv":[0,0,2,2],"texture":"#1"},"west":{"uv":[0,0,2,2],"texture":"#1"},"up":{"uv":[0,0,2,2],"texture":"#1"},"down":{"uv":[0,0,2,2],"texture":"#1"}}},{"from":[-0.5,15,-3.5],"to":[0.5,16,-2.5],"rotation":{"angle":0,"axis":"y","origin":[-8,0,0]},"faces":{"north":{"uv":[0,0,1,1],"texture":"#1"},"east":{"uv":[0,0,1,1],"texture":"#1"},"south":{"uv":[0,0,1,1],"texture":"#1"},"west":{"uv":[0,0,1,1],"texture":"#1"},"up":{"uv":[0,0,1,1],"texture":"#1"},"down":{"uv":[0,0,1,1],"texture":"#1"}}},{"from":[-1,16,-4],"to":[1,17,-2],"rotation":{"angle":45,"axis":"y","origin":[0,16.5,-3]},"faces":{"north":{"uv":[0,0,2,1],"texture":"#1"},"east":{"uv":[0,0,2,1],"texture":"#1"},"south":{"uv":[0,0,2,1],"texture":"#1"},"west":{"uv":[0,0,2,1],"texture":"#1"},"up":{"uv":[0,0,2,2],"texture":"#1"},"down":{"uv":[0,0,2,2],"texture":"#1"}}}],"display":{"thirdperson_righthand":{"rotation":[45,25,0],"translation":[0,2,0],"scale":[0.3,0.3,0.3]},"thirdperson_lefthand":{"rotation":[45,25,0],"translation":[0,2,0],"scale":[0.3,0.3,0.3]},"firstperson_righthand":{"rotation":[0,25,0],"translation":[0,2,0],"scale":[0.5,0.5,0.5]},"firstperson_lefthand":{"rotation":[0,25,0],"translation":[0,2,0],"scale":[0.5,0.5,0.5]},"ground":{"scale":[0.3,0.3,0.3]},"gui":{"rotation":[25,135,0],"translation":[0,-1.5,0],"scale":[0.5,0.5,0.5]},"head":{"rotation":[0,-180,0],"translation":[0,-14.65,0],"scale":[2.2855,2.2855,2.2855]},"fixed":{"translation":[0,-3,-8.25]}}}