{"credit":"MadewithBlockbench","textures":{"1":"block/spruce_planks"},"elements":[{"from":[1,-1,-3],"to":[3,15,-1],"rotation":{"angle":22.5,"axis":"x","origin":[0,0,0]},"faces":{"north":{"uv":[0,0,2,16],"texture":"#1"},"east":{"uv":[0,0,2,16],"texture":"#1"},"south":{"uv":[0,0,2,16],"texture":"#1"},"west":{"uv":[0,0,2,16],"texture":"#1"},"up":{"uv":[0,0,2,2],"texture":"#1"},"down":{"uv":[0,0,2,2],"texture":"#1"}}},{"from":[3,1,-3],"to":[13,2,-1],"rotation":{"angle":22.5,"axis":"x","origin":[0,0,0]},"faces":{"north":{"uv":[0,0,10,1],"texture":"#1"},"east":{"uv":[0,0,2,1],"texture":"#1"},"south":{"uv":[0,0,10,1],"texture":"#1"},"west":{"uv":[0,0,2,1],"texture":"#1"},"up":{"uv":[0,0,10,2],"texture":"#1"},"down":{"uv":[0,0,10,2],"texture":"#1"}}},{"from":[3,5,-3],"to":[13,6,-1],"rotation":{"angle":22.5,"axis":"x","origin":[0,0,0]},"faces":{"north":{"uv":[0,0,10,1],"texture":"#1"},"east":{"uv":[0,0,2,1],"texture":"#1"},"south":{"uv":[0,0,10,1],"texture":"#1"},"west":{"uv":[0,0,2,1],"texture":"#1"},"up":{"uv":[0,0,10,2],"texture":"#1"},"down":{"uv":[0,0,10,2],"texture":"#1"}}},{"from":[3,13,-3],"to":[13,14,-1],"rotation":{"angle":22.5,"axis":"x","origin":[0,0,0]},"faces":{"north":{"uv":[0,0,10,1],"texture":"#1"},"east":{"uv":[0,0,2,1],"texture":"#1"},"south":{"uv":[0,0,10,1],"texture":"#1"},"west":{"uv":[0,0,2,1],"texture":"#1"},"up":{"uv":[0,0,10,2],"texture":"#1"},"down":{"uv":[0,0,10,2],"texture":"#1"}}},{"from":[3,9,-3],"to":[13,10,-1],"rotation":{"angle":22.5,"axis":"x","origin":[0,0,0]},"faces":{"north":{"uv":[0,0,10,1],"texture":"#1"},"east":{"uv":[0,0,2,1],"texture":"#1"},"south":{"uv":[0,0,10,1],"texture":"#1"},"west":{"uv":[0,0,2,1],"texture":"#1"},"up":{"uv":[0,0,10,2],"texture":"#1"},"down":{"uv":[0,0,10,2],"texture":"#1"}}},{"from":[3,21,-3],"to":[13,22,-1],"rotation":{"angle":22.5,"axis":"x","origin":[0,0,0]},"faces":{"north":{"uv":[0,0,10,1],"texture":"#1"},"east":{"uv":[0,0,2,1],"texture":"#1"},"south":{"uv":[0,0,10,1],"texture":"#1"},"west":{"uv":[0,0,2,1],"texture":"#1"},"up":{"uv":[0,0,10,2],"texture":"#1"},"down":{"uv":[0,0,10,2],"texture":"#1"}}},{"from":[3,17,-3],"to":[13,18,-1],"rotation":{"angle":22.5,"axis":"x","origin":[0,0,0]},"faces":{"north":{"uv":[0,0,10,1],"texture":"#1"},"east":{"uv":[0,0,2,1],"texture":"#1"},"south":{"uv":[0,0,10,1],"texture":"#1"},"west":{"uv":[0,0,2,1],"texture":"#1"},"up":{"uv":[0,0,10,2],"texture":"#1"},"down":{"uv":[0,0,10,2],"texture":"#1"}}},{"from":[3,25,-3],"to":[13,26,-1],"rotation":{"angle":22.5,"axis":"x","origin":[0,0,0]},"faces":{"north":{"uv":[0,0,10,1],"texture":"#1"},"east":{"uv":[0,0,2,1],"texture":"#1"},"south":{"uv":[0,0,10,1],"texture":"#1"},"west":{"uv":[0,0,2,1],"texture":"#1"},"up":{"uv":[0,0,10,2],"texture":"#1"},"down":{"uv":[0,0,10,2],"texture":"#1"}}},{"from":[1,15,-3],"to":[3,31,-1],"rotation":{"angle":22.5,"axis":"x","origin":[0,0,0]},"faces":{"north":{"uv":[0,0,2,16],"texture":"#1"},"east":{"uv":[0,0,2,16],"texture":"#1"},"south":{"uv":[0,0,2,16],"texture":"#1"},"west":{"uv":[0,0,2,16],"texture":"#1"},"up":{"uv":[0,0,2,2],"texture":"#1"},"down":{"uv":[0,0,2,2],"texture":"#1"}}},{"from":[13,15,-3],"to":[15,31,-1],"rotation":{"angle":22.5,"axis":"x","origin":[0,0,0]},"faces":{"north":{"uv":[0,0,2,16],"texture":"#1"},"east":{"uv":[0,0,2,16],"texture":"#1"},"south":{"uv":[0,0,2,16],"texture":"#1"},"west":{"uv":[0,0,2,16],"texture":"#1"},"up":{"uv":[0,0,2,2],"texture":"#1"},"down":{"uv":[0,0,2,2],"texture":"#1"}}},{"from":[13,-1,-3],"to":[15,15,-1],"rotation":{"angle":22.5,"axis":"x","origin":[0,0,0]},"faces":{"north":{"uv":[0,0,2,16],"texture":"#1"},"east":{"uv":[0,0,2,16],"texture":"#1"},"south":{"uv":[0,0,2,16],"texture":"#1"},"west":{"uv":[0,0,2,16],"texture":"#1"},"up":{"uv":[0,0,2,2],"texture":"#1"},"down":{"uv":[0,0,2,2],"texture":"#1"}}},{"from":[0,28,9],"to":[16,30,18],"faces":{"north":{"uv":[0,0,16,2],"texture":"#1"},"east":{"uv":[0,0,9,2],"texture":"#1"},"south":{"uv":[0,0,16,2],"texture":"#1"},"west":{"uv":[0,0,9,2],"texture":"#1"},"up":{"uv":[0,0,16,9],"texture":"#1"},"down":{"uv":[0,0,16,9],"texture":"#1"}}},{"from":[0,14,16],"to":[2,28,18],"faces":{"north":{"uv":[0,0,2,14],"texture":"#1"},"east":{"uv":[0,0,2,14],"texture":"#1"},"south":{"uv":[0,0,2,14],"texture":"#1"},"west":{"uv":[0,0,2,14],"texture":"#1"},"up":{"uv":[0,0,2,2],"texture":"#1"},"down":{"uv":[0,0,2,2],"texture":"#1"}}},{"from":[0,0,16],"to":[2,14,18],"faces":{"north":{"uv":[0,0,2,14],"texture":"#1"},"east":{"uv":[0,0,2,14],"texture":"#1"},"south":{"uv":[0,0,2,14],"texture":"#1"},"west":{"uv":[0,0,2,14],"texture":"#1"},"up":{"uv":[0,0,2,2],"texture":"#1"},"down":{"uv":[0,0,2,2],"texture":"#1"}}},{"from":[14,0,16],"to":[16,14,18],"faces":{"north":{"uv":[0,0,2,14],"texture":"#1"},"east":{"uv":[0,0,2,14],"texture":"#1"},"south":{"uv":[0,0,2,14],"texture":"#1"},"west":{"uv":[0,0,2,14],"texture":"#1"},"up":{"uv":[0,0,2,2],"texture":"#1"},"down":{"uv":[0,0,2,2],"texture":"#1"}}},{"from":[2,4,16],"to":[14,6,18],"faces":{"north":{"uv":[0,0,12,2],"texture":"#1"},"east":{"uv":[0,0,2,2],"texture":"#1"},"south":{"uv":[0,0,12,2],"texture":"#1"},"west":{"uv":[0,0,2,2],"texture":"#1"},"up":{"uv":[0,0,12,2],"texture":"#1"},"down":{"uv":[0,0,12,2],"texture":"#1"}}},{"from":[14,14,16],"to":[16,28,18],"faces":{"north":{"uv":[0,0,2,14],"texture":"#1"},"east":{"uv":[0,0,2,14],"texture":"#1"},"south":{"uv":[0,0,2,14],"texture":"#1"},"west":{"uv":[0,0,2,14],"texture":"#1"},"up":{"uv":[0,0,2,2],"texture":"#1"},"down":{"uv":[0,0,2,2],"texture":"#1"}}}],"display":{"thirdperson_righthand":{"rotation":[45,25,0],"translation":[0,2,0],"scale":[0.3,0.3,0.3]},"thirdperson_lefthand":{"rotation":[45,25,0],"translation":[0,2,0],"scale":[0.3,0.3,0.3]},"firstperson_righthand":{"rotation":[0,25,0],"translation":[0,2,0],"scale":[0.5,0.5,0.5]},"firstperson_lefthand":{"rotation":[0,25,0],"translation":[0,2,0],"scale":[0.5,0.5,0.5]},"ground":{"scale":[0.3,0.3,0.3]},"gui":{"rotation":[25,135,0],"translation":[0,-1.5,0],"scale":[0.5,0.5,0.5]},"head":{"rotation":[0,-180,0],"translation":[0,-14.65,0],"scale":[2.2855,2.2855,2.2855]},"fixed":{"translation":[0,-3,-8.25]}}}