{"credit":"MadewithBlockbench","textures":{"0":"block/warped_stem_top","1":"block/warped_stem","2":"block/iron_block","particle":"block/warped_stem_top"},"elements":[{"from":[3,0,3],"to":[4,6,13],"faces":{"north":{"uv":[0,0,1,6],"texture":"#1"},"east":{"uv":[0,0,10,6],"texture":"#1"},"south":{"uv":[0,0,1,6],"texture":"#1"},"west":{"uv":[0,0,10,6],"texture":"#1"},"up":{"uv":[0,0,1,10],"texture":"#1"},"down":{"uv":[0,0,1,10],"texture":"#1"}}},{"from":[4,0,3],"to":[12,6,4],"faces":{"north":{"uv":[0,0,8,6],"texture":"#1"},"east":{"uv":[0,0,1,6],"texture":"#1"},"south":{"uv":[0,0,8,6],"texture":"#1"},"west":{"uv":[0,0,1,6],"texture":"#1"},"up":{"uv":[0,0,8,1],"texture":"#1"},"down":{"uv":[0,0,8,1],"texture":"#1"}}},{"from":[4,0,12],"to":[12,6,13],"faces":{"north":{"uv":[0,0,8,6],"texture":"#1"},"east":{"uv":[0,0,1,6],"texture":"#1"},"south":{"uv":[0,0,8,6],"texture":"#1"},"west":{"uv":[0,0,1,6],"texture":"#1"},"up":{"uv":[0,0,8,1],"texture":"#1"},"down":{"uv":[0,0,8,1],"texture":"#1"}}},{"from":[4,0,4],"to":[12,6,12],"faces":{"north":{"uv":[0,0,8,9],"texture":"#0"},"east":{"uv":[0,0,8,9],"texture":"#0"},"south":{"uv":[0,0,8,9],"texture":"#0"},"west":{"uv":[0,0,8,9],"texture":"#0"},"up":{"uv":[4,4,12,12],"texture":"#0"},"down":{"uv":[4,4,12,12],"texture":"#0"}}},{"from":[12,0,3],"to":[13,6,13],"faces":{"north":{"uv":[0,0,1,6],"texture":"#1"},"east":{"uv":[0,0,10,6],"texture":"#1"},"south":{"uv":[0,0,1,6],"texture":"#1"},"west":{"uv":[0,0,10,6],"texture":"#1"},"up":{"uv":[0,0,1,10],"texture":"#1"},"down":{"uv":[0,0,1,10],"texture":"#1"}}},{"from":[13,0,4],"to":[15,2,6],"faces":{"north":{"uv":[0,0,2,2],"texture":"#1"},"east":{"uv":[0,0,2,2],"texture":"#1"},"south":{"uv":[0,0,2,2],"texture":"#1"},"west":{"uv":[0,0,2,2],"texture":"#1"},"up":{"uv":[0,0,2,2],"texture":"#1"},"down":{"uv":[0,0,2,2],"texture":"#1"}}},{"from":[6,0,13],"to":[12,5,15],"faces":{"north":{"uv":[0,0,6,5],"texture":"#1"},"east":{"uv":[0,0,2,5],"texture":"#1"},"south":{"uv":[0,0,6,5],"texture":"#1"},"west":{"uv":[0,0,2,5],"texture":"#1"},"up":{"uv":[0,0,6,2],"texture":"#1"},"down":{"uv":[0,0,6,2],"texture":"#1"}}},{"from":[6,0,1],"to":[11,4,3],"faces":{"north":{"uv":[0,0,5,4],"texture":"#1"},"east":{"uv":[0,0,2,4],"texture":"#1"},"south":{"uv":[0,0,5,4],"texture":"#1"},"west":{"uv":[0,0,2,4],"texture":"#1"},"up":{"uv":[0,0,5,2],"texture":"#1"},"down":{"uv":[0,0,5,2],"texture":"#1"}}},{"from":[1,0,5],"to":[3,2,12],"faces":{"north":{"uv":[0,0,2,2],"texture":"#1"},"east":{"uv":[0,0,7,2],"texture":"#1"},"south":{"uv":[0,0,2,2],"texture":"#1"},"west":{"uv":[0,0,7,2],"texture":"#1"},"up":{"uv":[0,0,2,7],"texture":"#1"},"down":{"uv":[0,0,2,7],"texture":"#1"}}},{"from":[13,0,6],"to":[15,3,10],"faces":{"north":{"uv":[0,0,2,3],"texture":"#1"},"east":{"uv":[0,0,4,3],"texture":"#1"},"south":{"uv":[0,0,2,3],"texture":"#1"},"west":{"uv":[0,0,4,3],"texture":"#1"},"up":{"uv":[0,0,2,4],"texture":"#1"},"down":{"uv":[0,0,2,4],"texture":"#1"}}},{"from":[7,7,7.5],"to":[12,8,8.5],"rotation":{"angle":-22.5,"axis":"z","origin":[6,12.25,6.5]},"faces":{"north":{"uv":[0,0,5,1],"texture":"#2"},"east":{"uv":[0,0,1,1],"texture":"#2"},"south":{"uv":[0,0,5,1],"texture":"#2"},"west":{"uv":[0,0,1,1],"texture":"#2"},"up":{"uv":[0,0,5,1],"texture":"#2"},"down":{"uv":[0,0,5,1],"texture":"#2"}}},{"from":[6,8,7.5],"to":[13,9,8.5],"rotation":{"angle":-22.5,"axis":"z","origin":[6,12.25,6.5]},"faces":{"north":{"uv":[0,0,7,1],"texture":"#2"},"east":{"uv":[0,0,1,1],"texture":"#2"},"south":{"uv":[0,0,7,1],"texture":"#2"},"west":{"uv":[0,0,1,1],"texture":"#2"},"up":{"uv":[0,0,7,1],"texture":"#2"},"down":{"uv":[0,0,7,1],"texture":"#2"}}},{"from":[7,9,7.5],"to":[12,10,8.5],"rotation":{"angle":-22.5,"axis":"z","origin":[6,12.25,6.5]},"faces":{"north":{"uv":[0,0,5,1],"texture":"#2"},"east":{"uv":[0,0,1,1],"texture":"#2"},"south":{"uv":[0,0,5,1],"texture":"#2"},"west":{"uv":[0,0,1,1],"texture":"#2"},"up":{"uv":[0,0,5,1],"texture":"#2"},"down":{"uv":[0,0,5,1],"texture":"#2"}}},{"from":[7,11,7.5],"to":[12,12,8.5],"rotation":{"angle":-22.5,"axis":"z","origin":[6,12.25,6.5]},"faces":{"north":{"uv":[0,0,5,1],"texture":"#2"},"east":{"uv":[0,0,1,1],"texture":"#2"},"south":{"uv":[0,0,5,1],"texture":"#2"},"west":{"uv":[0,0,1,1],"texture":"#2"},"up":{"uv":[0,0,5,1],"texture":"#2"},"down":{"uv":[0,0,5,1],"texture":"#2"}}},{"from":[8,10,7.5],"to":[11,11,8.5],"rotation":{"angle":-22.5,"axis":"z","origin":[6,12.25,6.5]},"faces":{"north":{"uv":[0,0,3,1],"texture":"#2"},"east":{"uv":[0,0,1,1],"texture":"#2"},"south":{"uv":[0,0,3,1],"texture":"#2"},"west":{"uv":[0,0,1,1],"texture":"#2"},"up":{"uv":[0,0,3,1],"texture":"#2"},"down":{"uv":[0,0,3,1],"texture":"#2"}}},{"from":[9,9,6.5],"to":[10,15,9.5],"rotation":{"angle":-22.5,"axis":"z","origin":[6,12.25,6.5]},"faces":{"north":{"uv":[0,0,1,6],"texture":"#2"},"east":{"uv":[0,0,3,6],"texture":"#2"},"south":{"uv":[0,0,1,6],"texture":"#2"},"west":{"uv":[0,0,3,6],"texture":"#2"},"up":{"uv":[0,0,1,3],"texture":"#2"},"down":{"uv":[0,0,1,3],"texture":"#2"}}},{"from":[-4,12,7],"to":[13,14,9],"rotation":{"angle":-22.5,"axis":"z","origin":[6,12.25,6.5]},"faces":{"north":{"uv":[0,0,16,2],"texture":"#1"},"east":{"uv":[0,0,2,2],"texture":"#1"},"south":{"uv":[0,0,16,2],"texture":"#1"},"west":{"uv":[0,0,2,2],"texture":"#1"},"up":{"uv":[0,0,16,2],"texture":"#1"},"down":{"uv":[0,0,16,2],"texture":"#1"}}}],"display":{"thirdperson_righthand":{"rotation":[45,25,0],"translation":[0,2,0],"scale":[0.3,0.3,0.3]},"thirdperson_lefthand":{"rotation":[45,25,0],"translation":[0,2,0],"scale":[0.3,0.3,0.3]},"firstperson_righthand":{"rotation":[0,25,0],"translation":[0,2,0],"scale":[0.5,0.5,0.5]},"firstperson_lefthand":{"rotation":[0,25,0],"translation":[0,2,0],"scale":[0.5,0.5,0.5]},"ground":{"scale":[0.3,0.3,0.3]},"gui":{"rotation":[25,135,0],"translation":[0,-1.5,0],"scale":[0.5,0.5,0.5]},"head":{"rotation":[0,-180,0],"translation":[0,-14.65,0],"scale":[2.2855,2.2855,2.2855]},"fixed":{"translation":[0,-3,-8.25]}}}