{"credit":"MadewithBlockbench","textures":{"0":"block/warped_nylium","particle":"block/warped_nylium"},"elements":[{"from":[12,0,5],"to":[18,5,11],"faces":{"north":{"uv":[0,0,6,5],"texture":"#0"},"east":{"uv":[0,0,6,5],"texture":"#0"},"south":{"uv":[0,0,6,5],"texture":"#0"},"west":{"uv":[0,0,6,5],"texture":"#0"},"up":{"uv":[0,0,6,6],"texture":"#0"},"down":{"uv":[0,0,6,6],"texture":"#0"}}},{"from":[7,0,-1],"to":[12,5,4],"faces":{"north":{"uv":[0,0,5,5],"texture":"#0"},"east":{"uv":[0,0,5,5],"texture":"#0"},"south":{"uv":[0,0,5,5],"texture":"#0"},"west":{"uv":[0,0,5,5],"texture":"#0"},"up":{"uv":[0,0,5,5],"texture":"#0"},"down":{"uv":[0,0,5,5],"texture":"#0"}}},{"from":[0,0,10],"to":[5,5,15],"faces":{"north":{"uv":[0,0,5,5],"texture":"#0"},"east":{"uv":[0,0,5,5],"texture":"#0"},"south":{"uv":[0,0,5,5],"texture":"#0"},"west":{"uv":[0,0,5,5],"texture":"#0"},"up":{"uv":[0,0,5,5],"texture":"#0"},"down":{"uv":[0,0,5,5],"texture":"#0"}}},{"from":[-1,0,3],"to":[5,9,8],"faces":{"north":{"uv":[0,0,6,9],"texture":"#0"},"east":{"uv":[0,0,5,9],"texture":"#0"},"south":{"uv":[0,0,6,9],"texture":"#0"},"west":{"uv":[0,0,5,9],"texture":"#0"},"up":{"uv":[0,0,6,5],"texture":"#0"},"down":{"uv":[0,0,6,5],"texture":"#0"}}},{"from":[7,5,7],"to":[13,10,13],"faces":{"north":{"uv":[0,0,6,5],"texture":"#0"},"east":{"uv":[0,0,6,5],"texture":"#0"},"south":{"uv":[0,0,6,5],"texture":"#0"},"west":{"uv":[0,0,6,5],"texture":"#0"},"up":{"uv":[0,0,6,6],"texture":"#0"},"down":{"uv":[0,0,6,6],"texture":"#0"}}},{"from":[2,0,2],"to":[14,7,14],"faces":{"north":{"uv":[0,0,12,7],"texture":"#0"},"east":{"uv":[0,0,12,7],"texture":"#0"},"south":{"uv":[0,0,12,7],"texture":"#0"},"west":{"uv":[0,0,12,7],"texture":"#0"},"up":{"uv":[0,0,12,12],"texture":"#0"},"down":{"uv":[0,0,12,12],"texture":"#0"}}}],"display":{"thirdperson_righthand":{"rotation":[45,25,0],"translation":[0,2,0],"scale":[0.3,0.3,0.3]},"thirdperson_lefthand":{"rotation":[45,25,0],"translation":[0,2,0],"scale":[0.3,0.3,0.3]},"firstperson_righthand":{"rotation":[0,25,0],"translation":[0,2,0],"scale":[0.5,0.5,0.5]},"firstperson_lefthand":{"rotation":[0,25,0],"translation":[0,2,0],"scale":[0.5,0.5,0.5]},"ground":{"scale":[0.3,0.3,0.3]},"gui":{"rotation":[25,135,0],"translation":[0,-1.5,0],"scale":[0.5,0.5,0.5]},"head":{"rotation":[0,-180,0],"translation":[0,-14.65,0],"scale":[2.2855,2.2855,2.2855]},"fixed":{"translation":[0,-3,-8.25]}}}