{"credit":"Made with Blockbench","texture_size":[64,64],"textures":{"0":"elitecreatures:sakura_furniture_v2/sakurapaintingtexture","particle":"elitecreatures:sakura_furniture_v2/sakurapaintingtexture"},"elements":[{"from":[14.5,0,0],"to":[16,1,16],"faces":{"north":{"uv":[4.25,2.5,4.625,2.75],"texture":"#0"},"east":{"uv":[4.25,0.5,8.25,0.75],"texture":"#0"},"south":{"uv":[4.25,2.75,4.625,3],"texture":"#0"},"west":{"uv":[4.25,0.75,8.25,1],"texture":"#0"},"up":{"uv":[3.625,4,3.25,0],"texture":"#0"},"down":{"uv":[4.125,0,3.75,4],"texture":"#0"}}},{"from":[1.5,0,14.5],"to":[14.5,1,16],"faces":{"north":{"uv":[4.25,1,7.5,1.25],"texture":"#0"},"east":{"uv":[4.25,3,4.625,3.25],"texture":"#0"},"south":{"uv":[4.25,1.25,7.5,1.5],"texture":"#0"},"west":{"uv":[4.25,3.25,4.625,3.5],"texture":"#0"},"up":{"uv":[6.5,4.375,3.25,4],"texture":"#0"},"down":{"uv":[7.5,0,4.25,0.375],"texture":"#0"}}},{"from":[0,0,0],"to":[1.5,1,16],"rotation":{"angle":0,"axis":"y","origin":[8,0,8]},"faces":{"north":{"uv":[4.25,2.75,4.625,3],"texture":"#0"},"east":{"uv":[4.25,0.75,8.25,1],"texture":"#0"},"south":{"uv":[4.25,2.5,4.625,2.75],"texture":"#0"},"west":{"uv":[4.25,0.5,8.25,0.75],"texture":"#0"},"up":{"uv":[3.625,4,3.25,0],"rotation":180,"texture":"#0"},"down":{"uv":[4.125,0,3.75,4],"rotation":180,"texture":"#0"}}},{"from":[1.5,0,0],"to":[14.5,1,1.5],"rotation":{"angle":0,"axis":"y","origin":[8,0,8]},"faces":{"north":{"uv":[4.25,1.25,7.5,1.5],"texture":"#0"},"east":{"uv":[4.25,3.25,4.625,3.5],"texture":"#0"},"south":{"uv":[4.25,1,7.5,1.25],"texture":"#0"},"west":{"uv":[4.25,3,4.625,3.25],"texture":"#0"},"up":{"uv":[6.5,4.375,3.25,4],"rotation":180,"texture":"#0"},"down":{"uv":[7.5,0,4.25,0.375],"rotation":180,"texture":"#0"}}},{"from":[1.5,0,1.5],"to":[14.5,0.5,14.5],"faces":{"north":{"uv":[4.25,1.5,7.5,1.625],"texture":"#0"},"east":{"uv":[4.25,1.75,7.5,1.875],"texture":"#0"},"south":{"uv":[4.25,2,7.5,2.125],"texture":"#0"},"west":{"uv":[4.25,2.25,7.5,2.375],"texture":"#0"},"up":{"uv":[3.25,3.25,0,0],"texture":"#0"},"down":{"uv":[3.25,3.25,0,6.5],"texture":"#0"}}}],"gui_light":"front","display":{"thirdperson_righthand":{"rotation":[-22.5,0,0],"translation":[0,2.5,-0.75],"scale":[0.32617,0.32617,0.32617]},"thirdperson_lefthand":{"rotation":[-22.5,0,0],"translation":[0,2.5,-0.75],"scale":[0.32617,0.32617,0.32617]},"firstperson_righthand":{"rotation":[90,0,180],"translation":[0.25,4.25,0],"scale":[0.34961,0.34961,0.34961]},"firstperson_lefthand":{"rotation":[90,0,180],"translation":[0.25,4.25,0],"scale":[0.34961,0.34961,0.34961]},"ground":{"rotation":[-90,0,0],"translation":[0,6,-4.5],"scale":[0.6,0.6,0.6]},"gui":{"rotation":[30,135,0],"translation":[0,4,0],"scale":[0.66992,0.66992,0.66992]},"head":{"rotation":[-90,180,180],"translation":[0,-30.4,0],"scale":[1.6,1.6,1.6]},"fixed":{"rotation":[-90,0,0],"translation":[0,0,-16],"scale":[2,2,2]}}}