{"credit":"Made with Blockbench","texture_size":[32,32],"textures":{"0":"elitecreatures:sakura_furniture_v2/sakuratreetexture","1":"elitecreatures:sakura_furniture_v2/sakuratreeanimation01","particle":"elitecreatures:sakura_furniture_v2/sakuratreetexture"},"elements":[{"from":[4,0,4],"to":[12,11,12],"faces":{"north":{"uv":[7,5.75,9,8.5],"texture":"#0"},"east":{"uv":[7,5.75,9,8.5],"texture":"#0"},"south":{"uv":[7,5.75,9,8.5],"texture":"#0"},"west":{"uv":[7,5.75,9,8.5],"texture":"#0"},"up":{"uv":[11,2,9,0],"texture":"#0"},"down":{"uv":[11,4.75,9,6.75],"texture":"#0"}}},{"from":[4,12,4],"to":[12,13,12],"faces":{"north":{"uv":[9,2.5,11,2.75],"texture":"#0"},"east":{"uv":[9,2.5,11,2.75],"texture":"#0"},"south":{"uv":[9,2.5,11,2.75],"texture":"#0"},"west":{"uv":[9,2.5,11,2.75],"texture":"#0"},"up":{"uv":[12,8.75,10,6.75],"texture":"#0"},"down":{"uv":[12,8.75,10,10.75],"texture":"#0"}}},{"from":[5,11,5],"to":[11,12,11],"faces":{"north":{"uv":[1.5,10.75,3,11],"texture":"#0"},"east":{"uv":[1.5,10.75,3,11],"texture":"#0"},"south":{"uv":[1.5,10.75,3,11],"texture":"#0"},"west":{"uv":[1.5,10.75,3,11],"texture":"#0"},"up":{"uv":[7.5,11.75,6,10.25],"texture":"#0"},"down":{"uv":[9,10.25,7.5,11.75],"texture":"#0"}}},{"from":[2,20,2],"to":[14,32,14],"faces":{"north":{"uv":[6,0,3,3],"texture":"#0"},"east":{"uv":[3,0,6,3],"texture":"#0"},"south":{"uv":[6,0,3,3],"texture":"#0"},"west":{"uv":[3,0,6,3],"texture":"#0"},"up":{"uv":[3,9,0,6],"texture":"#0"},"down":{"uv":[9,0,6,3],"texture":"#0"}}},{"from":[2.25,13,8],"to":[13.75,20,8],"rotation":{"angle":-45,"axis":"y","origin":[8,16.5,8]},"faces":{"north":{"uv":[3,8.75,5.875,10.5],"texture":"#0"},"east":{"uv":[0,0,0,1.75],"texture":"#0"},"south":{"uv":[5.875,8.75,3,10.5],"texture":"#0"},"west":{"uv":[0,0,0,1.75],"texture":"#0"},"up":{"uv":[0,2.875,0,0],"rotation":270,"texture":"#0"},"down":{"uv":[0,0,0,2.875],"rotation":90,"texture":"#0"}}},{"from":[2.25,13,8],"to":[13.75,20,8],"rotation":{"angle":45,"axis":"y","origin":[8,16.5,8]},"faces":{"north":{"uv":[3,8.75,5.875,10.5],"texture":"#0"},"east":{"uv":[0,0,0,1.75],"texture":"#0"},"south":{"uv":[5.875,8.75,3,10.5],"texture":"#0"},"west":{"uv":[0,0,0,1.75],"texture":"#0"},"up":{"uv":[0,2.875,0,0],"rotation":270,"texture":"#0"},"down":{"uv":[0,0,0,2.875],"rotation":90,"texture":"#0"}}},{"from":[3,0,13],"to":[13,20,13],"faces":{"north":{"uv":[5,0,0,10],"texture":"#1"},"east":{"uv":[0,0,0,10],"texture":"#missing"},"south":{"uv":[0,0,5,10],"texture":"#1"},"west":{"uv":[0,0,0,10],"texture":"#missing"},"up":{"uv":[5,0,0,0],"texture":"#missing"},"down":{"uv":[5,0,0,0],"texture":"#missing"}}},{"from":[3,0,3],"to":[13,20,3],"rotation":{"angle":0,"axis":"y","origin":[16,0,16]},"faces":{"north":{"uv":[0,0,5,10],"texture":"#1"},"east":{"uv":[0,0,0,10],"texture":"#missing"},"south":{"uv":[5,0,0,10],"texture":"#1"},"west":{"uv":[0,0,0,10],"texture":"#missing"},"up":{"uv":[0,0,5,0],"texture":"#missing"},"down":{"uv":[0,0,5,0],"texture":"#missing"}}}],"gui_light":"front","display":{"thirdperson_righthand":{"rotation":[67.5,0,0],"translation":[0,1.25,0],"scale":[0.28906,0.28906,0.28906]},"thirdperson_lefthand":{"rotation":[67.5,0,0],"translation":[0,1.25,0],"scale":[0.28906,0.28906,0.28906]},"firstperson_righthand":{"translation":[3.75,2.75,0],"scale":[0.29297,0.29297,0.29297]},"firstperson_lefthand":{"translation":[3.75,2.75,0],"scale":[0.29297,0.29297,0.29297]},"ground":{"translation":[0,6,0],"scale":[0.6,0.6,0.6]},"gui":{"rotation":[30,135,0],"translation":[0,-3.5,0],"scale":[0.44336,0.44336,0.44336]},"head":{"rotation":[0,180,0],"translation":[0,-30.4,0],"scale":[1.6,1.6,1.6]},"fixed":{"rotation":[-90,0,0],"translation":[0,0,-16],"scale":[2,2,2]}}}