{"credit":"Made by PolygonMC","texture_size":[40,40],"textures":{"0":"violetset:helmet","particle":"violetset:helmet"},"elements":[{"from":[12,3.29289,5],"to":[13,5.29289,12],"rotation":{"angle":0,"axis":"y","origin":[12,3.29289,3]},"faces":{"east":{"uv":[0,8,2.8,8.8],"texture":"#0","tintindex":0},"south":{"uv":[10,11.2,10.4,12],"texture":"#0","tintindex":0},"west":{"uv":[5.6,8,8.4,8.8],"texture":"#0","tintindex":0},"up":{"uv":[2,12.4,1.6,9.6],"texture":"#0","tintindex":0},"down":{"uv":[6,9.6,5.6,12.4],"texture":"#0","tintindex":0}}},{"from":[5.22183,3.29289,6.63604],"to":[6.22183,5.29289,8.63604],"rotation":{"angle":45,"axis":"y","origin":[5.22183,3.29289,-1.36396]},"faces":{"north":{"uv":[10.8,11.2,11.2,12],"texture":"#0","tintindex":0},"east":{"uv":[10.4,8.8,11.2,9.6],"texture":"#0","tintindex":0},"west":{"uv":[10.4,9.6,11.2,10.4],"texture":"#0","tintindex":0},"up":{"uv":[11.6,12,11.2,11.2],"texture":"#0","tintindex":0},"down":{"uv":[12,0,11.6,0.8],"texture":"#0","tintindex":0}}},{"from":[5.1215,8.79289,2.87868],"to":[10.8785,11.29289,3.87868],"rotation":{"angle":0,"axis":"y","origin":[9.3715,10.29289,3.37868]},"faces":{"north":{"uv":[7.6,2.4,10,3.4],"texture":"#0","tintindex":0},"east":{"uv":[8.8,10.8,9.2,11.8],"texture":"#0","tintindex":0},"south":{"uv":[7.6,3.6,10,4.6],"texture":"#0","tintindex":0},"west":{"uv":[11.2,0,11.6,1],"texture":"#0","tintindex":0},"up":{"uv":[8.8,6.4,6.4,6],"texture":"#0","tintindex":0},"down":{"uv":[11.6,1.2,9.2,1.6],"texture":"#0","tintindex":0}}},{"from":[5.22183,8.79589,5.63604],"to":[6.22183,11.28889,8.63604],"rotation":{"angle":45,"axis":"y","origin":[5.22183,9.29289,-1.36396]},"faces":{"north":{"uv":[9.6,11.2,10,12.2],"texture":"#0","tintindex":0},"east":{"uv":[9.2,0,10.4,1],"texture":"#0","tintindex":0},"west":{"uv":[0.4,9.6,1.6,10.6],"texture":"#0","tintindex":0},"up":{"uv":[11.2,3.6,10.8,2.4],"texture":"#0","tintindex":0},"down":{"uv":[8.8,10.8,8.4,12],"texture":"#0","tintindex":0}}},{"from":[4,3.29289,12],"to":[12,11.29289,13],"rotation":{"angle":0,"axis":"y","origin":[11,3.29289,3]},"faces":{"north":{"uv":[0,0,3.2,3.2],"texture":"#0","tintindex":0},"east":{"uv":[2,8.8,2.4,12],"texture":"#0","tintindex":0},"south":{"uv":[0,3.2,3.2,6.4],"texture":"#0","tintindex":0},"west":{"uv":[2.4,8.8,2.8,12],"texture":"#0","tintindex":0},"up":{"uv":[10.8,5.2,7.6,4.8],"texture":"#0","tintindex":0},"down":{"uv":[12,6.8,8.8,7.2],"texture":"#0","tintindex":0}}},{"from":[4,10.29289,3.875],"to":[12,11.26789,12],"rotation":{"angle":0,"axis":"y","origin":[11,3.29289,2]},"faces":{"up":{"uv":[6.4,3.2,3.2,0],"texture":"#0","tintindex":0},"down":{"uv":[6.4,3.2,3.2,6.4],"texture":"#0","tintindex":0}}},{"from":[12,5.29289,7],"to":[13,7.29289,12],"rotation":{"angle":0,"axis":"y","origin":[12,5.29289,3]},"faces":{"north":{"uv":[0.4,11.6,0.8,12.4],"texture":"#0","tintindex":0},"east":{"uv":[0,8.8,2,9.6],"texture":"#0","tintindex":0},"south":{"uv":[0.8,11.6,1.2,12.4],"texture":"#0","tintindex":0},"west":{"uv":[8.8,6,10.8,6.8],"texture":"#0","tintindex":0}}},{"from":[12,7.29289,5],"to":[13,11.29289,12],"rotation":{"angle":0,"axis":"y","origin":[12,7.29289,3]},"faces":{"north":{"uv":[3.6,10,4,11.6],"texture":"#0","tintindex":0},"east":{"uv":[0,6.4,2.8,8],"texture":"#0","tintindex":0},"south":{"uv":[10.4,10.4,10.8,12],"texture":"#0","tintindex":0},"west":{"uv":[6.4,0,9.2,1.6],"texture":"#0","tintindex":0},"up":{"uv":[6.4,12.4,6,9.6],"texture":"#0","tintindex":0},"down":{"uv":[6.8,9.6,6.4,12.4],"texture":"#0","tintindex":0}}},{"from":[12.0035,5.0017,5.30656],"to":[12.9965,7.7517,7.15656],"rotation":{"angle":-22.5,"axis":"x","origin":[13.4535,6.7517,6.30656]},"faces":{"north":{"uv":[1.2,10.8,1.6,12],"texture":"#0","tintindex":0},"east":{"uv":[8.4,9.6,9.2,10.8],"texture":"#0","tintindex":0},"west":{"uv":[9.6,8.8,10.4,10],"texture":"#0","tintindex":0}}},{"from":[7,9.29289,2.5],"to":[9,11.79289,3.5],"rotation":{"angle":0,"axis":"y","origin":[7,8.79289,2.5]},"faces":{"north":{"uv":[9.6,10,10.4,11],"texture":"#0","tintindex":0},"east":{"uv":[11.2,2.4,11.6,3.4],"texture":"#0","tintindex":0},"south":{"uv":[10.4,0,11.2,1],"texture":"#0","tintindex":0},"west":{"uv":[11.2,3.6,11.6,4.6],"texture":"#0","tintindex":0},"down":{"uv":[12,10,11.2,10.4],"texture":"#0","tintindex":0}}},{"from":[7,9.29289,12.5],"to":[9,11.79289,13.5],"rotation":{"angle":0,"axis":"y","origin":[7,8.79289,12.5]},"faces":{"north":{"uv":[6.8,10.4,7.6,11.4],"texture":"#0","tintindex":0},"east":{"uv":[11.2,4.8,11.6,5.8],"texture":"#0","tintindex":0},"south":{"uv":[7.6,10.4,8.4,11.4],"texture":"#0","tintindex":0},"west":{"uv":[11.2,8.8,11.6,9.8],"texture":"#0","tintindex":0},"down":{"uv":[12.4,0.8,11.6,1.2],"texture":"#0","tintindex":0}}},{"from":[12.5,6.29289,4.5],"to":[13.5,8.29289,12.5],"rotation":{"angle":0,"axis":"y","origin":[13.5,6.29289,4.5]},"faces":{"north":{"uv":[11.6,1.2,12,2],"texture":"#0","tintindex":0},"east":{"uv":[5.6,7.2,8.8,8],"texture":"#0","tintindex":0},"south":{"uv":[11.6,2,12,2.8],"texture":"#0","tintindex":0},"west":{"uv":[7.6,1.6,10.8,2.4],"texture":"#0","tintindex":0},"up":{"uv":[9.6,12,9.2,8.8],"texture":"#0","tintindex":0},"down":{"uv":[0.4,9.6,0,12.8],"texture":"#0","tintindex":0}}},{"from":[8,10.29289,2],"to":[10,12.29289,14],"rotation":{"angle":45,"axis":"z","origin":[8,10.29289,5]},"faces":{"north":{"uv":[0.4,10.8,1.2,11.6],"texture":"#0","tintindex":0},"east":{"uv":[4,6.4,8.8,7.2],"texture":"#0","tintindex":0},"south":{"uv":[10.8,1.6,11.6,2.4],"texture":"#0","tintindex":0},"west":{"uv":[6.4,5.2,11.2,6],"texture":"#0","tintindex":0},"up":{"uv":[4.8,12,4,7.2],"texture":"#0","tintindex":0},"down":{"uv":[5.6,7.2,4.8,12],"texture":"#0","tintindex":0}}},{"from":[13.25,7.04639,5.5],"to":[14.75,7.53939,9.5],"rotation":{"angle":0,"axis":"y","origin":[13.25,7.04639,3.5]},"faces":{"east":{"uv":[11.6,2.8,13.2,3],"texture":"#0","tintindex":0},"up":{"uv":[10.6,4,10,2.4],"texture":"#0","tintindex":0},"down":{"uv":[3.4,10,2.8,11.6],"texture":"#0","tintindex":0}}},{"from":[12.44454,7.04289,4.61612],"to":[15.94454,7.54289,6.61612],"rotation":{"angle":-45,"axis":"y","origin":[15.19454,7.29289,4.61612]},"faces":{"north":{"uv":[11.6,3.2,13,3.4],"texture":"#0","tintindex":0},"east":{"uv":[2.8,11.6,3.6,11.8],"texture":"#0","tintindex":0},"south":{"uv":[11.6,3.6,13,3.8],"texture":"#0","tintindex":0},"west":{"uv":[11.6,4,12.4,4.2],"texture":"#0","tintindex":0},"up":{"uv":[10.2,8,8.8,7.2],"texture":"#0","tintindex":0},"down":{"uv":[8.2,9.6,6.8,10.4],"texture":"#0","tintindex":0}}},{"from":[12.65901,7.04289,8.42678],"to":[14.15901,7.54289,10.42678],"rotation":{"angle":-45,"axis":"y","origin":[13.15901,7.29289,9.67678]},"faces":{"north":{"uv":[11.6,5.2,12.2,5.4],"texture":"#0","tintindex":0},"east":{"uv":[11.6,4.4,12.4,4.6],"texture":"#0","tintindex":0},"west":{"uv":[11.6,4.8,12.4,5],"texture":"#0","tintindex":0},"up":{"uv":[11.4,6.8,10.8,6],"texture":"#0","tintindex":0},"down":{"uv":[11.4,10.4,10.8,11.2],"texture":"#0","tintindex":0}}},{"from":[8.75,11.29289,4],"to":[11.75,12.79289,12.5],"rotation":{"angle":-22.5,"axis":"z","origin":[8.75,11.29289,5]},"faces":{"north":{"uv":[10,4,11.2,4.6],"texture":"#0","tintindex":0},"east":{"uv":[8.4,8,11.8,8.6],"texture":"#0","tintindex":0},"south":{"uv":[10.4,7.2,11.6,7.8],"texture":"#0","tintindex":0},"west":{"uv":[5.6,8.8,9,9.4],"texture":"#0","tintindex":0},"up":{"uv":[7.6,5,6.4,1.6],"texture":"#0","tintindex":0}}},{"from":[9.77817,8.79589,5.63604],"to":[10.77817,11.28889,8.63604],"rotation":{"angle":-45,"axis":"y","origin":[10.77817,9.29289,-1.36396]},"faces":{"north":{"uv":[10,11.2,9.6,12.2],"texture":"#0","tintindex":0},"east":{"uv":[1.6,9.6,0.4,10.6],"texture":"#0","tintindex":0},"west":{"uv":[10.4,0,9.2,1],"texture":"#0","tintindex":0},"up":{"uv":[10.8,3.6,11.2,2.4],"texture":"#0","tintindex":0},"down":{"uv":[8.4,10.8,8.8,12],"texture":"#0","tintindex":0}}},{"from":[3,7.29289,5],"to":[4,11.29289,12],"rotation":{"angle":0,"axis":"y","origin":[4,7.29289,3]},"faces":{"north":{"uv":[4,10,3.6,11.6],"texture":"#0","tintindex":0},"east":{"uv":[9.2,0,6.4,1.6],"texture":"#0","tintindex":0},"south":{"uv":[10.8,10.4,10.4,12],"texture":"#0","tintindex":0},"west":{"uv":[2.8,6.4,0,8],"texture":"#0","tintindex":0},"up":{"uv":[6,12.4,6.4,9.6],"texture":"#0","tintindex":0},"down":{"uv":[6.4,9.6,6.8,12.4],"texture":"#0","tintindex":0}}},{"from":[2.5,6.29289,4.5],"to":[3.5,8.29289,12.5],"rotation":{"angle":0,"axis":"y","origin":[2.5,6.29289,4.5]},"faces":{"north":{"uv":[12,1.2,11.6,2],"texture":"#0","tintindex":0},"east":{"uv":[10.8,1.6,7.6,2.4],"texture":"#0","tintindex":0},"south":{"uv":[12,2,11.6,2.8],"texture":"#0","tintindex":0},"west":{"uv":[8.8,7.2,5.6,8],"texture":"#0","tintindex":0},"up":{"uv":[9.2,12,9.6,8.8],"texture":"#0","tintindex":0},"down":{"uv":[0,9.6,0.4,12.8],"texture":"#0","tintindex":0}}},{"from":[1.84099,7.04289,8.42678],"to":[3.34099,7.54289,10.42678],"rotation":{"angle":45,"axis":"y","origin":[2.84099,7.29289,9.67678]},"faces":{"north":{"uv":[12.2,5.2,11.6,5.4],"texture":"#0","tintindex":0},"east":{"uv":[12.4,4.8,11.6,5],"texture":"#0","tintindex":0},"west":{"uv":[12.4,4.4,11.6,4.6],"texture":"#0","tintindex":0},"up":{"uv":[10.8,6.8,11.4,6],"texture":"#0","tintindex":0},"down":{"uv":[10.8,10.4,11.4,11.2],"texture":"#0","tintindex":0}}},{"from":[1.25,7.04639,5.5],"to":[2.75,7.53939,9.5],"rotation":{"angle":0,"axis":"y","origin":[2.75,7.04639,3.5]},"faces":{"west":{"uv":[13.2,2.8,11.6,3],"texture":"#0","tintindex":0},"up":{"uv":[10,4,10.6,2.4],"texture":"#0","tintindex":0},"down":{"uv":[2.8,10,3.4,11.6],"texture":"#0","tintindex":0}}},{"from":[0.05546,7.04289,4.61612],"to":[3.55546,7.54289,6.61612],"rotation":{"angle":45,"axis":"y","origin":[0.80546,7.29289,4.61612]},"faces":{"north":{"uv":[13,3.2,11.6,3.4],"texture":"#0","tintindex":0},"east":{"uv":[12.4,4,11.6,4.2],"texture":"#0","tintindex":0},"south":{"uv":[13,3.6,11.6,3.8],"texture":"#0","tintindex":0},"west":{"uv":[3.6,11.6,2.8,11.8],"texture":"#0","tintindex":0},"up":{"uv":[8.8,8,10.2,7.2],"texture":"#0","tintindex":0},"down":{"uv":[6.8,9.6,8.2,10.4],"texture":"#0","tintindex":0}}},{"from":[3.0035,5.0017,5.30656],"to":[3.9965,7.7517,7.15656],"rotation":{"angle":-22.5,"axis":"x","origin":[2.5465,6.7517,6.30656]},"faces":{"north":{"uv":[1.6,10.8,1.2,12],"texture":"#0","tintindex":0},"east":{"uv":[10.4,8.8,9.6,10],"texture":"#0","tintindex":0},"west":{"uv":[9.2,9.6,8.4,10.8],"texture":"#0","tintindex":0}}},{"from":[3,5.29289,7],"to":[4,7.29289,12],"rotation":{"angle":0,"axis":"y","origin":[4,5.29289,3]},"faces":{"north":{"uv":[0.8,11.6,0.4,12.4],"texture":"#0","tintindex":0},"east":{"uv":[10.8,6,8.8,6.8],"texture":"#0","tintindex":0},"south":{"uv":[1.2,11.6,0.8,12.4],"texture":"#0","tintindex":0},"west":{"uv":[2,8.8,0,9.6],"texture":"#0","tintindex":0}}},{"from":[3,3.29289,5],"to":[4,5.29289,12],"rotation":{"angle":0,"axis":"y","origin":[4,3.29289,3]},"faces":{"east":{"uv":[8.4,8,5.6,8.8],"texture":"#0","tintindex":0},"south":{"uv":[10.4,11.2,10,12],"texture":"#0","tintindex":0},"west":{"uv":[2.8,8,0,8.8],"texture":"#0","tintindex":0},"up":{"uv":[1.6,12.4,2,9.6],"texture":"#0","tintindex":0},"down":{"uv":[5.6,9.6,6,12.4],"texture":"#0","tintindex":0}}},{"from":[9.77817,3.29289,6.63604],"to":[10.77817,5.29289,8.63604],"rotation":{"angle":-45,"axis":"y","origin":[10.77817,3.29289,-1.36396]},"faces":{"north":{"uv":[11.2,11.2,10.8,12],"texture":"#0","tintindex":0},"east":{"uv":[11.2,9.6,10.4,10.4],"texture":"#0","tintindex":0},"west":{"uv":[11.2,8.8,10.4,9.6],"texture":"#0","tintindex":0},"up":{"uv":[11.2,12,11.6,11.2],"texture":"#0","tintindex":0},"down":{"uv":[11.6,0,12,0.8],"texture":"#0","tintindex":0}}},{"from":[4.25,11.29289,4],"to":[7.25,12.79289,12.5],"rotation":{"angle":22.5,"axis":"z","origin":[7.25,11.29289,5]},"faces":{"north":{"uv":[11.2,4,10,4.6],"texture":"#0","tintindex":0},"east":{"uv":[9,8.8,5.6,9.4],"texture":"#0","tintindex":0},"south":{"uv":[11.6,7.2,10.4,7.8],"texture":"#0","tintindex":0},"west":{"uv":[11.8,8,8.4,8.6],"texture":"#0","tintindex":0},"up":{"uv":[6.4,5,7.6,1.6],"texture":"#0","tintindex":0}}}],"gui_light":"front","display":{"thirdperson_righthand":{"rotation":[65,0,0],"translation":[0,4.25,2.25],"scale":[0.77734,0.77734,0.77734]},"thirdperson_lefthand":{"rotation":[65,0,0],"translation":[0,4.25,2.25],"scale":[0.77734,0.77734,0.77734]},"firstperson_righthand":{"rotation":[152.75,0,-180],"translation":[0,3.5,0],"scale":[0.78516,0.78516,0.78516]},"firstperson_lefthand":{"rotation":[152.75,0,-180],"translation":[0,3.5,0],"scale":[0.78516,0.78516,0.78516]},"ground":{"translation":[0,4.5,0],"scale":[0.7,0.7,0.7]},"gui":{"rotation":[0,180,0],"scale":[1.10156,1.10156,1.10156]},"head":{"translation":[0,2,0],"scale":[1.83008,1.83008,1.83008]},"fixed":{"rotation":[-90,0,0],"translation":[0,0,-9.75],"scale":[2,2,2]}}}