{"credit":"Made by PolygonMC","textures":{"1":"violetset:animations/animations_1","3":"violetset:wings"},"elements":[{"from":[5.53544,8.46456,7.25],"to":[7.53544,10.46456,8.75],"rotation":{"angle":-45,"axis":"z","origin":[8,8,8]},"faces":{"north":{"uv":[6,9,7,10],"texture":"#3","tintindex":0},"east":{"uv":[10,6,10.75,7],"texture":"#3","tintindex":0},"south":{"uv":[7,9,8,10],"texture":"#3","tintindex":0},"west":{"uv":[7,10,7.75,11],"texture":"#3","tintindex":0},"up":{"uv":[11,7.75,10,7],"texture":"#3","tintindex":0},"down":{"uv":[9,10,8,10.75],"texture":"#3","tintindex":0}}},{"from":[7.25,9.3212,7],"to":[8.75,10.8212,9],"rotation":{"angle":-45,"axis":"z","origin":[8,10.0712,8]},"faces":{"north":{"uv":[12,0,12.75,0.75],"texture":"#3","tintindex":0},"east":{"uv":[10,8,11,8.75],"texture":"#3","tintindex":0},"south":{"uv":[6,12,6.75,12.75],"texture":"#3","tintindex":0},"west":{"uv":[9,10,10,10.75],"texture":"#3","tintindex":0},"up":{"uv":[10.75,10,10,9],"texture":"#3","tintindex":0},"down":{"uv":[10.75,10,10,11],"texture":"#3","tintindex":0}}},{"from":[9.33736,8.52429,7.5],"to":[10.83736,9.52429,8.5],"rotation":{"angle":22.5,"axis":"z","origin":[8,8,8]},"faces":{"north":{"uv":[13,8,13.75,8.5],"texture":"#3","tintindex":0},"east":{"uv":[11,10.5,11.5,11],"texture":"#3","tintindex":0},"south":{"uv":[8.5,13,9.25,13.5],"texture":"#3","tintindex":0},"west":{"uv":[6,13.5,6.5,14],"texture":"#3","tintindex":0},"up":{"uv":[13.75,9,13,8.5],"texture":"#3","tintindex":0},"down":{"uv":[10.25,13,9.5,13.5],"texture":"#3","tintindex":0}}},{"from":[8.92849,10.13415,7.5035],"to":[10.92849,11.08415,8.4965],"rotation":{"angle":-22.5,"axis":"z","origin":[8,8,8]},"faces":{"north":{"uv":[12.5,3,13.5,3.5],"texture":"#3","tintindex":0},"east":{"uv":[13.5,7.5,14,8],"texture":"#3","tintindex":0},"south":{"uv":[12.5,3.5,13.5,4],"texture":"#3","tintindex":0},"up":{"uv":[13.5,4.5,12.5,4],"texture":"#3","tintindex":0},"down":{"uv":[13.5,4.5,12.5,5],"texture":"#3","tintindex":0}}},{"from":[9.35799,11.08594,7.5085],"to":[10.40799,12.53594,8.4915],"rotation":{"angle":-45,"axis":"z","origin":[8,8,8]},"faces":{"north":{"uv":[6.5,13,7,13.75],"texture":"#3","tintindex":0},"east":{"uv":[10.5,13,11,13.75],"texture":"#3","tintindex":0},"south":{"uv":[11,13,11.5,13.75],"texture":"#3","tintindex":0},"west":{"uv":[13,11,13.5,11.75],"texture":"#3","tintindex":0},"up":{"uv":[9,14,8.5,13.5],"texture":"#3","tintindex":0},"down":{"uv":[9.5,13.5,9,14],"texture":"#3","tintindex":0}}},{"from":[7.92141,9.1672,7.625],"to":[10.17141,10.1672,8.375],"rotation":{"angle":-22.5,"axis":"z","origin":[8,8,8]},"faces":{"north":{"uv":[7,12,8.125,12.5],"texture":"#3","tintindex":0},"east":{"uv":[14,3,14.375,3.5],"texture":"#3","tintindex":0},"south":{"uv":[12,7,13.125,7.5],"texture":"#3","tintindex":0},"up":{"uv":[4.625,13.375,3.5,13],"texture":"#3","tintindex":0},"down":{"uv":[6.125,13,5,13.375],"texture":"#3","tintindex":0}}},{"from":[9.17141,8.1672,7.625],"to":[10.17141,9.1672,8.375],"rotation":{"angle":-22.5,"axis":"z","origin":[8,8,8]},"faces":{"north":{"uv":[9.5,13.5,10,14],"texture":"#3","tintindex":0},"east":{"uv":[3.5,14,3.875,14.5],"texture":"#3","tintindex":0},"south":{"uv":[10,13.5,10.5,14],"texture":"#3","tintindex":0},"west":{"uv":[14,3.5,14.375,4],"texture":"#3","tintindex":0},"down":{"uv":[4.5,14,4,14.375],"texture":"#3","tintindex":0}}},{"from":[8.15365,6.5828,7.6275],"to":[9.65365,7.5328,8.3725],"rotation":{"angle":22.5,"axis":"z","origin":[8,8,8]},"faces":{"north":{"uv":[11.5,13,12.25,13.5],"texture":"#3","tintindex":0},"south":{"uv":[13,12,13.75,12.5],"texture":"#3","tintindex":0},"up":{"uv":[14.25,5.875,13.5,5.5],"texture":"#3","tintindex":0},"down":{"uv":[14.25,6,13.5,6.375],"texture":"#3","tintindex":0}}},{"from":[7.5,8.23541,7.5],"to":[8.5,9.23541,8.5],"rotation":{"angle":0,"axis":"z","origin":[8,8,8]},"faces":{"north":{"uv":[13.5,10.5,14,11],"texture":"#3","tintindex":0},"east":{"uv":[13.5,11,14,11.5],"texture":"#3","tintindex":0},"south":{"uv":[11.5,13.5,12,14],"texture":"#3","tintindex":0},"west":{"uv":[13.5,11.5,14,12],"texture":"#3","tintindex":0}}},{"from":[7.25,6.23541,7.5],"to":[8.75,8.23541,8.5],"rotation":{"angle":0,"axis":"z","origin":[8,8,8]},"faces":{"north":{"uv":[10.5,1,11.25,2],"texture":"#3","tintindex":0},"east":{"uv":[8.5,12,9,13],"texture":"#3","tintindex":0},"south":{"uv":[10.5,2,11.25,3],"texture":"#3","tintindex":0},"west":{"uv":[11,12,11.5,13],"texture":"#3","tintindex":0},"up":{"uv":[13.25,13.5,12.5,13],"texture":"#3","tintindex":0}}},{"from":[8.71626,6.22074,7.495],"to":[9.77926,7.28374,8.505],"rotation":{"angle":-45,"axis":"z","origin":[8,8,8]},"faces":{"north":{"uv":[12,13.5,12.5,14],"texture":"#3","tintindex":0},"east":{"uv":[12.5,13.5,13,14],"texture":"#3","tintindex":0},"south":{"uv":[13,13.5,13.5,14],"texture":"#3","tintindex":0},"west":{"uv":[13.5,13,14,13.5],"texture":"#3","tintindex":0},"up":{"uv":[14,14,13.5,13.5],"texture":"#3","tintindex":0},"down":{"uv":[0.5,14,0,14.5],"texture":"#3","tintindex":0}}},{"from":[7.39263,11.29394,7.75],"to":[9.64263,12.29394,8.25],"rotation":{"angle":-45,"axis":"z","origin":[8,8,8]},"faces":{"north":{"uv":[12,7.5,13.125,8],"texture":"#3","tintindex":0},"south":{"uv":[9.5,12,10.625,12.5],"texture":"#3","tintindex":0},"west":{"uv":[10,14,10.25,14.5],"texture":"#3","tintindex":0},"up":{"uv":[14.625,6.75,13.5,6.5],"texture":"#3","tintindex":0},"down":{"uv":[14.625,7,13.5,7.25],"texture":"#3","tintindex":0}}},{"from":[9.5318,10.66575,7.7535],"to":[10.6068,11.46575,8.2465],"rotation":{"angle":0,"axis":"z","origin":[8,8,8]},"faces":{"north":{"uv":[14,4.5,14.5,4.875],"texture":"#3","tintindex":0},"south":{"uv":[14,5,14.5,5.375],"texture":"#3","tintindex":0},"west":{"uv":[0.5,14.5,0.75,14.875],"texture":"#3","tintindex":0},"up":{"uv":[11,14.25,10.5,14],"texture":"#3","tintindex":0},"down":{"uv":[14.5,10.5,14,10.75],"texture":"#3","tintindex":0}}},{"from":[6.95514,4.49699,7.7535],"to":[8.00514,5.29699,8.2465],"rotation":{"angle":22.5,"axis":"z","origin":[8,8,8]},"faces":{"north":{"uv":[6,14,6.5,14.375],"texture":"#3","tintindex":0},"south":{"uv":[6.5,14,7,14.375],"texture":"#3","tintindex":0},"west":{"uv":[14.5,0.5,14.75,0.875],"texture":"#3","tintindex":0},"up":{"uv":[11.5,14.25,11,14],"texture":"#3","tintindex":0},"down":{"uv":[14.5,11,14,11.25],"texture":"#3","tintindex":0}}},{"from":[9.48064,5.52663,7.75],"to":[10.48064,6.77663,8.25],"rotation":{"angle":-22.5,"axis":"z","origin":[8,8,8]},"faces":{"north":{"uv":[4.5,13.5,5,14.125],"texture":"#3","tintindex":0},"east":{"uv":[9,14,9.25,14.625],"texture":"#3","tintindex":0},"south":{"uv":[13.5,4.5,14,5.125],"texture":"#3","tintindex":0},"west":{"uv":[9.5,14,9.75,14.625],"texture":"#3","tintindex":0},"down":{"uv":[12,14,11.5,14.25],"texture":"#3","tintindex":0}}},{"from":[8.63288,6.517,7.5085],"to":[10.63288,7.517,8.4915],"rotation":{"angle":-22.5,"axis":"z","origin":[8,8,8]},"faces":{"north":{"uv":[12.5,5,13.5,5.5],"texture":"#3","tintindex":0},"east":{"uv":[0.5,14,1,14.5],"texture":"#3","tintindex":0},"south":{"uv":[12.5,5.5,13.5,6],"texture":"#3","tintindex":0},"up":{"uv":[13.5,6.5,12.5,6],"texture":"#3","tintindex":0},"down":{"uv":[13.5,6.5,12.5,7],"texture":"#3","tintindex":0}}},{"from":[8.12774,6.01976,7.5135],"to":[9.12774,7.76976,8.4865],"rotation":{"angle":22.5,"axis":"z","origin":[8,8,8]},"faces":{"north":{"uv":[13,0,13.5,0.875],"texture":"#3","tintindex":0},"east":{"uv":[1.5,13,2,13.875],"texture":"#3","tintindex":0},"south":{"uv":[2,13,2.5,13.875],"texture":"#3","tintindex":0},"up":{"uv":[14.5,1.5,14,1],"texture":"#3","tintindex":0}}},{"from":[17.61,2.5,4.875],"to":[17.64,8.75,11.125],"rotation":{"angle":-45,"axis":"y","origin":[17.625,5.625,8]},"faces":{"east":{"uv":[1.5,1.5,14,14],"rotation":270,"texture":"#1","tintindex":0},"west":{"uv":[14,1.5,1.5,14],"rotation":90,"texture":"#1","tintindex":0}}},{"from":[14.5,2.5,7.985],"to":[20.75,8.75,8.015],"rotation":{"angle":-45,"axis":"y","origin":[17.625,5.625,8]},"faces":{"north":{"uv":[1.5,1.5,14,14],"rotation":270,"texture":"#1","tintindex":0},"south":{"uv":[14,1.5,1.5,14],"rotation":90,"texture":"#1","tintindex":0}}},{"from":[-1.64,2.5,4.875],"to":[-1.61,8.75,11.125],"rotation":{"angle":45,"axis":"y","origin":[-1.625,5.625,8]},"faces":{"east":{"uv":[14,14,1.5,1.5],"rotation":90,"texture":"#1","tintindex":0},"west":{"uv":[1.5,14,14,1.5],"rotation":270,"texture":"#1","tintindex":0}}},{"from":[-4.75,2.5,7.985],"to":[1.5,8.75,8.015],"rotation":{"angle":45,"axis":"y","origin":[-1.625,5.625,8]},"faces":{"north":{"uv":[1.5,14,14,1.5],"rotation":270,"texture":"#1","tintindex":0},"south":{"uv":[14,14,1.5,1.5],"rotation":90,"texture":"#1","tintindex":0}}},{"from":[12.25,5.25,7.25],"to":[14.25,7.25,8.75],"rotation":{"angle":45,"axis":"z","origin":[12.25,5.25,7.5]},"faces":{"north":{"uv":[8,9,9,10],"texture":"#3","tintindex":0},"east":{"uv":[10.5,3,11.25,4],"texture":"#3","tintindex":0},"south":{"uv":[9,9,10,10],"texture":"#3","tintindex":0},"west":{"uv":[10.5,4,11.25,5],"texture":"#3","tintindex":0},"up":{"uv":[12,5.75,11,5],"texture":"#3","tintindex":0},"down":{"uv":[7,11,6,11.75],"texture":"#3","tintindex":0}}},{"from":[12.5,5.5,7],"to":[14,7,9],"rotation":{"angle":45,"axis":"z","origin":[12.25,5.25,7.5]},"faces":{"north":{"uv":[12,11,12.75,11.75],"texture":"#3","tintindex":0},"east":{"uv":[11,6,12,6.75],"texture":"#3","tintindex":0},"south":{"uv":[12,12,12.75,12.75],"texture":"#3","tintindex":0},"west":{"uv":[7,11,8,11.75],"texture":"#3","tintindex":0},"up":{"uv":[11.75,8,11,7],"texture":"#3","tintindex":0},"down":{"uv":[8.75,11,8,12],"texture":"#3","tintindex":0}}},{"from":[11.27901,13.92542,9],"to":[12.77901,15.42542,11],"rotation":{"angle":45,"axis":"z","origin":[12.02901,14.67542,10]},"faces":{"north":{"uv":[12,11,12.75,11.75],"texture":"#3","tintindex":0},"east":{"uv":[11,6,12,6.75],"texture":"#3","tintindex":0},"south":{"uv":[12,12,12.75,12.75],"texture":"#3","tintindex":0},"west":{"uv":[7,11,8,11.75],"texture":"#3","tintindex":0},"up":{"uv":[11.75,8,11,7],"texture":"#3","tintindex":0},"down":{"uv":[8.75,11,8,12],"texture":"#3","tintindex":0}}},{"from":[11.02901,13.67542,9.25],"to":[13.02901,15.67542,10.75],"rotation":{"angle":45,"axis":"z","origin":[12.02901,14.67542,10]},"faces":{"north":{"uv":[8,9,9,10],"texture":"#3","tintindex":0},"east":{"uv":[10.5,3,11.25,4],"texture":"#3","tintindex":0},"south":{"uv":[9,9,10,10],"texture":"#3","tintindex":0},"west":{"uv":[10.5,4,11.25,5],"texture":"#3","tintindex":0},"up":{"uv":[12,5.75,11,5],"texture":"#3","tintindex":0},"down":{"uv":[7,11,6,11.75],"texture":"#3","tintindex":0}}},{"from":[12.96421,6.76421,7.5],"to":[16.96421,7.26421,8.5],"rotation":{"angle":22.5,"axis":"z","origin":[12.96421,6.56421,7.5]},"faces":{"north":{"uv":[9,12.5,11,12.75],"texture":"#3","tintindex":0},"east":{"uv":[14,11.5,14.5,11.75],"texture":"#3","tintindex":0},"south":{"uv":[12.5,9,14.5,9.25],"texture":"#3","tintindex":0},"west":{"uv":[12,14,12.5,14.25],"texture":"#3","tintindex":0},"up":{"uv":[12,0.5,10,0],"texture":"#3","tintindex":0},"down":{"uv":[12,0.5,10,1],"texture":"#3","tintindex":0}}},{"from":[12.96421,7.26421,7.75],"to":[16.96421,8.01421,8.25],"rotation":{"angle":22.5,"axis":"z","origin":[12.96421,6.56421,7.5]},"faces":{"north":{"uv":[11,8,13,8.375],"texture":"#3","tintindex":0},"east":{"uv":[1,14.5,1.25,14.875],"texture":"#3","tintindex":0},"south":{"uv":[11,8.5,13,8.875],"texture":"#3","tintindex":0},"west":{"uv":[14.5,1,14.75,1.375],"texture":"#3","tintindex":0},"up":{"uv":[14.5,9.75,12.5,9.5],"texture":"#3","tintindex":0},"down":{"uv":[14.5,10,12.5,10.25],"texture":"#3","tintindex":0}}},{"from":[15.74333,8.5711,7.5035],"to":[16.24333,12.5711,8.4965],"rotation":{"angle":-22.5,"axis":"z","origin":[15.68083,7.5711,8.0035]},"faces":{"north":{"uv":[7,12.5,7.25,14.5],"texture":"#3","tintindex":0},"east":{"uv":[10,1,10.5,3],"texture":"#3","tintindex":0},"south":{"uv":[7.5,12.5,7.75,14.5],"texture":"#3","tintindex":0},"west":{"uv":[10,3,10.5,5],"texture":"#3","tintindex":0},"up":{"uv":[14.25,12.5,14,12],"texture":"#3","tintindex":0},"down":{"uv":[12.75,14,12.5,14.5],"texture":"#3","tintindex":0}}},{"from":[14.41473,12.80779,7.5035],"to":[15.91473,13.30779,8.4965],"rotation":{"angle":-22.5,"axis":"z","origin":[13.91473,8.37029,8.0035]},"faces":{"north":{"uv":[14,7.5,14.75,7.75],"texture":"#3","tintindex":0},"east":{"uv":[14,12.5,14.5,12.75],"texture":"#3","tintindex":0},"south":{"uv":[8,14,8.75,14.25],"texture":"#3","tintindex":0},"west":{"uv":[13,14,13.5,14.25],"texture":"#3","tintindex":0},"up":{"uv":[13.75,13,13,12.5],"texture":"#3","tintindex":0},"down":{"uv":[0.75,13.5,0,14],"texture":"#3","tintindex":0}}},{"from":[14.99333,8.5711,7.7535],"to":[15.74333,12.0711,8.2465],"rotation":{"angle":-22.5,"axis":"z","origin":[15.68083,7.5711,8.0035]},"faces":{"north":{"uv":[11.5,11,11.875,12.75],"texture":"#3","tintindex":0},"east":{"uv":[2.5,13,2.75,14.75],"texture":"#3","tintindex":0},"south":{"uv":[12,5,12.375,6.75],"texture":"#3","tintindex":0},"west":{"uv":[3,13,3.25,14.75],"texture":"#3","tintindex":0},"up":{"uv":[1.875,14.75,1.5,14.5],"texture":"#3","tintindex":0},"down":{"uv":[2.375,14.5,2,14.75],"texture":"#3","tintindex":0}}},{"from":[14.39333,11.5711,7.7535],"to":[14.99333,12.0711,8.2465],"rotation":{"angle":-22.5,"axis":"z","origin":[15.68083,7.5711,8.0035]},"faces":{"north":{"uv":[14.5,4,14.75,4.25],"texture":"#3","tintindex":0},"east":{"uv":[4.5,14.5,4.75,14.75],"texture":"#3","tintindex":0},"south":{"uv":[14.5,4.5,14.75,4.75],"texture":"#3","tintindex":0},"west":{"uv":[14.5,5,14.75,5.25],"texture":"#3","tintindex":0},"up":{"uv":[14.75,5.75,14.5,5.5],"texture":"#3","tintindex":0},"down":{"uv":[6.25,14.5,6,14.75],"texture":"#3","tintindex":0}}},{"from":[12.65388,13.92799,9.75],"to":[13.40388,15.92799,10.25],"rotation":{"angle":-22.5,"axis":"z","origin":[14.225,17.3821,10.0075]},"faces":{"north":{"uv":[13.5,0,14.5,0.375],"rotation":90,"texture":"#3","tintindex":0},"east":{"uv":[15,1.5,14,1.75],"rotation":270,"texture":"#3","tintindex":0},"south":{"uv":[13.5,0.5,14.5,0.875],"rotation":270,"texture":"#3","tintindex":0},"west":{"uv":[2.5,14.25,1.5,14],"rotation":270,"texture":"#3","tintindex":0},"up":{"uv":[14.5,3,14.75,3.375],"rotation":270,"texture":"#3","tintindex":0},"down":{"uv":[3.5,14.5,3.75,14.875],"rotation":270,"texture":"#3","tintindex":0}}},{"from":[13.40388,13.92799,9.5],"to":[13.90388,15.92799,10.5],"rotation":{"angle":-22.5,"axis":"z","origin":[14.225,17.3821,10.0075]},"faces":{"north":{"uv":[14,2,15,2.25],"rotation":90,"texture":"#3","tintindex":0},"east":{"uv":[1,13,0,13.5],"rotation":270,"texture":"#3","tintindex":0},"south":{"uv":[14,2.5,15,2.75],"rotation":270,"texture":"#3","tintindex":0},"west":{"uv":[13.5,11,12.5,10.5],"rotation":270,"texture":"#3","tintindex":0},"up":{"uv":[14,13,14.5,13.25],"rotation":270,"texture":"#3","tintindex":0},"down":{"uv":[13.5,14,14,14.25],"rotation":270,"texture":"#3","tintindex":0}}},{"from":[12.87186,16.16157,9.5035],"to":[13.37186,19.16157,10.4965],"rotation":{"angle":0,"axis":"z","origin":[14.225,17.3821,10.0075]},"faces":{"north":{"uv":[13.5,1,13.75,2.5],"texture":"#3","tintindex":0},"east":{"uv":[9,11,9.5,12.5],"texture":"#3","tintindex":0},"south":{"uv":[13.5,2.5,13.75,4],"texture":"#3","tintindex":0},"west":{"uv":[11,9,11.5,10.5],"texture":"#3","tintindex":0},"up":{"uv":[14.25,14,14,13.5],"texture":"#3","tintindex":0},"down":{"uv":[14.25,14,14,14.5],"texture":"#3","tintindex":0}}},{"from":[12.12186,16.16157,9.7535],"to":[12.87186,18.66157,10.2465],"rotation":{"angle":0,"axis":"z","origin":[14.225,17.3821,10.0075]},"faces":{"north":{"uv":[8,12.5,8.375,13.75],"texture":"#3","tintindex":0},"east":{"uv":[5,13.5,5.25,14.75],"texture":"#3","tintindex":0},"south":{"uv":[1,13,1.375,14.25],"texture":"#3","tintindex":0},"west":{"uv":[5.5,13.5,5.75,14.75],"texture":"#3","tintindex":0},"up":{"uv":[14.875,3.75,14.5,3.5],"texture":"#3","tintindex":0},"down":{"uv":[4.375,14.5,4,14.75],"texture":"#3","tintindex":0}}},{"from":[11.52186,18.16157,9.7535],"to":[12.12186,18.66157,10.2465],"rotation":{"angle":0,"axis":"z","origin":[14.225,17.3821,10.0075]},"faces":{"north":{"uv":[14.5,6,14.75,6.25],"texture":"#3","tintindex":0},"east":{"uv":[6.5,14.5,6.75,14.75],"texture":"#3","tintindex":0},"south":{"uv":[7,14.5,7.25,14.75],"texture":"#3","tintindex":0},"west":{"uv":[7.5,14.5,7.75,14.75],"texture":"#3","tintindex":0},"up":{"uv":[8.25,14.75,8,14.5],"texture":"#3","tintindex":0},"down":{"uv":[8.75,14.5,8.5,14.75],"texture":"#3","tintindex":0}}},{"from":[11.37186,18.66157,9.5035],"to":[12.87186,19.16157,10.4965],"rotation":{"angle":0,"axis":"z","origin":[14.225,17.3821,10.0075]},"faces":{"north":{"uv":[14,8,14.75,8.25],"texture":"#3","tintindex":0},"east":{"uv":[0,14.5,0.5,14.75],"texture":"#3","tintindex":0},"south":{"uv":[14,8.5,14.75,8.75],"texture":"#3","tintindex":0},"west":{"uv":[14.5,0,15,0.25],"texture":"#3","tintindex":0},"up":{"uv":[4.25,14,3.5,13.5],"texture":"#3","tintindex":0},"down":{"uv":[14.25,4,13.5,4.5],"texture":"#3","tintindex":0}}},{"from":[12.5,0,7.985],"to":[32,18,8.015],"rotation":{"angle":0,"axis":"y","origin":[16,8.5,7.985]},"faces":{"north":{"uv":[0,0,9.75,9],"texture":"#3","tintindex":0},"south":{"uv":[9.75,0,0,9],"texture":"#3","tintindex":0}}},{"from":[5.16264,8.52429,7.5],"to":[6.66264,9.52429,8.5],"rotation":{"angle":-22.5,"axis":"z","origin":[8,8,8]},"faces":{"north":{"uv":[13.75,8,13,8.5],"texture":"#3","tintindex":0},"east":{"uv":[6.5,13.5,6,14],"texture":"#3","tintindex":0},"south":{"uv":[9.25,13,8.5,13.5],"texture":"#3","tintindex":0},"west":{"uv":[11.5,10.5,11,11],"texture":"#3","tintindex":0},"up":{"uv":[13,9,13.75,8.5],"texture":"#3","tintindex":0},"down":{"uv":[9.5,13,10.25,13.5],"texture":"#3","tintindex":0}}},{"from":[5.07151,10.13415,7.5035],"to":[7.07151,11.08415,8.4965],"rotation":{"angle":22.5,"axis":"z","origin":[8,8,8]},"faces":{"north":{"uv":[13.5,3,12.5,3.5],"texture":"#3","tintindex":0},"south":{"uv":[13.5,3.5,12.5,4],"texture":"#3","tintindex":0},"west":{"uv":[14,7.5,13.5,8],"texture":"#3","tintindex":0},"up":{"uv":[12.5,4.5,13.5,4],"texture":"#3","tintindex":0},"down":{"uv":[12.5,4.5,13.5,5],"texture":"#3","tintindex":0}}},{"from":[5.59201,11.08594,7.5085],"to":[6.64201,12.53594,8.4915],"rotation":{"angle":45,"axis":"z","origin":[8,8,8]},"faces":{"north":{"uv":[7,13,6.5,13.75],"texture":"#3","tintindex":0},"east":{"uv":[13.5,11,13,11.75],"texture":"#3","tintindex":0},"south":{"uv":[11.5,13,11,13.75],"texture":"#3","tintindex":0},"west":{"uv":[11,13,10.5,13.75],"texture":"#3","tintindex":0},"up":{"uv":[8.5,14,9,13.5],"texture":"#3","tintindex":0},"down":{"uv":[9,13.5,9.5,14],"texture":"#3","tintindex":0}}},{"from":[5.82859,9.1672,7.625],"to":[8.07859,10.1672,8.375],"rotation":{"angle":22.5,"axis":"z","origin":[8,8,8]},"faces":{"north":{"uv":[8.125,12,7,12.5],"texture":"#3","tintindex":0},"south":{"uv":[13.125,7,12,7.5],"texture":"#3","tintindex":0},"west":{"uv":[14.375,3,14,3.5],"texture":"#3","tintindex":0},"up":{"uv":[3.5,13.375,4.625,13],"texture":"#3","tintindex":0},"down":{"uv":[5,13,6.125,13.375],"texture":"#3","tintindex":0}}},{"from":[5.82859,8.1672,7.625],"to":[6.82859,9.1672,8.375],"rotation":{"angle":22.5,"axis":"z","origin":[8,8,8]},"faces":{"north":{"uv":[10,13.5,9.5,14],"texture":"#3","tintindex":0},"east":{"uv":[14.375,3.5,14,4],"texture":"#3","tintindex":0},"south":{"uv":[10.5,13.5,10,14],"texture":"#3","tintindex":0},"west":{"uv":[3.875,14,3.5,14.5],"texture":"#3","tintindex":0},"down":{"uv":[4,14,4.5,14.375],"texture":"#3","tintindex":0}}},{"from":[6.35737,11.29394,7.75],"to":[8.60737,12.29394,8.25],"rotation":{"angle":45,"axis":"z","origin":[8,8,8]},"faces":{"north":{"uv":[13.125,7.5,12,8],"texture":"#3","tintindex":0},"east":{"uv":[10.25,14,10,14.5],"texture":"#3","tintindex":0},"south":{"uv":[10.625,12,9.5,12.5],"texture":"#3","tintindex":0},"up":{"uv":[13.5,6.75,14.625,6.5],"texture":"#3","tintindex":0},"down":{"uv":[13.5,7,14.625,7.25],"texture":"#3","tintindex":0}}},{"from":[5.3932,10.66575,7.7535],"to":[6.4682,11.46575,8.2465],"rotation":{"angle":0,"axis":"z","origin":[8,8,8]},"faces":{"north":{"uv":[14.5,4.5,14,4.875],"texture":"#3","tintindex":0},"east":{"uv":[0.75,14.5,0.5,14.875],"texture":"#3","tintindex":0},"south":{"uv":[14.5,5,14,5.375],"texture":"#3","tintindex":0},"up":{"uv":[10.5,14.25,11,14],"texture":"#3","tintindex":0},"down":{"uv":[14,10.5,14.5,10.75],"texture":"#3","tintindex":0}}},{"from":[5.36712,6.517,7.5085],"to":[7.36712,7.517,8.4915],"rotation":{"angle":22.5,"axis":"z","origin":[8,8,8]},"faces":{"north":{"uv":[13.5,5,12.5,5.5],"texture":"#3","tintindex":0},"south":{"uv":[13.5,5.5,12.5,6],"texture":"#3","tintindex":0},"west":{"uv":[1,14,0.5,14.5],"texture":"#3","tintindex":0},"up":{"uv":[12.5,6.5,13.5,6],"texture":"#3","tintindex":0},"down":{"uv":[12.5,6.5,13.5,7],"texture":"#3","tintindex":0}}},{"from":[1.75,5.25,7.25],"to":[3.75,7.25,8.75],"rotation":{"angle":-45,"axis":"z","origin":[3.75,5.25,7.5]},"faces":{"north":{"uv":[9,9,8,10],"texture":"#3","tintindex":0},"east":{"uv":[11.25,4,10.5,5],"texture":"#3","tintindex":0},"south":{"uv":[10,9,9,10],"texture":"#3","tintindex":0},"west":{"uv":[11.25,3,10.5,4],"texture":"#3","tintindex":0},"up":{"uv":[11,5.75,12,5],"texture":"#3","tintindex":0},"down":{"uv":[6,11,7,11.75],"texture":"#3","tintindex":0}}},{"from":[2,5.5,7],"to":[3.5,7,9],"rotation":{"angle":-45,"axis":"z","origin":[3.75,5.25,7.5]},"faces":{"north":{"uv":[12.75,11,12,11.75],"texture":"#3","tintindex":0},"east":{"uv":[8,11,7,11.75],"texture":"#3","tintindex":0},"south":{"uv":[12.75,12,12,12.75],"texture":"#3","tintindex":0},"west":{"uv":[12,6,11,6.75],"texture":"#3","tintindex":0},"up":{"uv":[11,8,11.75,7],"texture":"#3","tintindex":0},"down":{"uv":[8,11,8.75,12],"texture":"#3","tintindex":0}}},{"from":[-0.96421,6.76421,7.5],"to":[3.03579,7.26421,8.5],"rotation":{"angle":-22.5,"axis":"z","origin":[3.03579,6.56421,7.5]},"faces":{"north":{"uv":[11,12.5,9,12.75],"texture":"#3","tintindex":0},"east":{"uv":[12.5,14,12,14.25],"texture":"#3","tintindex":0},"south":{"uv":[14.5,9,12.5,9.25],"texture":"#3","tintindex":0},"west":{"uv":[14.5,11.5,14,11.75],"texture":"#3","tintindex":0},"up":{"uv":[10,0.5,12,0],"texture":"#3","tintindex":0},"down":{"uv":[10,0.5,12,1],"texture":"#3","tintindex":0}}},{"from":[-0.96421,7.26421,7.75],"to":[3.03579,8.01421,8.25],"rotation":{"angle":-22.5,"axis":"z","origin":[3.03579,6.56421,7.5]},"faces":{"north":{"uv":[13,8,11,8.375],"texture":"#3","tintindex":0},"east":{"uv":[14.75,1,14.5,1.375],"texture":"#3","tintindex":0},"south":{"uv":[13,8.5,11,8.875],"texture":"#3","tintindex":0},"west":{"uv":[1.25,14.5,1,14.875],"texture":"#3","tintindex":0},"up":{"uv":[12.5,9.75,14.5,9.5],"texture":"#3","tintindex":0},"down":{"uv":[12.5,10,14.5,10.25],"texture":"#3","tintindex":0}}},{"from":[-0.24333,8.5711,7.5035],"to":[0.25667,12.5711,8.4965],"rotation":{"angle":22.5,"axis":"z","origin":[0.31917,7.5711,8.0035]},"faces":{"north":{"uv":[7.25,12.5,7,14.5],"texture":"#3","tintindex":0},"east":{"uv":[10.5,3,10,5],"texture":"#3","tintindex":0},"south":{"uv":[7.75,12.5,7.5,14.5],"texture":"#3","tintindex":0},"west":{"uv":[10.5,1,10,3],"texture":"#3","tintindex":0},"up":{"uv":[14,12.5,14.25,12],"texture":"#3","tintindex":0},"down":{"uv":[12.5,14,12.75,14.5],"texture":"#3","tintindex":0}}},{"from":[0.08527,12.80779,7.5035],"to":[1.58527,13.30779,8.4965],"rotation":{"angle":22.5,"axis":"z","origin":[2.08527,8.37029,8.0035]},"faces":{"north":{"uv":[14.75,7.5,14,7.75],"texture":"#3","tintindex":0},"east":{"uv":[13.5,14,13,14.25],"texture":"#3","tintindex":0},"south":{"uv":[8.75,14,8,14.25],"texture":"#3","tintindex":0},"west":{"uv":[14.5,12.5,14,12.75],"texture":"#3","tintindex":0},"up":{"uv":[13,13,13.75,12.5],"texture":"#3","tintindex":0},"down":{"uv":[0,13.5,0.75,14],"texture":"#3","tintindex":0}}},{"from":[0.25667,8.5711,7.7535],"to":[1.00667,12.0711,8.2465],"rotation":{"angle":22.5,"axis":"z","origin":[0.31917,7.5711,8.0035]},"faces":{"north":{"uv":[11.875,11,11.5,12.75],"texture":"#3","tintindex":0},"east":{"uv":[3.25,13,3,14.75],"texture":"#3","tintindex":0},"south":{"uv":[12.375,5,12,6.75],"texture":"#3","tintindex":0},"west":{"uv":[2.75,13,2.5,14.75],"texture":"#3","tintindex":0},"up":{"uv":[1.5,14.75,1.875,14.5],"texture":"#3","tintindex":0},"down":{"uv":[2,14.5,2.375,14.75],"texture":"#3","tintindex":0}}},{"from":[1.00667,11.5711,7.7535],"to":[1.60667,12.0711,8.2465],"rotation":{"angle":22.5,"axis":"z","origin":[0.31917,7.5711,8.0035]},"faces":{"north":{"uv":[14.75,4,14.5,4.25],"texture":"#3","tintindex":0},"east":{"uv":[14.75,5,14.5,5.25],"texture":"#3","tintindex":0},"south":{"uv":[14.75,4.5,14.5,4.75],"texture":"#3","tintindex":0},"west":{"uv":[4.75,14.5,4.5,14.75],"texture":"#3","tintindex":0},"up":{"uv":[14.5,5.75,14.75,5.5],"texture":"#3","tintindex":0},"down":{"uv":[6,14.5,6.25,14.75],"texture":"#3","tintindex":0}}},{"from":[-16,0,7.985],"to":[3.5,18,8.015],"rotation":{"angle":0,"axis":"y","origin":[0,8.5,7.985]},"faces":{"north":{"uv":[9.75,0,0,9],"texture":"#3","tintindex":0},"south":{"uv":[0,0,9.75,9],"texture":"#3","tintindex":0}}},{"from":[6.87226,6.01976,7.5135],"to":[7.87226,7.76976,8.4865],"rotation":{"angle":-22.5,"axis":"z","origin":[8,8,8]},"faces":{"north":{"uv":[13.5,0,13,0.875],"texture":"#3","tintindex":0},"south":{"uv":[2.5,13,2,13.875],"texture":"#3","tintindex":0},"west":{"uv":[2,13,1.5,13.875],"texture":"#3","tintindex":0},"up":{"uv":[14,1.5,14.5,1],"texture":"#3","tintindex":0}}},{"from":[6.34635,6.5828,7.6275],"to":[7.84635,7.5328,8.3725],"rotation":{"angle":-22.5,"axis":"z","origin":[8,8,8]},"faces":{"north":{"uv":[12.25,13,11.5,13.5],"texture":"#3","tintindex":0},"south":{"uv":[13.75,12,13,12.5],"texture":"#3","tintindex":0},"up":{"uv":[13.5,5.875,14.25,5.5],"texture":"#3","tintindex":0},"down":{"uv":[13.5,6,14.25,6.375],"texture":"#3","tintindex":0}}},{"from":[5.51936,5.52663,7.75],"to":[6.51936,6.77663,8.25],"rotation":{"angle":22.5,"axis":"z","origin":[8,8,8]},"faces":{"north":{"uv":[5,13.5,4.5,14.125],"texture":"#3","tintindex":0},"east":{"uv":[9.75,14,9.5,14.625],"texture":"#3","tintindex":0},"south":{"uv":[14,4.5,13.5,5.125],"texture":"#3","tintindex":0},"west":{"uv":[9.25,14,9,14.625],"texture":"#3","tintindex":0},"down":{"uv":[11.5,14,12,14.25],"texture":"#3","tintindex":0}}},{"from":[7.99486,4.49699,7.7535],"to":[9.04486,5.29699,8.2465],"rotation":{"angle":-22.5,"axis":"z","origin":[8,8,8]},"faces":{"north":{"uv":[6.5,14,6,14.375],"texture":"#3","tintindex":0},"east":{"uv":[14.75,0.5,14.5,0.875],"texture":"#3","tintindex":0},"south":{"uv":[7,14,6.5,14.375],"texture":"#3","tintindex":0},"up":{"uv":[11,14.25,11.5,14],"texture":"#3","tintindex":0},"down":{"uv":[14,11,14.5,11.25],"texture":"#3","tintindex":0}}},{"from":[11.25,14.25,10],"to":[23.25,22.25,10.03],"rotation":{"angle":22.5,"axis":"z","origin":[14.225,17.3821,10.0075]},"faces":{"north":{"uv":[0,9,6,13],"texture":"#3","tintindex":0},"south":{"uv":[6,9,0,13],"texture":"#3","tintindex":0}}},{"from":[2.61095,13.91321,9.75],"to":[3.36095,15.91321,10.25],"rotation":{"angle":22.5,"axis":"z","origin":[1.74527,17.33745,10.0075]},"faces":{"north":{"uv":[13.5,0.375,14.5,0],"rotation":90,"texture":"#3","tintindex":0},"east":{"uv":[2.5,14,1.5,14.25],"rotation":270,"texture":"#3","tintindex":0},"south":{"uv":[13.5,0.875,14.5,0.5],"rotation":270,"texture":"#3","tintindex":0},"west":{"uv":[15,1.75,14,1.5],"rotation":270,"texture":"#3","tintindex":0},"up":{"uv":[14.5,3.375,14.75,3],"rotation":270,"texture":"#3","tintindex":0},"down":{"uv":[3.5,14.875,3.75,14.5],"rotation":270,"texture":"#3","tintindex":0}}},{"from":[2.11095,13.91321,9.5],"to":[2.61095,15.91321,10.5],"rotation":{"angle":22.5,"axis":"z","origin":[1.74527,17.33745,10.0075]},"faces":{"north":{"uv":[14,2.25,15,2],"rotation":90,"texture":"#3","tintindex":0},"east":{"uv":[13.5,10.5,12.5,11],"rotation":270,"texture":"#3","tintindex":0},"south":{"uv":[14,2.75,15,2.5],"rotation":270,"texture":"#3","tintindex":0},"west":{"uv":[1,13.5,0,13],"rotation":270,"texture":"#3","tintindex":0},"up":{"uv":[14,13.25,14.5,13],"rotation":270,"texture":"#3","tintindex":0},"down":{"uv":[13.5,14.25,14,14],"rotation":270,"texture":"#3","tintindex":0}}},{"from":[2.62814,16.16157,9.5035],"to":[3.12814,19.16157,10.4965],"rotation":{"angle":0,"axis":"z","origin":[1.74527,17.33745,10.0075]},"faces":{"north":{"uv":[13.75,1,13.5,2.5],"texture":"#3","tintindex":0},"east":{"uv":[11.5,9,11,10.5],"texture":"#3","tintindex":0},"south":{"uv":[13.75,2.5,13.5,4],"texture":"#3","tintindex":0},"west":{"uv":[9.5,11,9,12.5],"texture":"#3","tintindex":0},"up":{"uv":[14,14,14.25,13.5],"texture":"#3","tintindex":0},"down":{"uv":[14,14,14.25,14.5],"texture":"#3","tintindex":0}}},{"from":[3.12814,16.16157,9.7535],"to":[3.87814,18.66157,10.2465],"rotation":{"angle":0,"axis":"z","origin":[1.74527,17.33745,10.0075]},"faces":{"north":{"uv":[8.375,12.5,8,13.75],"texture":"#3","tintindex":0},"east":{"uv":[5.75,13.5,5.5,14.75],"texture":"#3","tintindex":0},"south":{"uv":[1.375,13,1,14.25],"texture":"#3","tintindex":0},"west":{"uv":[5.25,13.5,5,14.75],"texture":"#3","tintindex":0},"up":{"uv":[14.5,3.75,14.875,3.5],"texture":"#3","tintindex":0},"down":{"uv":[4,14.5,4.375,14.75],"texture":"#3","tintindex":0}}},{"from":[3.87814,18.16157,9.7535],"to":[4.47814,18.66157,10.2465],"rotation":{"angle":0,"axis":"z","origin":[1.74527,17.33745,10.0075]},"faces":{"north":{"uv":[14.75,6,14.5,6.25],"texture":"#3","tintindex":0},"east":{"uv":[7.75,14.5,7.5,14.75],"texture":"#3","tintindex":0},"south":{"uv":[7.25,14.5,7,14.75],"texture":"#3","tintindex":0},"west":{"uv":[6.75,14.5,6.5,14.75],"texture":"#3","tintindex":0},"up":{"uv":[8,14.75,8.25,14.5],"texture":"#3","tintindex":0},"down":{"uv":[8.5,14.5,8.75,14.75],"texture":"#3","tintindex":0}}},{"from":[3.12814,18.66157,9.5035],"to":[4.62814,19.16157,10.4965],"rotation":{"angle":0,"axis":"z","origin":[1.74527,17.33745,10.0075]},"faces":{"north":{"uv":[14.75,8,14,8.25],"texture":"#3","tintindex":0},"east":{"uv":[15,0,14.5,0.25],"texture":"#3","tintindex":0},"south":{"uv":[14.75,8.5,14,8.75],"texture":"#3","tintindex":0},"west":{"uv":[0.5,14.5,0,14.75],"texture":"#3","tintindex":0},"up":{"uv":[3.5,14,4.25,13.5],"texture":"#3","tintindex":0},"down":{"uv":[13.5,4,14.25,4.5],"texture":"#3","tintindex":0}}},{"from":[-7.26935,14.25798,10],"to":[4.73065,22.25798,10.03],"rotation":{"angle":-22.5,"axis":"z","origin":[1.74527,17.33745,10.0075]},"faces":{"north":{"uv":[6,9,0,13],"texture":"#3","tintindex":0},"south":{"uv":[0,9,6,13],"texture":"#3","tintindex":0}}},{"from":[2.97099,13.67542,9.25],"to":[4.97099,15.67542,10.75],"rotation":{"angle":-45,"axis":"z","origin":[3.97099,14.67542,10]},"faces":{"north":{"uv":[9,9,8,10],"texture":"#3","tintindex":0},"east":{"uv":[11.25,4,10.5,5],"texture":"#3","tintindex":0},"south":{"uv":[10,9,9,10],"texture":"#3","tintindex":0},"west":{"uv":[11.25,3,10.5,4],"texture":"#3","tintindex":0},"up":{"uv":[11,5.75,12,5],"texture":"#3","tintindex":0},"down":{"uv":[6,11,7,11.75],"texture":"#3","tintindex":0}}},{"from":[3.22099,13.92542,9],"to":[4.72099,15.42542,11],"rotation":{"angle":-45,"axis":"z","origin":[3.97099,14.67542,10]},"faces":{"north":{"uv":[12.75,11,12,11.75],"texture":"#3","tintindex":0},"east":{"uv":[8,11,7,11.75],"texture":"#3","tintindex":0},"south":{"uv":[12.75,12,12,12.75],"texture":"#3","tintindex":0},"west":{"uv":[12,6,11,6.75],"texture":"#3","tintindex":0},"up":{"uv":[11,8,11.75,7],"texture":"#3","tintindex":0},"down":{"uv":[8,11,8.75,12],"texture":"#3","tintindex":0}}},{"from":[12.65388,0.07201,9.75],"to":[13.40388,2.07201,10.25],"rotation":{"angle":22.5,"axis":"z","origin":[14.225,-1.3821,10.0075]},"faces":{"north":{"uv":[14.5,0,13.5,0.375],"rotation":90,"texture":"#3","tintindex":0},"east":{"uv":[14,1.5,15,1.75],"rotation":270,"texture":"#3","tintindex":0},"south":{"uv":[14.5,0.5,13.5,0.875],"rotation":270,"texture":"#3","tintindex":0},"west":{"uv":[1.5,14.25,2.5,14],"rotation":270,"texture":"#3","tintindex":0},"up":{"uv":[3.75,14.5,3.5,14.875],"rotation":270,"texture":"#3","tintindex":0},"down":{"uv":[14.75,3,14.5,3.375],"rotation":270,"texture":"#3","tintindex":0}}},{"from":[13.40388,0.07201,9.5],"to":[13.90388,2.07201,10.5],"rotation":{"angle":22.5,"axis":"z","origin":[14.225,-1.3821,10.0075]},"faces":{"north":{"uv":[15,2,14,2.25],"rotation":90,"texture":"#3","tintindex":0},"east":{"uv":[0,13,1,13.5],"rotation":270,"texture":"#3","tintindex":0},"south":{"uv":[15,2.5,14,2.75],"rotation":270,"texture":"#3","tintindex":0},"west":{"uv":[12.5,11,13.5,10.5],"rotation":270,"texture":"#3","tintindex":0},"up":{"uv":[14,14,13.5,14.25],"rotation":270,"texture":"#3","tintindex":0},"down":{"uv":[14.5,13,14,13.25],"rotation":270,"texture":"#3","tintindex":0}}},{"from":[12.87186,-3.16157,9.5035],"to":[13.37186,-0.16157,10.4965],"rotation":{"angle":0,"axis":"z","origin":[14.225,-1.3821,10.0075]},"faces":{"north":{"uv":[13.5,2.5,13.75,1],"texture":"#3","tintindex":0},"east":{"uv":[9,12.5,9.5,11],"texture":"#3","tintindex":0},"south":{"uv":[13.5,4,13.75,2.5],"texture":"#3","tintindex":0},"west":{"uv":[11,10.5,11.5,9],"texture":"#3","tintindex":0},"up":{"uv":[14.25,14.5,14,14],"texture":"#3","tintindex":0},"down":{"uv":[14.25,13.5,14,14],"texture":"#3","tintindex":0}}},{"from":[12.12186,-2.66157,9.7535],"to":[12.87186,-0.16157,10.2465],"rotation":{"angle":0,"axis":"z","origin":[14.225,-1.3821,10.0075]},"faces":{"north":{"uv":[8,13.75,8.375,12.5],"texture":"#3","tintindex":0},"east":{"uv":[5,14.75,5.25,13.5],"texture":"#3","tintindex":0},"south":{"uv":[1,14.25,1.375,13],"texture":"#3","tintindex":0},"west":{"uv":[5.5,14.75,5.75,13.5],"texture":"#3","tintindex":0},"up":{"uv":[4.375,14.75,4,14.5],"texture":"#3","tintindex":0},"down":{"uv":[14.875,3.5,14.5,3.75],"texture":"#3","tintindex":0}}},{"from":[11.52186,-2.66157,9.7535],"to":[12.12186,-2.16157,10.2465],"rotation":{"angle":0,"axis":"z","origin":[14.225,-1.3821,10.0075]},"faces":{"north":{"uv":[14.5,6.25,14.75,6],"texture":"#3","tintindex":0},"east":{"uv":[6.5,14.75,6.75,14.5],"texture":"#3","tintindex":0},"south":{"uv":[7,14.75,7.25,14.5],"texture":"#3","tintindex":0},"west":{"uv":[7.5,14.75,7.75,14.5],"texture":"#3","tintindex":0},"up":{"uv":[8.75,14.75,8.5,14.5],"texture":"#3","tintindex":0},"down":{"uv":[8.25,14.5,8,14.75],"texture":"#3","tintindex":0}}},{"from":[11.37186,-3.16157,9.5035],"to":[12.87186,-2.66157,10.4965],"rotation":{"angle":0,"axis":"z","origin":[14.225,-1.3821,10.0075]},"faces":{"north":{"uv":[14,8.25,14.75,8],"texture":"#3","tintindex":0},"east":{"uv":[0,14.75,0.5,14.5],"texture":"#3","tintindex":0},"south":{"uv":[14,8.75,14.75,8.5],"texture":"#3","tintindex":0},"west":{"uv":[14.5,0.25,15,0],"texture":"#3","tintindex":0},"up":{"uv":[14.25,4.5,13.5,4],"texture":"#3","tintindex":0},"down":{"uv":[4.25,13.5,3.5,14],"texture":"#3","tintindex":0}}},{"from":[11.25,-6.25,10],"to":[23.25,1.75,10.03],"rotation":{"angle":-22.5,"axis":"z","origin":[14.225,-1.3821,10.0075]},"faces":{"north":{"uv":[0,13,6,9],"texture":"#3","tintindex":0},"south":{"uv":[6,13,0,9],"texture":"#3","tintindex":0}}},{"from":[11.02901,0.32458,9.25],"to":[13.02901,2.32458,10.75],"rotation":{"angle":-45,"axis":"z","origin":[12.02901,1.32458,10]},"faces":{"north":{"uv":[8,10,9,9],"texture":"#3","tintindex":0},"east":{"uv":[10.5,4,11.25,3],"texture":"#3","tintindex":0},"south":{"uv":[9,10,10,9],"texture":"#3","tintindex":0},"west":{"uv":[10.5,5,11.25,4],"texture":"#3","tintindex":0},"up":{"uv":[7,11.75,6,11],"texture":"#3","tintindex":0},"down":{"uv":[12,5,11,5.75],"texture":"#3","tintindex":0}}},{"from":[11.27901,0.57458,9],"to":[12.77901,2.07458,11],"rotation":{"angle":-45,"axis":"z","origin":[12.02901,1.32458,10]},"faces":{"north":{"uv":[12,11.75,12.75,11],"texture":"#3","tintindex":0},"east":{"uv":[11,6.75,12,6],"texture":"#3","tintindex":0},"south":{"uv":[12,12.75,12.75,12],"texture":"#3","tintindex":0},"west":{"uv":[7,11.75,8,11],"texture":"#3","tintindex":0},"up":{"uv":[8.75,12,8,11],"texture":"#3","tintindex":0},"down":{"uv":[11.75,7,11,8],"texture":"#3","tintindex":0}}},{"from":[3.22099,0.57458,9],"to":[4.72099,2.07458,11],"rotation":{"angle":45,"axis":"z","origin":[3.97099,1.32458,10]},"faces":{"north":{"uv":[12.75,11.75,12,11],"texture":"#3","tintindex":0},"east":{"uv":[8,11.75,7,11],"texture":"#3","tintindex":0},"south":{"uv":[12.75,12.75,12,12],"texture":"#3","tintindex":0},"west":{"uv":[12,6.75,11,6],"texture":"#3","tintindex":0},"up":{"uv":[8,12,8.75,11],"texture":"#3","tintindex":0},"down":{"uv":[11,7,11.75,8],"texture":"#3","tintindex":0}}},{"from":[2.97099,0.32458,9.25],"to":[4.97099,2.32458,10.75],"rotation":{"angle":45,"axis":"z","origin":[3.97099,1.32458,10]},"faces":{"north":{"uv":[9,10,8,9],"texture":"#3","tintindex":0},"east":{"uv":[11.25,5,10.5,4],"texture":"#3","tintindex":0},"south":{"uv":[10,10,9,9],"texture":"#3","tintindex":0},"west":{"uv":[11.25,4,10.5,3],"texture":"#3","tintindex":0},"up":{"uv":[6,11.75,7,11],"texture":"#3","tintindex":0},"down":{"uv":[11,5,12,5.75],"texture":"#3","tintindex":0}}},{"from":[-7.26935,-6.25798,10],"to":[4.73065,1.74202,10.03],"rotation":{"angle":22.5,"axis":"z","origin":[1.74527,-1.33745,10.0075]},"faces":{"north":{"uv":[6,13,0,9],"texture":"#3","tintindex":0},"south":{"uv":[0,13,6,9],"texture":"#3","tintindex":0}}},{"from":[3.12814,-3.16157,9.5035],"to":[4.62814,-2.66157,10.4965],"rotation":{"angle":0,"axis":"z","origin":[1.74527,-1.33745,10.0075]},"faces":{"north":{"uv":[14.75,8.25,14,8],"texture":"#3","tintindex":0},"east":{"uv":[15,0.25,14.5,0],"texture":"#3","tintindex":0},"south":{"uv":[14.75,8.75,14,8.5],"texture":"#3","tintindex":0},"west":{"uv":[0.5,14.75,0,14.5],"texture":"#3","tintindex":0},"up":{"uv":[13.5,4.5,14.25,4],"texture":"#3","tintindex":0},"down":{"uv":[3.5,13.5,4.25,14],"texture":"#3","tintindex":0}}},{"from":[3.87814,-2.66157,9.7535],"to":[4.47814,-2.16157,10.2465],"rotation":{"angle":0,"axis":"z","origin":[1.74527,-1.33745,10.0075]},"faces":{"north":{"uv":[14.75,6.25,14.5,6],"texture":"#3","tintindex":0},"east":{"uv":[7.75,14.75,7.5,14.5],"texture":"#3","tintindex":0},"south":{"uv":[7.25,14.75,7,14.5],"texture":"#3","tintindex":0},"west":{"uv":[6.75,14.75,6.5,14.5],"texture":"#3","tintindex":0},"up":{"uv":[8.5,14.75,8.75,14.5],"texture":"#3","tintindex":0},"down":{"uv":[8,14.5,8.25,14.75],"texture":"#3","tintindex":0}}},{"from":[3.12814,-2.66157,9.7535],"to":[3.87814,-0.16157,10.2465],"rotation":{"angle":0,"axis":"z","origin":[1.74527,-1.33745,10.0075]},"faces":{"north":{"uv":[8.375,13.75,8,12.5],"texture":"#3","tintindex":0},"east":{"uv":[5.75,14.75,5.5,13.5],"texture":"#3","tintindex":0},"south":{"uv":[1.375,14.25,1,13],"texture":"#3","tintindex":0},"west":{"uv":[5.25,14.75,5,13.5],"texture":"#3","tintindex":0},"up":{"uv":[4,14.75,4.375,14.5],"texture":"#3","tintindex":0},"down":{"uv":[14.5,3.5,14.875,3.75],"texture":"#3","tintindex":0}}},{"from":[2.62814,-3.16157,9.5035],"to":[3.12814,-0.16157,10.4965],"rotation":{"angle":0,"axis":"z","origin":[1.74527,-1.33745,10.0075]},"faces":{"north":{"uv":[13.75,2.5,13.5,1],"texture":"#3","tintindex":0},"east":{"uv":[11.5,10.5,11,9],"texture":"#3","tintindex":0},"south":{"uv":[13.75,4,13.5,2.5],"texture":"#3","tintindex":0},"west":{"uv":[9.5,12.5,9,11],"texture":"#3","tintindex":0},"up":{"uv":[14,14.5,14.25,14],"texture":"#3","tintindex":0},"down":{"uv":[14,13.5,14.25,14],"texture":"#3","tintindex":0}}},{"from":[2.11095,0.08679,9.5],"to":[2.61095,2.08679,10.5],"rotation":{"angle":-22.5,"axis":"z","origin":[1.74527,-1.33745,10.0075]},"faces":{"north":{"uv":[15,2.25,14,2],"rotation":90,"texture":"#3","tintindex":0},"east":{"uv":[12.5,10.5,13.5,11],"rotation":270,"texture":"#3","tintindex":0},"south":{"uv":[15,2.75,14,2.5],"rotation":270,"texture":"#3","tintindex":0},"west":{"uv":[0,13.5,1,13],"rotation":270,"texture":"#3","tintindex":0},"up":{"uv":[14,14.25,13.5,14],"rotation":270,"texture":"#3","tintindex":0},"down":{"uv":[14.5,13.25,14,13],"rotation":270,"texture":"#3","tintindex":0}}},{"from":[2.61095,0.08679,9.75],"to":[3.36095,2.08679,10.25],"rotation":{"angle":-22.5,"axis":"z","origin":[1.74527,-1.33745,10.0075]},"faces":{"north":{"uv":[14.5,0.375,13.5,0],"rotation":90,"texture":"#3","tintindex":0},"east":{"uv":[1.5,14,2.5,14.25],"rotation":270,"texture":"#3","tintindex":0},"south":{"uv":[14.5,0.875,13.5,0.5],"rotation":270,"texture":"#3","tintindex":0},"west":{"uv":[14,1.75,15,1.5],"rotation":270,"texture":"#3","tintindex":0},"up":{"uv":[3.75,14.875,3.5,14.5],"rotation":270,"texture":"#3","tintindex":0},"down":{"uv":[14.75,3.375,14.5,3],"rotation":270,"texture":"#3","tintindex":0}}}],"gui_light":"front","display":{"thirdperson_righthand":{"rotation":[47,0,0],"translation":[0,1,2],"scale":[0.44141,0.44141,0.44141]},"thirdperson_lefthand":{"rotation":[66.5,0,0],"translation":[-5.5,-7,9.25]},"firstperson_righthand":{"rotation":[-10,0,0],"scale":[0.44727,0.44727,0.44727]},"firstperson_lefthand":{"rotation":[-10,0,0],"scale":[0,0,0]},"ground":{"rotation":[-45,0,0],"translation":[0,3,0],"scale":[0.5,0.5,0.5]},"gui":{"rotation":[0,180,0],"scale":[0.37617,0.37617,0.37617]},"head":{"translation":[0,-52.5,6.25],"scale":[1.5,1.5,1.5]},"fixed":{"rotation":[0,180,0],"translation":[0,0,-1.25],"scale":[2,2,2]}}}