{"credit":"Made with Blockbench","texture_size":[64,64],"textures":{"0":"elitecreatures:greek_furniture_v1/greek_chair_single","particle":"elitecreatures:greek_furniture_v1/greek_chair_single"},"elements":[{"from":[15,11,23],"to":[16,30,24],"faces":{"north":{"uv":[4.25,1,4,5.75],"texture":"#0"},"east":{"uv":[4,1,4.25,5.75],"texture":"#0"},"south":{"uv":[4,1,4.25,5.75],"texture":"#0"},"west":{"uv":[4.75,1,5,5.75],"texture":"#0"},"up":{"uv":[7.5,5.75,7.25,5.5],"texture":"#0"},"down":{"uv":[7.5,5.75,7.25,6],"texture":"#0"}}},{"from":[11,21,23],"to":[12,22,24],"rotation":{"angle":0,"axis":"y","origin":[0,16,0]},"faces":{"north":{"uv":[1,7.75,1.25,7.5],"texture":"#0"},"east":{"uv":[1.25,7.75,1.5,7.5],"texture":"#0"},"south":{"uv":[1.25,7.75,1,7.5],"texture":"#0"},"west":{"uv":[1.25,7.75,1.5,7.5],"texture":"#0"},"up":{"uv":[2.5,7.75,2.25,7.5],"texture":"#0"},"down":{"uv":[2.25,7.5,2,7.75],"texture":"#0"}}},{"from":[10,22,23],"to":[12,23,24],"rotation":{"angle":0,"axis":"y","origin":[0,16,0]},"faces":{"north":{"uv":[6.5,5.25,7,5],"texture":"#0"},"east":{"uv":[0,7.75,0.25,7.5],"texture":"#0"},"south":{"uv":[7,5.25,6.5,5],"texture":"#0"},"west":{"uv":[0.25,7.75,0.5,7.5],"texture":"#0"},"up":{"uv":[7,5.5,6.5,5.25],"texture":"#0"},"down":{"uv":[6,6.5,5.5,6.75],"texture":"#0"}}},{"from":[9,20,23],"to":[10,23,24],"rotation":{"angle":0,"axis":"y","origin":[0,16,0]},"faces":{"north":{"uv":[6,5.75,6.25,5],"texture":"#0"},"east":{"uv":[6,6.5,6.25,5.75],"texture":"#0"},"south":{"uv":[6.25,5.75,6,5],"texture":"#0"},"west":{"uv":[6.25,6.5,6.5,5.75],"texture":"#0"},"up":{"uv":[7.5,6.75,7.25,6.5],"texture":"#0"},"down":{"uv":[7.5,7,7.25,7.25],"texture":"#0"}}},{"from":[9,19,23],"to":[15,20,24],"rotation":{"angle":0,"axis":"y","origin":[0,16,0]},"faces":{"north":{"uv":[5.5,3.25,7,3],"texture":"#0"},"east":{"uv":[7.25,6.25,7.5,6],"texture":"#0"},"south":{"uv":[7,3.25,5.5,3],"texture":"#0"},"west":{"uv":[6.25,7.5,6.5,7.25],"texture":"#0"},"up":{"uv":[7,3.75,5.5,3.5],"texture":"#0"},"down":{"uv":[7,3.75,5.5,4],"texture":"#0"}}},{"from":[9,26,23],"to":[10,29,24],"faces":{"north":{"uv":[6,5,6.25,5.75],"texture":"#0"},"east":{"uv":[6,5.75,6.25,6.5],"texture":"#0"},"south":{"uv":[6.25,5,6,5.75],"texture":"#0"},"west":{"uv":[6.25,5.75,6.5,6.5],"texture":"#0"},"up":{"uv":[7.5,7.25,7.25,7],"texture":"#0"},"down":{"uv":[7.5,6.5,7.25,6.75],"texture":"#0"}}},{"from":[10,26,23],"to":[12,27,24],"faces":{"north":{"uv":[6.5,5,7,5.25],"texture":"#0"},"east":{"uv":[0,7.5,0.25,7.75],"texture":"#0"},"south":{"uv":[7,5,6.5,5.25],"texture":"#0"},"west":{"uv":[0.25,7.5,0.5,7.75],"texture":"#0"},"up":{"uv":[6,6.75,5.5,6.5],"texture":"#0"},"down":{"uv":[7,5.25,6.5,5.5],"texture":"#0"}}},{"from":[9,29,23],"to":[15,30,24],"faces":{"north":{"uv":[5.5,3,7,3.25],"texture":"#0"},"east":{"uv":[7.25,6,7.5,6.25],"texture":"#0"},"south":{"uv":[7,3,5.5,3.25],"texture":"#0"},"west":{"uv":[6.25,7.25,6.5,7.5],"texture":"#0"},"up":{"uv":[7,4,5.5,3.75],"texture":"#0"},"down":{"uv":[7,3.5,5.5,3.75],"texture":"#0"}}},{"from":[6,26,23],"to":[7,29,24],"rotation":{"angle":0,"axis":"y","origin":[16,0,0]},"faces":{"north":{"uv":[6.25,5,6,5.75],"texture":"#0"},"east":{"uv":[6.5,5.75,6.25,6.5],"texture":"#0"},"south":{"uv":[6,5,6.25,5.75],"texture":"#0"},"west":{"uv":[6.25,5.75,6,6.5],"texture":"#0"},"up":{"uv":[7.25,7.25,7.5,7],"texture":"#0"},"down":{"uv":[7.25,6.5,7.5,6.75],"texture":"#0"}}},{"from":[4,26,23],"to":[6,27,24],"rotation":{"angle":0,"axis":"y","origin":[16,0,0]},"faces":{"north":{"uv":[7,5,6.5,5.25],"texture":"#0"},"east":{"uv":[0.5,7.5,0.25,7.75],"texture":"#0"},"south":{"uv":[6.5,5,7,5.25],"texture":"#0"},"west":{"uv":[0.25,7.5,0,7.75],"texture":"#0"},"up":{"uv":[5.5,6.75,6,6.5],"texture":"#0"},"down":{"uv":[6.5,5.25,7,5.5],"texture":"#0"}}},{"from":[1,29,23],"to":[7,30,24],"rotation":{"angle":0,"axis":"y","origin":[16,0,0]},"faces":{"north":{"uv":[7,3,5.5,3.25],"texture":"#0"},"east":{"uv":[6.5,7.25,6.25,7.5],"texture":"#0"},"south":{"uv":[5.5,3,7,3.25],"texture":"#0"},"west":{"uv":[7.5,6,7.25,6.25],"texture":"#0"},"up":{"uv":[5.5,4,7,3.75],"texture":"#0"},"down":{"uv":[5.5,3.5,7,3.75],"texture":"#0"}}},{"from":[4,22,23],"to":[6,23,24],"rotation":{"angle":0,"axis":"y","origin":[16,16,0]},"faces":{"north":{"uv":[7,5.25,6.5,5],"texture":"#0"},"east":{"uv":[0.5,7.75,0.25,7.5],"texture":"#0"},"south":{"uv":[6.5,5.25,7,5],"texture":"#0"},"west":{"uv":[0.25,7.75,0,7.5],"texture":"#0"},"up":{"uv":[6.5,5.5,7,5.25],"texture":"#0"},"down":{"uv":[5.5,6.5,6,6.75],"texture":"#0"}}},{"from":[4,21,23],"to":[5,22,24],"rotation":{"angle":0,"axis":"y","origin":[16,16,0]},"faces":{"north":{"uv":[1.25,7.75,1,7.5],"texture":"#0"},"east":{"uv":[1.5,7.75,1.25,7.5],"texture":"#0"},"south":{"uv":[1,7.75,1.25,7.5],"texture":"#0"},"west":{"uv":[1.5,7.75,1.25,7.5],"texture":"#0"},"up":{"uv":[2.25,7.75,2.5,7.5],"texture":"#0"},"down":{"uv":[2,7.5,2.25,7.75],"texture":"#0"}}},{"from":[6,20,23],"to":[7,23,24],"rotation":{"angle":0,"axis":"y","origin":[16,16,0]},"faces":{"north":{"uv":[6.25,5.75,6,5],"texture":"#0"},"east":{"uv":[6.5,6.5,6.25,5.75],"texture":"#0"},"south":{"uv":[6,5.75,6.25,5],"texture":"#0"},"west":{"uv":[6.25,6.5,6,5.75],"texture":"#0"},"up":{"uv":[7.25,6.75,7.5,6.5],"texture":"#0"},"down":{"uv":[7.25,7,7.5,7.25],"texture":"#0"}}},{"from":[1,19,23],"to":[7,20,24],"rotation":{"angle":0,"axis":"y","origin":[16,16,0]},"faces":{"north":{"uv":[7,3.25,5.5,3],"texture":"#0"},"east":{"uv":[6.5,7.5,6.25,7.25],"texture":"#0"},"south":{"uv":[5.5,3.25,7,3],"texture":"#0"},"west":{"uv":[7.5,6.25,7.25,6],"texture":"#0"},"up":{"uv":[5.5,3.75,7,3.5],"texture":"#0"},"down":{"uv":[5.5,3.75,7,4],"texture":"#0"}}},{"from":[0,11,23],"to":[1,30,24],"rotation":{"angle":0,"axis":"y","origin":[16,0,0]},"faces":{"north":{"uv":[4,1,4.25,5.75],"texture":"#0"},"east":{"uv":[5,1,4.75,5.75],"texture":"#0"},"south":{"uv":[4.25,1,4,5.75],"texture":"#0"},"west":{"uv":[4.25,1,4,5.75],"texture":"#0"},"up":{"uv":[7.25,5.75,7.5,5.5],"texture":"#0"},"down":{"uv":[7.25,5.75,7.5,6],"texture":"#0"}}},{"from":[15,0,23],"to":[16,11,24],"faces":{"north":{"uv":[4.75,5.75,5,8.5],"texture":"#0"},"east":{"uv":[4,5.75,4.25,8.5],"texture":"#0"},"south":{"uv":[4,5.75,4.25,8.5],"texture":"#0"},"west":{"uv":[5,5.75,4.75,8.5],"texture":"#0"},"up":{"uv":[7.5,5.75,7.25,5.5],"texture":"#0"},"down":{"uv":[7.5,5.75,7.25,6],"texture":"#0"}}},{"from":[7,21,23],"to":[9,22,24],"rotation":{"angle":0,"axis":"y","origin":[16,16,0]},"faces":{"north":{"uv":[7.5,3.25,7,3],"texture":"#0"},"east":{"uv":[7.75,4,7.5,3.75],"texture":"#0"},"south":{"uv":[7.5,3.25,7,3],"texture":"#0"},"west":{"uv":[4,7.75,3.75,7.5],"texture":"#0"},"up":{"uv":[7,3.75,7.5,3.5],"texture":"#0"},"down":{"uv":[7,3.5,7.5,3.75],"texture":"#0"}}},{"from":[7,27,23],"to":[9,28,24],"rotation":{"angle":0,"axis":"y","origin":[16,0,0]},"faces":{"north":{"uv":[7.5,3,7,3.25],"texture":"#0"},"east":{"uv":[7.75,3.75,7.5,4],"texture":"#0"},"south":{"uv":[7.5,3,7,3.25],"texture":"#0"},"west":{"uv":[4,7.5,3.75,7.75],"texture":"#0"},"up":{"uv":[7,3.75,7.5,3.5],"texture":"#0"},"down":{"uv":[7,3.5,7.5,3.75],"texture":"#0"}}},{"from":[0,0,23],"to":[1,11,24],"rotation":{"angle":0,"axis":"y","origin":[16,0,0]},"faces":{"north":{"uv":[5,5.75,4.75,8.5],"texture":"#0"},"east":{"uv":[4.75,5.75,5,8.5],"texture":"#0"},"south":{"uv":[4.25,5.75,4,8.5],"texture":"#0"},"west":{"uv":[4.25,5.75,4,8.5],"texture":"#0"},"up":{"uv":[7.25,5.75,7.5,5.5],"texture":"#0"},"down":{"uv":[7.25,5.75,7.5,6],"texture":"#0"}}},{"from":[1,11,23],"to":[15,12,24],"faces":{"north":{"uv":[5,2,8.5,2.25],"texture":"#0"},"east":{"uv":[6,7.5,6.25,7.75],"texture":"#0"},"south":{"uv":[8.5,2.25,5,2.5],"texture":"#0"},"west":{"uv":[7.5,6,7.75,6.25],"texture":"#0"},"up":{"uv":[8.5,2.75,5,2.5],"texture":"#0"},"down":{"uv":[8.5,2.75,5,3],"texture":"#0"}}},{"from":[0,11,8],"to":[16,13,23],"faces":{"north":{"uv":[4,0,8,0.5],"texture":"#0"},"east":{"uv":[8.75,1,5,1.5],"texture":"#0"},"south":{"uv":[4,0.5,8,1],"texture":"#0"},"west":{"uv":[5,1,8.75,1.5],"texture":"#0"},"up":{"uv":[4,3.75,0,0],"texture":"#0"},"down":{"uv":[4,3.75,0,7.5],"texture":"#0"}}},{"from":[0,0,8],"to":[1,9,9],"rotation":{"angle":0,"axis":"y","origin":[16,0,0]},"faces":{"north":{"uv":[5.25,3,5,5.25],"texture":"#0"},"east":{"uv":[5.25,5.25,5.5,7.5],"texture":"#0"},"south":{"uv":[5.5,5.25,5.25,7.5],"texture":"#0"},"west":{"uv":[5,3,5.25,5.25],"texture":"#0"},"up":{"uv":[7.5,4.75,7.75,4.5],"texture":"#0"},"down":{"uv":[7.5,4.75,7.75,5],"texture":"#0"}}},{"from":[0,9,10],"to":[1,11,11],"rotation":{"angle":0,"axis":"y","origin":[16,0,0]},"faces":{"north":{"uv":[7.25,5.5,7,6],"texture":"#0"},"east":{"uv":[5.5,7,5.75,7.5],"texture":"#0"},"south":{"uv":[6,7,5.75,7.5],"texture":"#0"},"west":{"uv":[7,5.5,7.25,6],"texture":"#0"},"up":{"uv":[5.25,7.75,5.5,7.5],"texture":"#0"},"down":{"uv":[7.5,5.25,7.75,5.5],"texture":"#0"}}},{"from":[2,9,8],"to":[3,11,9],"rotation":{"angle":0,"axis":"y","origin":[16,0,0]},"faces":{"north":{"uv":[7.25,5.5,7,6],"texture":"#0"},"east":{"uv":[6,7,5.75,7.5],"texture":"#0"},"south":{"uv":[5.75,7,5.5,7.5],"texture":"#0"},"west":{"uv":[7,5.5,7.25,6],"texture":"#0"},"up":{"uv":[5.25,7.75,5.5,7.5],"texture":"#0"},"down":{"uv":[7.5,5.25,7.75,5.5],"texture":"#0"}}},{"from":[1,8,8],"to":[3,9,9],"rotation":{"angle":0,"axis":"y","origin":[16,0,0]},"faces":{"north":{"uv":[6.5,5.75,7,6],"texture":"#0"},"east":{"uv":[7.75,5.5,7.5,5.75],"texture":"#0"},"south":{"uv":[7.75,4.25,7.25,4.5],"texture":"#0"},"west":{"uv":[5.75,7.5,5.5,7.75],"texture":"#0"},"up":{"uv":[6.75,7.25,7.25,7],"texture":"#0"},"down":{"uv":[7,6.75,7.5,7],"texture":"#0"}}},{"from":[0,8,9],"to":[1,9,11],"rotation":{"angle":0,"axis":"y","origin":[16,0,0]},"faces":{"north":{"uv":[6,7.5,5.75,7.75],"texture":"#0"},"east":{"uv":[7.25,4.25,7.75,4.5],"texture":"#0"},"south":{"uv":[7.75,5.5,7.5,5.75],"texture":"#0"},"west":{"uv":[7,5.75,6.5,6],"texture":"#0"},"up":{"uv":[7.25,5,7.5,4.5],"texture":"#0"},"down":{"uv":[7.25,5,7.5,5.5],"texture":"#0"}}},{"from":[13,9,8],"to":[14,11,9],"faces":{"north":{"uv":[7,5.5,7.25,6],"texture":"#0"},"east":{"uv":[7.25,5.5,7,6],"texture":"#0"},"south":{"uv":[5.5,7,5.75,7.5],"texture":"#0"},"west":{"uv":[5.75,7,6,7.5],"texture":"#0"},"up":{"uv":[5.5,7.75,5.25,7.5],"texture":"#0"},"down":{"uv":[7.75,5.25,7.5,5.5],"texture":"#0"}}},{"from":[15,9,10],"to":[16,11,11],"faces":{"north":{"uv":[7,5.5,7.25,6],"texture":"#0"},"east":{"uv":[7.25,5.5,7,6],"texture":"#0"},"south":{"uv":[5.75,7,6,7.5],"texture":"#0"},"west":{"uv":[5.75,7,5.5,7.5],"texture":"#0"},"up":{"uv":[5.5,7.75,5.25,7.5],"texture":"#0"},"down":{"uv":[7.75,5.25,7.5,5.5],"texture":"#0"}}},{"from":[13,8,8],"to":[15,9,9],"faces":{"north":{"uv":[7,5.75,6.5,6],"texture":"#0"},"east":{"uv":[5.5,7.5,5.75,7.75],"texture":"#0"},"south":{"uv":[7.25,4.25,7.75,4.5],"texture":"#0"},"west":{"uv":[7.5,5.5,7.75,5.75],"texture":"#0"},"up":{"uv":[7.25,7.25,6.75,7],"texture":"#0"},"down":{"uv":[7.5,6.75,7,7],"texture":"#0"}}},{"from":[15,8,9],"to":[16,9,11],"faces":{"north":{"uv":[5.75,7.5,6,7.75],"texture":"#0"},"east":{"uv":[6.5,5.75,7,6],"texture":"#0"},"south":{"uv":[7.5,5.5,7.75,5.75],"texture":"#0"},"west":{"uv":[7.75,4.25,7.25,4.5],"texture":"#0"},"up":{"uv":[7.5,5,7.25,4.5],"texture":"#0"},"down":{"uv":[7.5,5,7.25,5.5],"texture":"#0"}}},{"from":[15,0,8],"to":[16,9,9],"faces":{"north":{"uv":[5,3,5.25,5.25],"texture":"#0"},"east":{"uv":[5.25,3,5,5.25],"texture":"#0"},"south":{"uv":[5.25,5.25,5.5,7.5],"texture":"#0"},"west":{"uv":[5.5,5.25,5.25,7.5],"texture":"#0"},"up":{"uv":[7.75,4.75,7.5,4.5],"texture":"#0"},"down":{"uv":[7.75,4.75,7.5,5],"texture":"#0"}}}],"gui_light":"front","display":{"thirdperson_righthand":{"translation":[0,-1,-3],"scale":[0.42,0.42,0.42]},"thirdperson_lefthand":{"translation":[0,-1,-3],"scale":[0.42,0.42,0.42]},"firstperson_righthand":{"translation":[0,1.75,0],"scale":[0.41,0.41,0.41]},"firstperson_lefthand":{"translation":[0,1.75,0],"scale":[0.41,0.41,0.41]},"ground":{"translation":[0,-1,-2.25],"scale":[0.25,0.25,0.25]},"gui":{"rotation":[30,225,0],"translation":[1.75,-2.25,0],"scale":[0.27,0.27,0.27]},"head":{"rotation":[0,-180,0],"translation":[0,-33.5,9.5],"scale":[1.2,1.2,1.2]},"fixed":{"translation":[0,-3.75,-8.25],"scale":[0.5,0.5,0.5]}},"groups":[{"name":"group","origin":[0,0,0],"color":0,"children":[{"name":"group","origin":[0,0,0],"color":0,"children":[0,1,2,3,4,5,6,7,8,9,10,11,12,13,14,15,16]},{"name":"group","origin":[0,0,0],"color":0,"children":[17,18,19]},20,21,{"name":"group","origin":[0,0,0],"color":0,"children":[]},{"name":"group","origin":[0,0,0],"color":0,"children":[22,23,24,25,26,27,28,29,30,31]},{"name":"group","origin":[0,0,0],"color":0,"children":[]}]}]}