{"credit":"Made with Blockbench","texture_size":[32,32],"textures":{"0":"elitecreatures:greek_furniture_v1/greek_jar_02","particle":"elitecreatures:greek_furniture_v1/greek_jar_02"},"elements":[{"from":[5.5,12,7.5],"to":[10.5,13,12.5],"rotation":{"angle":0,"axis":"y","origin":[8,7,2]},"faces":{"north":{"uv":[6.5,12,9,12.5],"texture":"#0"},"east":{"uv":[6.5,12,9,12.5],"texture":"#0"},"south":{"uv":[6.5,12,9,12.5],"texture":"#0"},"west":{"uv":[6.5,12,9,12.5],"texture":"#0"},"up":{"uv":[2.5,9.5,0,7],"rotation":90,"texture":"#0"},"down":{"uv":[9,8,6.5,10.5],"rotation":270,"texture":"#0"}}},{"from":[6,10,8],"to":[10,12,12],"rotation":{"angle":0,"axis":"y","origin":[8,7,2]},"faces":{"north":{"uv":[10.5,9.5,12.5,10.5],"texture":"#0"},"east":{"uv":[10.5,9.5,12.5,10.5],"texture":"#0"},"south":{"uv":[10.5,9.5,12.5,10.5],"texture":"#0"},"west":{"uv":[10.5,9.5,12.5,10.5],"texture":"#0"},"up":{"uv":[2,11.5,0,9.5],"rotation":90,"texture":"#0"},"down":{"uv":[11.5,0,9.5,2],"rotation":270,"texture":"#0"}}},{"from":[5.5,9,7.5],"to":[10.5,10,12.5],"rotation":{"angle":0,"axis":"y","origin":[8,7,2]},"faces":{"north":{"uv":[6.5,11.5,9,12],"texture":"#0"},"east":{"uv":[6.5,11.5,9,12],"texture":"#0"},"south":{"uv":[6.5,11.5,9,12],"texture":"#0"},"west":{"uv":[6.5,11.5,9,12],"texture":"#0"},"up":{"uv":[9,5.5,6.5,3],"rotation":90,"texture":"#0"},"down":{"uv":[9,5.5,6.5,8],"rotation":270,"texture":"#0"}}},{"from":[5,8,7],"to":[11,9,13],"rotation":{"angle":0,"axis":"y","origin":[8,7,2]},"faces":{"north":{"uv":[11.5,1.5,14.5,2],"texture":"#0"},"east":{"uv":[11.5,1.5,14.5,2],"texture":"#0"},"south":{"uv":[11.5,1.5,14.5,2],"texture":"#0"},"west":{"uv":[11.5,1.5,14.5,2],"texture":"#0"},"up":{"uv":[6.5,9,3.5,6],"rotation":90,"texture":"#0"},"down":{"uv":[9.5,0,6.5,3],"rotation":270,"texture":"#0"}}},{"from":[4.5,7,6.5],"to":[11.5,8,13.5],"rotation":{"angle":0,"axis":"y","origin":[8,7,2]},"faces":{"north":{"uv":[11,6.5,14.5,7],"texture":"#0"},"east":{"uv":[11,6.5,14.5,7],"texture":"#0"},"south":{"uv":[11,6.5,14.5,7],"texture":"#0"},"west":{"uv":[11,6.5,14.5,7],"texture":"#0"},"up":{"uv":[3.5,3.5,0,0],"rotation":90,"texture":"#0"},"down":{"uv":[3.5,3.5,0,7],"rotation":270,"texture":"#0"}}},{"from":[5,6,7],"to":[11,7,13],"rotation":{"angle":0,"axis":"y","origin":[8,7,2]},"faces":{"north":{"uv":[0,11.5,3,12],"texture":"#0"},"east":{"uv":[0,11.5,3,12],"texture":"#0"},"south":{"uv":[0,11.5,3,12],"texture":"#0"},"west":{"uv":[0,11.5,3,12],"texture":"#0"},"up":{"uv":[6.5,3,3.5,0],"rotation":90,"texture":"#0"},"down":{"uv":[6.5,3,3.5,6],"rotation":270,"texture":"#0"}}},{"from":[5.75,5,7.75],"to":[10.25,6,12.25],"rotation":{"angle":0,"axis":"y","origin":[8,7,2]},"faces":{"north":{"uv":[12.5,3.5,14.75,4],"texture":"#0"},"east":{"uv":[12.5,3.5,14.75,4],"texture":"#0"},"south":{"uv":[12.5,3.5,14.75,4],"texture":"#0"},"west":{"uv":[12.5,3.5,14.75,4],"texture":"#0"},"up":{"uv":[4.75,11.25,2.5,9],"rotation":90,"texture":"#0"},"down":{"uv":[11.25,3,9,5.25],"rotation":270,"texture":"#0"}}},{"from":[6.75,4,8.75],"to":[9.25,5,11.25],"rotation":{"angle":0,"axis":"y","origin":[8,7,2]},"faces":{"north":{"uv":[13.5,11,14.75,11.5],"texture":"#0"},"east":{"uv":[13.5,11,14.75,11.5],"texture":"#0"},"south":{"uv":[13.5,11,14.75,11.5],"texture":"#0"},"west":{"uv":[13.5,11,14.75,11.5],"texture":"#0"},"up":{"uv":[12.25,8.25,11,7],"rotation":90,"texture":"#0"},"down":{"uv":[10.25,11,9,12.25],"rotation":270,"texture":"#0"}}},{"from":[6.5,3,8.5],"to":[9.5,4,11.5],"rotation":{"angle":0,"axis":"y","origin":[8,7,2]},"faces":{"north":{"uv":[7,13.5,8.5,14],"texture":"#0"},"east":{"uv":[7,13.5,8.5,14],"texture":"#0"},"south":{"uv":[7,13.5,8.5,14],"texture":"#0"},"west":{"uv":[7,13.5,8.5,14],"texture":"#0"},"up":{"uv":[6.5,10.5,5,9],"rotation":90,"texture":"#0"},"down":{"uv":[10.5,9.5,9,11],"rotation":270,"texture":"#0"}}},{"from":[7,1,9],"to":[9,3,11],"rotation":{"angle":0,"axis":"y","origin":[8,7,2]},"faces":{"north":{"uv":[12.5,9.5,13.5,10.5],"texture":"#0"},"east":{"uv":[12.5,9.5,13.5,10.5],"texture":"#0"},"south":{"uv":[12.5,9.5,13.5,10.5],"texture":"#0"},"west":{"uv":[12.5,9.5,13.5,10.5],"texture":"#0"},"up":{"uv":[13.5,10.5,12.5,9.5],"rotation":90,"texture":"#0"},"down":{"uv":[13.5,9.5,12.5,10.5],"rotation":270,"texture":"#0"}}},{"from":[5,13,7],"to":[11,14,8],"rotation":{"angle":0,"axis":"y","origin":[8,7,2]},"faces":{"north":{"uv":[11.5,2.5,14.5,3],"texture":"#0"},"east":{"uv":[2,11,2.5,11.5],"texture":"#0"},"south":{"uv":[11.5,2,14.5,2.5],"texture":"#0"},"west":{"uv":[2.5,11,2,11.5],"texture":"#0"},"up":{"uv":[3.5,14.5,3,11.5],"rotation":90,"texture":"#0"},"down":{"uv":[4,11.5,3.5,14.5],"rotation":270,"texture":"#0"}}},{"from":[5,13,12],"to":[11,14,13],"rotation":{"angle":0,"axis":"y","origin":[8,7,2]},"faces":{"north":{"uv":[14.5,2,11.5,2.5],"texture":"#0"},"east":{"uv":[2.5,11,2,11.5],"texture":"#0"},"south":{"uv":[14.5,2.5,11.5,3],"texture":"#0"},"west":{"uv":[2,11,2.5,11.5],"texture":"#0"},"up":{"uv":[3,14.5,3.5,11.5],"rotation":90,"texture":"#0"},"down":{"uv":[3.5,11.5,4,14.5],"rotation":270,"texture":"#0"}}},{"from":[10,13,8],"to":[11,14,12],"rotation":{"angle":0,"axis":"y","origin":[8,7,2]},"faces":{"north":{"uv":[14,12,14.5,12.5],"texture":"#0"},"east":{"uv":[12,12.5,14,13],"texture":"#0"},"south":{"uv":[14,11.5,14.5,12],"texture":"#0"},"west":{"uv":[0,13,2,13.5],"texture":"#0"},"up":{"uv":[6,13.5,4,13],"rotation":90,"texture":"#0"},"down":{"uv":[8,13,6,13.5],"rotation":270,"texture":"#0"}}},{"from":[5,13,8],"to":[6,14,12],"rotation":{"angle":0,"axis":"y","origin":[8,7,2]},"faces":{"north":{"uv":[14.5,12,14,12.5],"texture":"#0"},"east":{"uv":[2,13,0,13.5],"texture":"#0"},"south":{"uv":[14.5,11.5,14,12],"texture":"#0"},"west":{"uv":[14,12.5,12,13],"texture":"#0"},"up":{"uv":[6,13,4,13.5],"rotation":90,"texture":"#0"},"down":{"uv":[8,13.5,6,13],"rotation":270,"texture":"#0"}}},{"from":[6,0,8],"to":[10,1,12],"rotation":{"angle":0,"axis":"y","origin":[8,7,2]},"faces":{"north":{"uv":[12.5,7,14.5,7.5],"texture":"#0"},"east":{"uv":[12.5,7,14.5,7.5],"texture":"#0"},"south":{"uv":[12.5,7,14.5,7.5],"texture":"#0"},"west":{"uv":[12.5,7,14.5,7.5],"texture":"#0"},"up":{"uv":[11,7.5,9,5.5],"rotation":90,"texture":"#0"},"down":{"uv":[11,7.5,9,9.5],"rotation":270,"texture":"#0"}}},{"from":[11,8,9],"to":[13,9,11],"rotation":{"angle":0,"axis":"y","origin":[8,7,2]},"faces":{"north":{"uv":[2,14,3,14.5],"texture":"#0"},"east":{"uv":[2.5,8.5,3.5,9],"texture":"#0"},"south":{"uv":[3,14,2,14.5],"texture":"#0"},"west":{"uv":[0,14,1,14.5],"texture":"#0"},"up":{"uv":[3,14,2,13],"rotation":90,"texture":"#0"},"down":{"uv":[14,11.5,13,12.5],"rotation":270,"texture":"#0"}}},{"from":[12,9,9],"to":[13,10,11],"rotation":{"angle":0,"axis":"y","origin":[8,7,2]},"faces":{"north":{"uv":[14,12.5,14.5,13],"texture":"#0"},"east":{"uv":[4,14,5,14.5],"texture":"#0"},"south":{"uv":[14.5,12.5,14,13],"texture":"#0"},"west":{"uv":[14,4.5,15,5],"texture":"#0"},"up":{"uv":[6,14.5,5,14],"rotation":90,"texture":"#0"},"down":{"uv":[15,5,14,5.5],"rotation":270,"texture":"#0"}}},{"from":[13,9,9],"to":[14,12,11],"rotation":{"angle":0,"axis":"y","origin":[8,7,2]},"faces":{"north":{"uv":[1.5,13.5,2,15],"texture":"#0"},"east":{"uv":[2.5,7,3.5,8.5],"texture":"#0"},"south":{"uv":[2,13.5,1.5,15],"texture":"#0"},"west":{"uv":[11.5,3,12.5,4.5],"texture":"#0"},"up":{"uv":[7,14.5,6,14],"rotation":90,"texture":"#0"},"down":{"uv":[8,14,7,14.5],"rotation":270,"texture":"#0"}}},{"from":[12,11,9],"to":[13,13,11],"rotation":{"angle":0,"axis":"y","origin":[8,7,2]},"faces":{"north":{"uv":[1,14,1.5,15],"texture":"#0"},"east":{"uv":[12,13,13,14],"texture":"#0"},"south":{"uv":[1.5,14,1,15],"texture":"#0"},"west":{"uv":[13,13,14,14],"texture":"#0"},"up":{"uv":[15,9,14,8.5],"rotation":90,"texture":"#0"},"down":{"uv":[15,9,14,9.5],"rotation":270,"texture":"#0"}}},{"from":[10.5,12,9],"to":[12,13,11],"rotation":{"angle":0,"axis":"y","origin":[8,7,2]},"faces":{"north":{"uv":[11.5,14,12.25,14.5],"texture":"#0"},"east":{"uv":[9.5,14,10.5,14.5],"texture":"#0"},"south":{"uv":[12.25,14,11.5,14.5],"texture":"#0"},"west":{"uv":[10.5,14,11.5,14.5],"texture":"#0"},"up":{"uv":[14.5,8.25,13.5,7.5],"rotation":90,"texture":"#0"},"down":{"uv":[9.5,13.5,8.5,14.25],"rotation":270,"texture":"#0"}}},{"from":[3,8,9],"to":[5,9,11],"rotation":{"angle":0,"axis":"y","origin":[8,7,2]},"faces":{"north":{"uv":[3,14,2,14.5],"texture":"#0"},"east":{"uv":[1,14,0,14.5],"texture":"#0"},"south":{"uv":[2,14,3,14.5],"texture":"#0"},"west":{"uv":[3.5,8.5,2.5,9],"texture":"#0"},"up":{"uv":[3,13,2,14],"rotation":90,"texture":"#0"},"down":{"uv":[14,12.5,13,11.5],"rotation":270,"texture":"#0"}}},{"from":[3,9,9],"to":[4,10,11],"rotation":{"angle":0,"axis":"y","origin":[8,7,2]},"faces":{"north":{"uv":[14.5,12.5,14,13],"texture":"#0"},"east":{"uv":[15,4.5,14,5],"texture":"#0"},"south":{"uv":[14,12.5,14.5,13],"texture":"#0"},"west":{"uv":[5,14,4,14.5],"texture":"#0"},"up":{"uv":[6,14,5,14.5],"rotation":90,"texture":"#0"},"down":{"uv":[15,5.5,14,5],"rotation":270,"texture":"#0"}}},{"from":[2,9,9],"to":[3,12,11],"rotation":{"angle":0,"axis":"y","origin":[8,7,2]},"faces":{"north":{"uv":[2,13.5,1.5,15],"texture":"#0"},"east":{"uv":[12.5,3,11.5,4.5],"texture":"#0"},"south":{"uv":[1.5,13.5,2,15],"texture":"#0"},"west":{"uv":[3.5,7,2.5,8.5],"texture":"#0"},"up":{"uv":[7,14,6,14.5],"rotation":90,"texture":"#0"},"down":{"uv":[8,14.5,7,14],"rotation":270,"texture":"#0"}}},{"from":[3,11,9],"to":[4,13,11],"rotation":{"angle":0,"axis":"y","origin":[8,7,2]},"faces":{"north":{"uv":[1.5,14,1,15],"texture":"#0"},"east":{"uv":[14,13,13,14],"texture":"#0"},"south":{"uv":[1,14,1.5,15],"texture":"#0"},"west":{"uv":[13,13,12,14],"texture":"#0"},"up":{"uv":[15,8.5,14,9],"rotation":90,"texture":"#0"},"down":{"uv":[15,9.5,14,9],"rotation":270,"texture":"#0"}}},{"from":[4,12,9],"to":[5.5,13,11],"rotation":{"angle":0,"axis":"y","origin":[8,7,2]},"faces":{"north":{"uv":[12.25,14,11.5,14.5],"texture":"#0"},"east":{"uv":[11.5,14,10.5,14.5],"texture":"#0"},"south":{"uv":[11.5,14,12.25,14.5],"texture":"#0"},"west":{"uv":[10.5,14,9.5,14.5],"texture":"#0"},"up":{"uv":[14.5,7.5,13.5,8.25],"rotation":90,"texture":"#0"},"down":{"uv":[9.5,14.25,8.5,13.5],"rotation":270,"texture":"#0"}}}],"gui_light":"front","display":{"thirdperson_righthand":{"translation":[0,3,1],"scale":[0.55,0.55,0.55]},"thirdperson_lefthand":{"translation":[0,3,1],"scale":[0.55,0.55,0.55]},"firstperson_righthand":{"translation":[0,3,1],"scale":[0.55,0.55,0.55]},"firstperson_lefthand":{"translation":[0,3,1],"scale":[0.55,0.55,0.55]},"ground":{"translation":[0,2,-0.5],"scale":[0.5,0.5,0.5]},"gui":{"rotation":[30,225,0],"translation":[1,0,0],"scale":[0.625,0.625,0.625]},"head":{"rotation":[0,180,0],"translation":[0,13,2]},"fixed":{"rotation":[-90,180,0],"translation":[0,3,-13.5],"scale":[1.6,1.6,1.6]}},"groups":[{"name":"group","origin":[-3,0,0],"color":0,"children":[{"name":"group","origin":[-3,0,0],"color":0,"children":[0,1,2,3,4,5,6,7,8,9]},10,11,12,13,14,{"name":"group","origin":[-3,0,0],"color":0,"children":[15,16,17,18,19]},{"name":"group","origin":[-3,0,0],"color":0,"children":[20,21,22,23,24]}]}]}