{"credit":"Made with Blockbench","texture_size":[128,128],"textures":{"1":"elitecreature:indian_furniture_v1/indian_cabinet"},"elements":[{"from":[-15,21,1],"to":[15,23,15],"faces":{"north":{"uv":[5.25,6,9,6.25],"texture":"#1"},"east":{"uv":[2,5.75,3.75,6],"texture":"#1"},"south":{"uv":[0,6.25,3.75,6.5],"texture":"#1"},"west":{"uv":[2,6,3.75,6.25],"texture":"#1"},"up":{"uv":[3.75,5.75,0,4],"texture":"#1"},"down":{"uv":[7.75,0,4,1.75],"texture":"#1"}}},{"from":[-14,6,2],"to":[14,21,14],"faces":{"north":{"uv":[4,1.75,7.5,3.625],"texture":"#1"},"east":{"uv":[3.75,4.875,5.25,6.75],"texture":"#1"},"south":{"uv":[0,6.75,3.5,8.625],"texture":"#1"},"west":{"uv":[3.75,4.875,5.25,6.75],"texture":"#1"}}},{"from":[-16,23,0],"to":[16,27,16],"faces":{"north":{"uv":[5.25,5.5,9.25,6],"texture":"#1"},"east":{"uv":[0,5.75,2,6.25],"texture":"#1"},"south":{"uv":[5.25,5.5,9.25,6],"texture":"#1"},"west":{"uv":[0,5.75,2,6.25],"texture":"#1"},"up":{"uv":[4,2,0,0],"texture":"#1"},"down":{"uv":[4,2,0,4],"texture":"#1"}}},{"from":[-16,0,0],"to":[16,4,16],"rotation":{"angle":0,"axis":"y","origin":[0,16,0]},"faces":{"north":{"uv":[5.25,6,9.25,5.5],"texture":"#1"},"east":{"uv":[0,6.25,2,5.75],"texture":"#1"},"south":{"uv":[5.25,6,9.25,5.5],"texture":"#1"},"west":{"uv":[0,6.25,2,5.75],"texture":"#1"},"up":{"uv":[4,4,0,2],"texture":"#1"},"down":{"uv":[4,0,0,2],"texture":"#1"}}},{"from":[-15,4,1],"to":[15,6,15],"rotation":{"angle":0,"axis":"y","origin":[0,16,0]},"faces":{"north":{"uv":[5.25,6.25,9,6],"texture":"#1"},"east":{"uv":[2,6,3.75,5.75],"texture":"#1"},"south":{"uv":[0,6.5,3.75,6.25],"texture":"#1"},"west":{"uv":[2,6.25,3.75,6],"texture":"#1"},"up":{"uv":[7.75,1.75,4,0],"texture":"#1"},"down":{"uv":[3.75,4,0,5.75],"texture":"#1"}}},{"from":[-13,27,3],"to":[13,29,13],"faces":{"north":{"uv":[5.25,6.25,8.5,6.5],"texture":"#1"},"east":{"uv":[0,6.5,1.25,6.75],"texture":"#1"},"south":{"uv":[5.25,6.25,8.5,6.5],"texture":"#1"},"west":{"uv":[0,6.5,1.25,6.75],"texture":"#1"},"up":{"uv":[7.25,4.875,4,3.625],"texture":"#1"}}},{"from":[-14,27,2],"to":[14,32,2],"faces":{"north":{"uv":[5.25,4.875,8.75,5.5],"texture":"#1"},"south":{"uv":[8.75,4.875,5.25,5.5],"texture":"#1"}}},{"from":[-14,27,14],"to":[14,32,14],"faces":{"north":{"uv":[5.25,4.875,8.75,5.5],"texture":"#1"},"south":{"uv":[8.75,4.875,5.25,5.5],"texture":"#1"}}}],"gui_light":"front","display":{"thirdperson_righthand":{"rotation":[0,180,0],"translation":[-1.75,1,2.25],"scale":[0.2,0.2,0.2]},"thirdperson_lefthand":{"rotation":[0,180,0],"translation":[1.75,1,2.25],"scale":[0.2,0.2,0.2]},"firstperson_righthand":{"rotation":[0,180,0],"translation":[-4.75,2.5,0],"scale":[0.34,0.34,0.34]},"firstperson_lefthand":{"rotation":[0,180,0],"translation":[-0.25,2.5,0],"scale":[0.34,0.34,0.34]},"ground":{"translation":[4.75,2,0],"scale":[0.5,0.5,0.5]},"gui":{"rotation":[30,225,0],"translation":[-1.5,-2.25,0],"scale":[0.28,0.28,0.28]},"head":{"rotation":[0,180,0],"translation":[0,-30,0],"scale":[1.6,1.6,1.6]},"fixed":{"translation":[3.5,-2.5,0],"scale":[0.42,0.42,0.42]}},"groups":[0,1,2,3,4,5,{"name":"group","origin":[0,0,0],"color":0,"children":[6,7]}]}