{"credit":"MadewithBlockbench","texture_size":[64,64],"textures":{"1":"jeqo:cyber_set/red/cyber_pickaxe"},"elements":[{"from":[7,0,7],"to":[9,1,9],"rotation":{"angle":0,"axis":"y","origin":[0,16,7]},"faces":{"north":{"uv":[8,2.75,8.5,3],"texture":"#1"},"east":{"uv":[0,8.25,0.5,8.5],"texture":"#1"},"south":{"uv":[1,9.25,1.5,9.5],"texture":"#1"},"west":{"uv":[9.25,2.75,9.75,3],"texture":"#1"},"up":{"uv":[5.75,9.5,5.25,9],"texture":"#1"},"down":{"uv":[6.25,9,5.75,9.5],"texture":"#1"}}},{"from":[6,1,6],"to":[10,5,10],"rotation":{"angle":0,"axis":"y","origin":[0,16,7]},"faces":{"north":{"uv":[2.75,6,3.75,7],"texture":"#1"},"east":{"uv":[2.75,7,3.75,8],"texture":"#1"},"south":{"uv":[6.25,7,7.25,8],"texture":"#1"},"west":{"uv":[7.25,7,8.25,8],"texture":"#1"},"up":{"uv":[1.75,8.5,0.75,7.5],"texture":"#1"},"down":{"uv":[2.75,7.5,1.75,8.5],"texture":"#1"}}},{"from":[7,5,7],"to":[9,19,9],"rotation":{"angle":0,"axis":"y","origin":[0,14,7]},"faces":{"north":{"uv":[4,5,4.5,8.5],"texture":"#1"},"east":{"uv":[4.5,5,5,8.5],"texture":"#1"},"south":{"uv":[5,5,5.5,8.5],"texture":"#1"},"west":{"uv":[5.5,0,6,3.5],"texture":"#1"},"up":{"uv":[3,9.5,2.5,9],"texture":"#1"},"down":{"uv":[3.5,9,3,9.5],"texture":"#1"}}},{"from":[6.75,7,6.75],"to":[9.25,16,9.25],"rotation":{"angle":0,"axis":"y","origin":[0,14,7]},"faces":{"north":{"uv":[5.5,3.5,6.25,5.75],"texture":"#1"},"east":{"uv":[5.5,5.75,6.25,8],"texture":"#1"},"south":{"uv":[0,6,0.75,8.25],"texture":"#1"},"west":{"uv":[6,0,6.75,2.25],"texture":"#1"},"up":{"uv":[5.25,9.25,4.5,8.5],"texture":"#1"},"down":{"uv":[9.5,1,8.75,1.75],"texture":"#1"}}},{"from":[6,19,6],"to":[10,23,10],"rotation":{"angle":0,"axis":"y","origin":[0,21,7]},"faces":{"north":{"uv":[7.75,3,8.75,4],"texture":"#1"},"east":{"uv":[7.75,4,8.75,5],"texture":"#1"},"south":{"uv":[7.75,5,8.75,6],"texture":"#1"},"west":{"uv":[7.75,6,8.75,7],"texture":"#1"},"up":{"uv":[3.75,9,2.75,8],"texture":"#1"},"down":{"uv":[6.5,8,5.5,9],"texture":"#1"}}},{"from":[4,21,6.5],"to":[12,25,9.5],"rotation":{"angle":0,"axis":"y","origin":[0,23,7]},"faces":{"north":{"uv":[0,5,2,6],"texture":"#1"},"east":{"uv":[1.75,8.5,2.5,9.5],"texture":"#1"},"south":{"uv":[2,5,4,6],"texture":"#1"},"west":{"uv":[3.75,8.5,4.5,9.5],"texture":"#1"},"up":{"uv":[2.75,6.75,0.75,6],"texture":"#1"},"down":{"uv":[8,2.25,6,3],"texture":"#1"}}},{"from":[6,17,6],"to":[10,18,10],"rotation":{"angle":0,"axis":"y","origin":[0,16,7]},"faces":{"north":{"uv":[6.25,9,7.25,9.25],"texture":"#1"},"east":{"uv":[7.25,9,8.25,9.25],"texture":"#1"},"south":{"uv":[8.25,9,9.25,9.25],"texture":"#1"},"west":{"uv":[0,9.25,1,9.5],"texture":"#1"},"up":{"uv":[7.5,9,6.5,8],"texture":"#1"},"down":{"uv":[8.5,8,7.5,9],"texture":"#1"}}},{"from":[13.51672,21.66431,7.5],"to":[20.51672,23.66431,8.5],"rotation":{"angle":-22.5,"axis":"z","origin":[16.51672,23.66431,8]},"faces":{"north":{"uv":[8,2.25,9.75,2.75],"texture":"#1"},"east":{"uv":[6,3,6.25,3.5],"texture":"#1"},"south":{"uv":[8.25,7,10,7.5],"texture":"#1"},"west":{"uv":[3.75,6,4,6.5],"texture":"#1"},"up":{"uv":[10.5,2,8.75,1.75],"texture":"#1"},"down":{"uv":[10.5,2,8.75,2.25],"texture":"#1"}}},{"from":[9.19761,20.03387,7],"to":[15.19761,24.03387,9],"rotation":{"angle":22.5,"axis":"z","origin":[11.69761,21.53387,8]},"faces":{"north":{"uv":[6.25,3,7.75,4],"texture":"#1"},"east":{"uv":[8.75,2.75,9.25,3.75],"texture":"#1"},"south":{"uv":[6.25,4,7.75,5],"texture":"#1"},"west":{"uv":[8.75,3.75,9.25,4.75],"texture":"#1"},"up":{"uv":[10,8.5,8.5,8],"texture":"#1"},"down":{"uv":[10,8.5,8.5,9],"texture":"#1"}}},{"from":[0.80239,20.03387,7],"to":[6.80239,24.03387,9],"rotation":{"angle":-22.5,"axis":"z","origin":[4.30239,21.53387,8]},"faces":{"north":{"uv":[6.25,5,7.75,6],"texture":"#1"},"east":{"uv":[8.75,4.75,9.25,5.75],"texture":"#1"},"south":{"uv":[6.25,6,7.75,7],"texture":"#1"},"west":{"uv":[8.75,5.75,9.25,6.75],"texture":"#1"},"up":{"uv":[10.25,0.5,8.75,0],"texture":"#1"},"down":{"uv":[10.25,0.5,8.75,1],"texture":"#1"}}},{"from":[-4.51672,21.66431,7.5],"to":[2.48328,23.66431,8.5],"rotation":{"angle":22.5,"axis":"z","origin":[-0.51672,23.66431,8]},"faces":{"north":{"uv":[8.25,7.5,10,8],"texture":"#1"},"east":{"uv":[3.75,6.5,4,7],"texture":"#1"},"south":{"uv":[0,8.5,1.75,9],"texture":"#1"},"west":{"uv":[3.75,7,4,7.5],"texture":"#1"},"up":{"uv":[10.5,7,8.75,6.75],"texture":"#1"},"down":{"uv":[1.75,9,0,9.25],"texture":"#1"}}},{"from":[-5.51672,19.26431,8],"to":[2.48328,22.26431,8],"rotation":{"angle":22.5,"axis":"z","origin":[-0.51672,23.76431,8]},"faces":{"north":{"uv":[6.75,0,8.75,0.75],"texture":"#1"},"east":{"uv":[0,0,0,0.75],"texture":"#1"},"south":{"uv":[0.75,6.75,2.75,7.5],"texture":"#1"},"west":{"uv":[0,0,0,0.75],"texture":"#1"},"up":{"uv":[2,0,0,0],"texture":"#1"},"down":{"uv":[2,0,0,0],"texture":"#1"}}},{"from":[-3.69761,19.03387,8],"to":[7.30239,29.03387,8],"rotation":{"angle":-22.5,"axis":"z","origin":[4.30239,21.53387,8]},"faces":{"north":{"uv":[2.75,0,5.5,2.5],"texture":"#1"},"east":{"uv":[0,0,0,2.5],"texture":"#1"},"south":{"uv":[2.75,2.5,5.5,5],"texture":"#1"},"west":{"uv":[0,0,0,2.5],"texture":"#1"},"up":{"uv":[2.75,0,0,0],"texture":"#1"},"down":{"uv":[2.75,0,0,0],"texture":"#1"}}},{"from":[8.69761,19.03387,8],"to":[19.69761,29.03387,8],"rotation":{"angle":22.5,"axis":"z","origin":[11.69761,21.53387,8]},"faces":{"north":{"uv":[0,0,2.75,2.5],"texture":"#1"},"east":{"uv":[0,0,0,2.5],"texture":"#1"},"south":{"uv":[0,2.5,2.75,5],"texture":"#1"},"west":{"uv":[0,0,0,2.5],"texture":"#1"},"up":{"uv":[2.75,0,0,0],"texture":"#1"},"down":{"uv":[2.75,0,0,0],"texture":"#1"}}},{"from":[13.51672,19.26431,8],"to":[21.51672,22.26431,8],"rotation":{"angle":-22.5,"axis":"z","origin":[16.51672,23.76431,8]},"faces":{"north":{"uv":[6.75,0.75,8.75,1.5],"texture":"#1"},"east":{"uv":[0,0,0,0.75],"texture":"#1"},"south":{"uv":[6.75,1.5,8.75,2.25],"texture":"#1"},"west":{"uv":[0,0,0,0.75],"texture":"#1"},"up":{"uv":[2,0,0,0],"texture":"#1"},"down":{"uv":[2,0,0,0],"texture":"#1"}}}],"gui_light":"front","display":{"thirdperson_righthand":{"rotation":[0,90,0],"translation":[0,-4,2],"scale":[0.75,0.75,0.75]},"thirdperson_lefthand":{"rotation":[0,90,0],"translation":[0,-4,2],"scale":[0.75,0.75,0.75]},"firstperson_righthand":{"rotation":[7.52,82.04,4.53],"translation":[1.5,-0.5,0],"scale":[0.5,0.5,0.5]},"firstperson_lefthand":{"rotation":[7.52,82.04,4.53],"translation":[1.5,-0.5,0],"scale":[0.5,0.5,0.5]},"ground":{"rotation":[0,0,45],"translation":[0,2,0],"scale":[0.4,0.4,0.4]},"gui":{"rotation":[0,0,-45],"translation":[-3.5,-3.5,0],"scale":[0.6,0.6,0.6]},"fixed":{"rotation":[0,0,45],"translation":[4,-4,-0.5],"scale":[0.7,0.7,0.7]}},"groups":[0,1,2,3,4,5,6,7,8,9,10,{"name":"panes","origin":[16.51672,23.76431,8],"color":0,"children":[11,12,13,14]}]}