{"credit":"magic_store_official","texture_size":[256,256],"textures":{"0":"magic_store:furnitures/medieval_pack_v4/medieval_pack_v4_bridge","particle":"magic_store:furnitures/medieval_pack_v4/medieval_pack_v4_bridge"},"elements":[{"from":[24.9,-16,4],"to":[31.9,-13,12],"rotation":{"angle":0,"axis":"y","origin":[0,0,5]},"faces":{"north":{"uv":[0,2,0.4375,2.1875],"texture":"#0"},"east":{"uv":[0,2,0.4375,2.1875],"texture":"#0"},"south":{"uv":[0,2,0.4375,2.1875],"texture":"#0"},"west":{"uv":[0,2,0.4375,2.1875],"texture":"#0"},"up":{"uv":[0,2.1875,0.4375,2.6875],"texture":"#0"},"down":{"uv":[0.4375,2,0.875,2.5],"texture":"#0"}}},{"from":[26,-16,5],"to":[32,32,11],"rotation":{"angle":0,"axis":"y","origin":[0,0,5]},"faces":{"north":{"uv":[0.875,3,1.25,6],"texture":"#0"},"east":{"uv":[1.25,3,0.875,6],"texture":"#0"},"south":{"uv":[0.875,3,1.25,6],"texture":"#0"},"west":{"uv":[1.25,3,0.875,6],"texture":"#0"},"up":{"uv":[0.875,3,1.25,3.375],"texture":"#0"},"down":{"uv":[0.875,3,1.25,3.375],"texture":"#0"}}},{"from":[23,27,6],"to":[26,29,7],"rotation":{"angle":0,"axis":"y","origin":[0,0,5]},"faces":{"north":{"uv":[0.875,2,1.0625,2.125],"texture":"#0"},"east":{"uv":[0.875,2,0.9375,2.125],"texture":"#0"},"south":{"uv":[0.875,2,1.0625,2.125],"texture":"#0"},"west":{"uv":[1,2,1.0625,2.125],"texture":"#0"},"up":{"uv":[1.0625,2,0.875,2.0625],"texture":"#0"},"down":{"uv":[1.0625,2.0625,0.875,2.125],"texture":"#0"}}},{"from":[23,10,6],"to":[26,12,7],"rotation":{"angle":0,"axis":"y","origin":[0,0,5]},"faces":{"north":{"uv":[0.875,2,1.0625,2.125],"texture":"#0"},"east":{"uv":[0.875,2,0.9375,2.125],"texture":"#0"},"south":{"uv":[0.875,2,1.0625,2.125],"texture":"#0"},"west":{"uv":[1,2,1.0625,2.125],"texture":"#0"},"up":{"uv":[1.0625,2,0.875,2.0625],"texture":"#0"},"down":{"uv":[1.0625,2.0625,0.875,2.125],"texture":"#0"}}},{"from":[23,-11,6],"to":[26,-9,7],"rotation":{"angle":0,"axis":"y","origin":[0,16,5]},"faces":{"north":{"uv":[0.875,2.125,1.0625,2],"texture":"#0"},"east":{"uv":[0.875,2.125,0.9375,2],"texture":"#0"},"south":{"uv":[0.875,2.125,1.0625,2],"texture":"#0"},"west":{"uv":[1,2.125,1.0625,2],"texture":"#0"},"up":{"uv":[1.0625,2.125,0.875,2.0625],"texture":"#0"},"down":{"uv":[1.0625,2.0625,0.875,2],"texture":"#0"}}},{"from":[8,-7,6],"to":[26,-1,7],"rotation":{"angle":0,"axis":"y","origin":[0,0,5]},"faces":{"north":{"uv":[0.875,2.125,2,2.5],"texture":"#0"},"east":{"uv":[0.875,2.125,0.9375,2.5],"texture":"#0"},"south":{"uv":[2,2.125,0.875,2.5],"texture":"#0"},"west":{"uv":[1.9375,2.125,2,2.5],"texture":"#0"},"up":{"uv":[0.875,2.125,2,2.1875],"texture":"#0"},"down":{"uv":[0.875,2.4375,2,2.5],"texture":"#0"}}},{"from":[8,17,6],"to":[26,23,7],"rotation":{"angle":0,"axis":"y","origin":[0,16,5]},"faces":{"north":{"uv":[0.875,2.5,2,2.125],"texture":"#0"},"east":{"uv":[0.875,2.5,0.9375,2.125],"texture":"#0"},"south":{"uv":[2,2.5,0.875,2.125],"texture":"#0"},"west":{"uv":[1.9375,2.5,2,2.125],"texture":"#0"},"up":{"uv":[0.875,2.5,2,2.4375],"texture":"#0"},"down":{"uv":[0.875,2.1875,2,2.125],"texture":"#0"}}},{"from":[9.5,10,5],"to":[13.5,11,6],"rotation":{"angle":22.5,"axis":"x","origin":[11.5,11,6]},"faces":{"north":{"uv":[1.1875,2.0625,1.4375,2.125],"texture":"#0"},"east":{"uv":[0,2.125,0.0625,2.1875],"texture":"#0"},"south":{"uv":[1.1875,2.0625,1.4375,2.125],"texture":"#0"},"west":{"uv":[0,2.125,0.0625,2.1875],"texture":"#0"},"up":{"uv":[1.1875,2.0625,1.4375,2.125],"texture":"#0"},"down":{"uv":[1.1875,2.0625,1.4375,2.125],"texture":"#0"}}},{"from":[12.5,8,5],"to":[13.5,10,6],"rotation":{"angle":22.5,"axis":"x","origin":[11.5,11,6]},"faces":{"north":{"uv":[1.1875,2,1.3125,2.0625],"rotation":90,"texture":"#0"},"east":{"uv":[1.1875,2,1.3125,2.0625],"rotation":90,"texture":"#0"},"south":{"uv":[1.1875,2,1.3125,2.0625],"rotation":90,"texture":"#0"},"west":{"uv":[1.1875,2,1.3125,2.0625],"rotation":90,"texture":"#0"},"up":{"uv":[0,2.125,0.0625,2.1875],"texture":"#0"},"down":{"uv":[0,2.125,0.0625,2.1875],"texture":"#0"}}},{"from":[9.5,8,5],"to":[10.5,10,6],"rotation":{"angle":22.5,"axis":"x","origin":[11.5,11,6]},"faces":{"north":{"uv":[1.1875,2,1.3125,2.0625],"rotation":90,"texture":"#0"},"east":{"uv":[1.1875,2,1.3125,2.0625],"rotation":90,"texture":"#0"},"south":{"uv":[1.1875,2,1.3125,2.0625],"rotation":90,"texture":"#0"},"west":{"uv":[1.1875,2,1.3125,2.0625],"rotation":90,"texture":"#0"},"up":{"uv":[0,2.125,0.0625,2.1875],"texture":"#0"},"down":{"uv":[0,2.125,0.0625,2.1875],"texture":"#0"}}},{"from":[9.5,7,5],"to":[13.5,8,6],"rotation":{"angle":22.5,"axis":"x","origin":[11.5,11,6]},"faces":{"north":{"uv":[1.4375,2.0625,1.6875,2.125],"texture":"#0"},"east":{"uv":[0,2.0625,0.0625,2.125],"texture":"#0"},"south":{"uv":[1.4375,2.0625,1.6875,2.125],"texture":"#0"},"west":{"uv":[0,2.0625,0.0625,2.125],"texture":"#0"},"up":{"uv":[1.4375,2.0625,1.6875,2.125],"texture":"#0"},"down":{"uv":[1.4375,2.0625,1.6875,2.125],"texture":"#0"}}},{"from":[9,8,6],"to":[14,13,7],"rotation":{"angle":0,"axis":"z","origin":[11.5,10.5,6.5]},"faces":{"north":{"uv":[0,2.6875,0.3125,3],"texture":"#0"},"east":{"uv":[0,2.6875,0.0625,3],"texture":"#0"},"south":{"uv":[0,2.6875,0.3125,3],"texture":"#0"},"west":{"uv":[0,2.6875,0.0625,3],"texture":"#0"},"up":{"uv":[0,2.6875,0.3125,2.75],"texture":"#0"},"down":{"uv":[0,2.9375,0.3125,3],"texture":"#0"}}},{"from":[11,10,4],"to":[12,12,6],"rotation":{"angle":0,"axis":"y","origin":[11.5,10.5,5.5]},"faces":{"north":{"uv":[0.0625,2.125,0,2.0625],"texture":"#0"},"east":{"uv":[1.1875,2,1.0625,2.125],"texture":"#0"},"south":{"uv":[0.0625,2.1875,0,2.125],"texture":"#0"},"west":{"uv":[1.0625,2,1.1875,2.125],"texture":"#0"},"up":{"uv":[0,2.0625,0.0625,2.1875],"texture":"#0"},"down":{"uv":[0.0625,2.1875,0,2.0625],"texture":"#0"}}},{"from":[20,-16,7],"to":[26,32,9],"rotation":{"angle":0,"axis":"y","origin":[0,0,5]},"faces":{"north":{"uv":[0,3.0625,0.375,6.0625],"texture":"#0"},"east":{"uv":[0,3.0625,0.125,6.0625],"texture":"#0"},"south":{"uv":[0,3.0625,0.375,6.0625],"texture":"#0"},"west":{"uv":[0,3.0625,0.125,6.0625],"texture":"#0"},"up":{"uv":[0.375,3.0625,0,3.1875],"texture":"#0"},"down":{"uv":[0.375,3.0625,0,3.1875],"texture":"#0"}}},{"from":[16,-12,7],"to":[20,30,9],"rotation":{"angle":0,"axis":"y","origin":[0,0,5]},"faces":{"north":{"uv":[0.375,3.0625,0.625,5.6875],"texture":"#0"},"east":{"uv":[0.375,3.0625,0.5,5.6875],"texture":"#0"},"south":{"uv":[0.375,3.0625,0.625,5.6875],"texture":"#0"},"west":{"uv":[0.375,3.0625,0.5,5.6875],"texture":"#0"},"up":{"uv":[0.625,3.0625,0.375,3.1875],"texture":"#0"},"down":{"uv":[0.625,3.0625,0.375,3.1875],"texture":"#0"}}},{"from":[12,-15,7],"to":[16,32,9],"rotation":{"angle":0,"axis":"y","origin":[0,0,5]},"faces":{"north":{"uv":[0.375,5.6875,0.625,8.625],"texture":"#0"},"east":{"uv":[0.375,5.6875,0.5,8.625],"texture":"#0"},"south":{"uv":[0.625,5.6875,0.375,8.625],"texture":"#0"},"west":{"uv":[0.5625,5.6875,0.625,8.625],"texture":"#0"},"up":{"uv":[0.625,5.6875,0.375,5.8125],"texture":"#0"},"down":{"uv":[0.625,5.6875,0.375,5.8125],"texture":"#0"}}},{"from":[8,-16,7],"to":[12,31,9],"rotation":{"angle":0,"axis":"y","origin":[0,0,5]},"faces":{"north":{"uv":[0.625,5.6875,0.875,8.625],"texture":"#0"},"east":{"uv":[0.625,5.6875,0.75,8.625],"texture":"#0"},"south":{"uv":[0.875,5.6875,0.625,8.625],"texture":"#0"},"west":{"uv":[0.625,5.6875,0.75,8.625],"texture":"#0"},"up":{"uv":[0.875,5.6875,0.625,5.8125],"texture":"#0"},"down":{"uv":[0.875,5.6875,0.625,5.8125],"texture":"#0"}}},{"from":[-15.9,-16,4],"to":[-8.9,-13,12],"rotation":{"angle":0,"axis":"y","origin":[16,0,5]},"faces":{"north":{"uv":[0.4375,2,0,2.1875],"texture":"#0"},"east":{"uv":[0.4375,2,0,2.1875],"texture":"#0"},"south":{"uv":[0.4375,2,0,2.1875],"texture":"#0"},"west":{"uv":[0.4375,2,0,2.1875],"texture":"#0"},"up":{"uv":[0.4375,2.1875,0,2.6875],"texture":"#0"},"down":{"uv":[0.875,2,0.4375,2.5],"texture":"#0"}}},{"from":[-16,-16,5],"to":[-10,32,11],"rotation":{"angle":0,"axis":"y","origin":[16,0,5]},"faces":{"north":{"uv":[1.25,3,0.875,6],"texture":"#0"},"east":{"uv":[0.875,3,1.25,6],"texture":"#0"},"south":{"uv":[1.25,3,0.875,6],"texture":"#0"},"west":{"uv":[0.875,3,1.25,6],"texture":"#0"},"up":{"uv":[1.25,3,0.875,3.375],"texture":"#0"},"down":{"uv":[1.25,3,0.875,3.375],"texture":"#0"}}},{"from":[-10,27,6],"to":[-7,29,7],"rotation":{"angle":0,"axis":"y","origin":[16,0,5]},"faces":{"north":{"uv":[1.0625,2,0.875,2.125],"texture":"#0"},"east":{"uv":[1.0625,2,1,2.125],"texture":"#0"},"south":{"uv":[1.0625,2,0.875,2.125],"texture":"#0"},"west":{"uv":[0.9375,2,0.875,2.125],"texture":"#0"},"up":{"uv":[0.875,2,1.0625,2.0625],"texture":"#0"},"down":{"uv":[0.875,2.0625,1.0625,2.125],"texture":"#0"}}},{"from":[-10,10,6],"to":[-7,12,7],"rotation":{"angle":0,"axis":"y","origin":[16,0,5]},"faces":{"north":{"uv":[1.0625,2,0.875,2.125],"texture":"#0"},"east":{"uv":[1.0625,2,1,2.125],"texture":"#0"},"south":{"uv":[1.0625,2,0.875,2.125],"texture":"#0"},"west":{"uv":[0.9375,2,0.875,2.125],"texture":"#0"},"up":{"uv":[0.875,2,1.0625,2.0625],"texture":"#0"},"down":{"uv":[0.875,2.0625,1.0625,2.125],"texture":"#0"}}},{"from":[-10,-11,6],"to":[-7,-9,7],"rotation":{"angle":0,"axis":"y","origin":[16,16,5]},"faces":{"north":{"uv":[1.0625,2.125,0.875,2],"texture":"#0"},"east":{"uv":[1.0625,2.125,1,2],"texture":"#0"},"south":{"uv":[1.0625,2.125,0.875,2],"texture":"#0"},"west":{"uv":[0.9375,2.125,0.875,2],"texture":"#0"},"up":{"uv":[0.875,2.125,1.0625,2.0625],"texture":"#0"},"down":{"uv":[0.875,2.0625,1.0625,2],"texture":"#0"}}},{"from":[-10,-7,6],"to":[8,-1,7],"rotation":{"angle":0,"axis":"y","origin":[16,0,5]},"faces":{"north":{"uv":[2,2.125,0.875,2.5],"texture":"#0"},"east":{"uv":[2,2.125,1.9375,2.5],"texture":"#0"},"south":{"uv":[0.875,2.125,2,2.5],"texture":"#0"},"west":{"uv":[0.9375,2.125,0.875,2.5],"texture":"#0"},"up":{"uv":[2,2.125,0.875,2.1875],"texture":"#0"},"down":{"uv":[2,2.4375,0.875,2.5],"texture":"#0"}}},{"from":[-10,17,6],"to":[8,23,7],"rotation":{"angle":0,"axis":"y","origin":[16,16,5]},"faces":{"north":{"uv":[2,2.5,0.875,2.125],"texture":"#0"},"east":{"uv":[2,2.5,1.9375,2.125],"texture":"#0"},"south":{"uv":[0.875,2.5,2,2.125],"texture":"#0"},"west":{"uv":[0.9375,2.5,0.875,2.125],"texture":"#0"},"up":{"uv":[2,2.5,0.875,2.4375],"texture":"#0"},"down":{"uv":[2,2.1875,0.875,2.125],"texture":"#0"}}},{"from":[2.5,10,5],"to":[6.5,11,6],"rotation":{"angle":22.5,"axis":"x","origin":[4.5,11,6]},"faces":{"north":{"uv":[1.4375,2.0625,1.1875,2.125],"texture":"#0"},"east":{"uv":[0.0625,2.125,0,2.1875],"texture":"#0"},"south":{"uv":[1.4375,2.0625,1.1875,2.125],"texture":"#0"},"west":{"uv":[0.0625,2.125,0,2.1875],"texture":"#0"},"up":{"uv":[1.4375,2.0625,1.1875,2.125],"texture":"#0"},"down":{"uv":[1.4375,2.0625,1.1875,2.125],"texture":"#0"}}},{"from":[2.5,8,5],"to":[3.5,10,6],"rotation":{"angle":22.5,"axis":"x","origin":[4.5,11,6]},"faces":{"north":{"uv":[1.1875,2.0625,1.3125,2.125],"rotation":90,"texture":"#0"},"east":{"uv":[1.1875,2.0625,1.3125,2.125],"rotation":90,"texture":"#0"},"south":{"uv":[1.1875,2.0625,1.3125,2.125],"rotation":90,"texture":"#0"},"west":{"uv":[1.1875,2.0625,1.3125,2.125],"rotation":90,"texture":"#0"},"up":{"uv":[0.0625,2.125,0.125,2.1875],"texture":"#0"},"down":{"uv":[0.0625,2.125,0.125,2.1875],"texture":"#0"}}},{"from":[5.5,8,5],"to":[6.5,10,6],"rotation":{"angle":22.5,"axis":"x","origin":[4.5,11,6]},"faces":{"north":{"uv":[1.1875,2.0625,1.3125,2],"rotation":90,"texture":"#0"},"east":{"uv":[1.1875,2.0625,1.3125,2],"rotation":90,"texture":"#0"},"south":{"uv":[1.1875,2.0625,1.3125,2],"rotation":90,"texture":"#0"},"west":{"uv":[1.1875,2.0625,1.3125,2],"rotation":90,"texture":"#0"},"up":{"uv":[0.0625,2.125,0,2.1875],"texture":"#0"},"down":{"uv":[0.0625,2.125,0,2.1875],"texture":"#0"}}},{"from":[2.5,7,5],"to":[6.5,8,6],"rotation":{"angle":22.5,"axis":"x","origin":[4.5,11,6]},"faces":{"north":{"uv":[1.6875,2.0625,1.4375,2.125],"texture":"#0"},"east":{"uv":[0.0625,2.0625,0,2.125],"texture":"#0"},"south":{"uv":[1.6875,2.0625,1.4375,2.125],"texture":"#0"},"west":{"uv":[0.0625,2.0625,0,2.125],"texture":"#0"},"up":{"uv":[1.6875,2.0625,1.4375,2.125],"texture":"#0"},"down":{"uv":[1.6875,2.0625,1.4375,2.125],"texture":"#0"}}},{"from":[2,8,6],"to":[7,13,7],"rotation":{"angle":0,"axis":"z","origin":[4.5,10.5,6.5]},"faces":{"north":{"uv":[0.3125,2.6875,0,3],"texture":"#0"},"east":{"uv":[0.0625,2.6875,0,3],"texture":"#0"},"south":{"uv":[0.3125,2.6875,0,3],"texture":"#0"},"west":{"uv":[0.0625,2.6875,0,3],"texture":"#0"},"up":{"uv":[0.3125,2.6875,0,2.75],"texture":"#0"},"down":{"uv":[0.3125,2.9375,0,3],"texture":"#0"}}},{"from":[4,10,4],"to":[5,12,6],"rotation":{"angle":0,"axis":"y","origin":[4.5,10.5,5.5]},"faces":{"north":{"uv":[0,2.125,0.0625,2.0625],"texture":"#0"},"east":{"uv":[1.1875,2,1.0625,2.125],"texture":"#0"},"south":{"uv":[0,2.1875,0.0625,2.125],"texture":"#0"},"west":{"uv":[1.0625,2,1.1875,2.125],"texture":"#0"},"up":{"uv":[0.0625,2.0625,0,2.1875],"texture":"#0"},"down":{"uv":[0,2.1875,0.0625,2.0625],"texture":"#0"}}},{"from":[-10,-16,7],"to":[-4,32,9],"rotation":{"angle":0,"axis":"y","origin":[16,0,5]},"faces":{"north":{"uv":[0.375,3.0625,0,6.0625],"texture":"#0"},"east":{"uv":[0.125,3.0625,0,6.0625],"texture":"#0"},"south":{"uv":[0.375,3.0625,0,6.0625],"texture":"#0"},"west":{"uv":[0.125,3.0625,0,6.0625],"texture":"#0"},"up":{"uv":[0,3.0625,0.375,3.1875],"texture":"#0"},"down":{"uv":[0,3.0625,0.375,3.1875],"texture":"#0"}}},{"from":[-4,-13,7],"to":[0,29,9],"rotation":{"angle":0,"axis":"y","origin":[16,0,5]},"faces":{"north":{"uv":[0.625,3.0625,0.375,5.6875],"texture":"#0"},"east":{"uv":[0.5,3.0625,0.375,5.6875],"texture":"#0"},"south":{"uv":[0.625,3.0625,0.375,5.6875],"texture":"#0"},"west":{"uv":[0.5,3.0625,0.375,5.6875],"texture":"#0"},"up":{"uv":[0.375,3.0625,0.625,3.1875],"texture":"#0"},"down":{"uv":[0.375,3.0625,0.625,3.1875],"texture":"#0"}}},{"from":[0,-16,7],"to":[4,31,9],"rotation":{"angle":0,"axis":"y","origin":[16,0,5]},"faces":{"north":{"uv":[0.625,5.6875,0.375,8.625],"texture":"#0"},"east":{"uv":[0.625,5.6875,0.5625,8.625],"texture":"#0"},"south":{"uv":[0.375,5.6875,0.625,8.625],"texture":"#0"},"west":{"uv":[0.5,5.6875,0.375,8.625],"texture":"#0"},"up":{"uv":[0.375,5.6875,0.625,5.8125],"texture":"#0"},"down":{"uv":[0.375,5.6875,0.625,5.8125],"texture":"#0"}}},{"from":[4,-15,7],"to":[8,32,9],"rotation":{"angle":0,"axis":"y","origin":[16,0,5]},"faces":{"north":{"uv":[0.875,5.6875,0.625,8.625],"texture":"#0"},"east":{"uv":[0.75,5.6875,0.625,8.625],"texture":"#0"},"south":{"uv":[0.625,5.6875,0.875,8.625],"texture":"#0"},"west":{"uv":[0.75,5.6875,0.625,8.625],"texture":"#0"},"up":{"uv":[0.625,5.6875,0.875,5.8125],"texture":"#0"},"down":{"uv":[0.625,5.6875,0.875,5.8125],"texture":"#0"}}}],"display":{"thirdperson_righthand":{"rotation":[15.5,0,0],"translation":[0,0,1],"scale":[0.2,0.2,0.2]},"thirdperson_lefthand":{"rotation":[15.5,0,0],"translation":[0,0,1],"scale":[0.2,0.2,0.2]},"firstperson_righthand":{"rotation":[0,-155,0],"translation":[2.5,0,0],"scale":[0.3,0.3,0.3]},"firstperson_lefthand":{"rotation":[0,-155,0],"translation":[2.5,0,0],"scale":[0.3,0.3,0.3]},"ground":{"translation":[0,1.5,0],"scale":[0.2,0.2,0.2]},"gui":{"rotation":[30,-145,0],"translation":[0,0.25,0],"scale":[0.25,0.25,0.25]},"head":{"translation":[0,-56,0],"scale":[1.6,1.6,1.6]},"fixed":{"rotation":[-90,0,0],"translation":[0,0,-48],"scale":[2,2,2]}},"groups":[{"name":"group","origin":[0,0,0],"color":0,"boneType":"","children":[0,1,2,3,4,5,6,{"name":"group","origin":[11.5,11,1],"color":0,"boneType":"","children":[7,8,9,10,11,12]},13,14,15,16]},{"name":"group","origin":[0,0,0],"color":0,"boneType":"","children":[17,18,19,20,21,22,23,{"name":"group","origin":[11.5,11,1],"color":0,"boneType":"","children":[24,25,26,27,28,29]},30,31,32,33]}]}