{"credit":"Made with Blockbench","textures":{"0":"elitecreatures:asura_animated_weapon/texture","1":"elitecreatures:asura_animated_weapon/eye","2":"elitecreatures:asura_animated_weapon/chain","particle":"elitecreatures:asura_animated_weapon/texture"},"elements":[{"from":[9.34331,2.84498,1.05975],"to":[9.84331,9.64498,7.80975],"rotation":{"angle":0,"axis":"z","origin":[9.59331,-3.32267,8]},"faces":{"north":{"uv":[0,0,0.32,0.2],"rotation":90,"texture":"#2"},"east":{"uv":[0,0,16,16],"rotation":90,"texture":"#2"},"south":{"uv":[0,0,0.32,0.2],"rotation":90,"texture":"#2"},"west":{"uv":[16,0,0,16],"rotation":270,"texture":"#2"},"up":{"uv":[0,0,0.2,0.3],"texture":"#2"},"down":{"uv":[0,0,0.4,0.3],"rotation":180,"texture":"#2"}}},{"from":[9.39331,-1.13002,2.03475],"to":[9.79331,5.61998,8.83475],"rotation":{"angle":0,"axis":"z","origin":[9.59331,-3.32267,8]},"faces":{"north":{"uv":[0,0,0.4,0.3],"texture":"#2"},"east":{"uv":[0,0,16,16],"texture":"#2"},"south":{"uv":[0,0,0.2,0.3],"texture":"#2"},"west":{"uv":[16,0,0,16],"texture":"#2"},"up":{"uv":[0,0,0.32,0.2],"rotation":270,"texture":"#2"},"down":{"uv":[0,0,0.32,0.2],"rotation":90,"texture":"#2"}}},{"from":[9.09331,5.38438,6.6645],"to":[10.09331,7.33438,8.6145],"rotation":{"angle":-22.5,"axis":"x","origin":[9.59331,-3.32267,8]},"faces":{"north":{"uv":[8.75,1,8.25,0.75],"rotation":90,"texture":"#0"},"east":{"uv":[4.75,8,5.25,7.5],"rotation":90,"texture":"#0"},"south":{"uv":[1,8.25,0.5,8.5],"rotation":90,"texture":"#0"},"west":{"uv":[7.5,4,8,3.5],"rotation":270,"texture":"#0"},"up":{"uv":[8.25,0.75,8.5,0.25],"texture":"#0"},"down":{"uv":[0.25,8.75,0.5,8.25],"rotation":180,"texture":"#0"}}},{"from":[8.69331,3.23158,3.55453],"to":[10.49331,5.03158,6.55453],"rotation":{"angle":22.5,"axis":"x","origin":[9.59331,-3.32267,8]},"faces":{"north":{"uv":[4.75,7,5.25,7.5],"texture":"#0"},"east":{"uv":[6.25,1.25,7,1.75],"texture":"#0"},"south":{"uv":[5.25,7,5.75,7.5],"texture":"#0"},"west":{"uv":[6.25,0.75,7,1.25],"texture":"#0"},"up":{"uv":[7,2.25,6.25,1.75],"rotation":270,"texture":"#0"},"down":{"uv":[7,2.25,6.25,2.75],"rotation":90,"texture":"#0"}}},{"from":[8.79331,4.19134,6.23137],"to":[10.39331,7.19134,7.83137],"rotation":{"angle":0,"axis":"y","origin":[9.59331,-3.32267,8]},"faces":{"north":{"uv":[7,1.75,7.375,2.5],"texture":"#0"},"east":{"uv":[3.75,7,4.125,7.75],"texture":"#0"},"south":{"uv":[4.25,7,4.625,7.75],"texture":"#0"},"west":{"uv":[7,1,7.375,1.75],"texture":"#0"},"up":{"uv":[4.375,8.125,4,7.75],"rotation":270,"texture":"#0"},"down":{"uv":[8.125,4.25,7.75,4.625],"rotation":90,"texture":"#0"}}},{"from":[8.84331,4.2311,14.16529],"to":[10.34331,5.3811,15.31529],"rotation":{"angle":-45,"axis":"x","origin":[9.59331,-3.32267,8]},"faces":{"north":{"uv":[4.75,8.25,5.125,8.5],"texture":"#0"},"east":{"uv":[7,7.5,7.25,7.75],"texture":"#0"},"south":{"uv":[8.25,4.75,8.625,5],"texture":"#0"},"west":{"uv":[6.25,5.75,6.5,6],"texture":"#0"},"up":{"uv":[8.5,5.375,8.25,5],"rotation":270,"texture":"#0"},"down":{"uv":[5.5,8.25,5.25,8.625],"rotation":90,"texture":"#0"}}},{"from":[8.94331,3.69145,10.80654],"to":[10.24331,4.84145,11.95654],"rotation":{"angle":-45,"axis":"x","origin":[9.59331,-3.32267,8]},"faces":{"north":{"uv":[8.25,5.5,8.625,5.75],"texture":"#0"},"east":{"uv":[8.5,1.5,8.75,1.75],"texture":"#0"},"south":{"uv":[5.75,8.25,6.125,8.5],"texture":"#0"},"west":{"uv":[4.5,7.75,4.75,8],"texture":"#0"},"up":{"uv":[6.5,8.625,6.25,8.25],"rotation":270,"texture":"#0"},"down":{"uv":[6.75,8.25,6.5,8.625],"rotation":90,"texture":"#0"}}},{"from":[8.89331,3.64793,5.02478],"to":[10.29331,5.24793,8.27478],"rotation":{"angle":0,"axis":"y","origin":[9.59331,-3.32267,8]},"faces":{"north":{"uv":[7.75,4.75,8.125,5.125],"texture":"#0"},"east":{"uv":[6.25,4.75,7.125,5.125],"texture":"#0"},"south":{"uv":[7.75,5.25,8.125,5.625],"texture":"#0"},"west":{"uv":[6.25,4.25,7.125,4.625],"texture":"#0"},"up":{"uv":[7.125,5.625,6.25,5.25],"rotation":270,"texture":"#0"},"down":{"uv":[7.375,2.75,6.5,3.125],"rotation":90,"texture":"#0"}}},{"from":[8.84331,0.95863,10.26433],"to":[10.34331,2.55863,13.51433],"rotation":{"angle":-45,"axis":"x","origin":[9.59331,-3.32267,8]},"faces":{"north":{"uv":[5.75,7.75,6.125,8.125],"texture":"#0"},"east":{"uv":[3.75,6.5,4.625,6.875],"texture":"#0"},"south":{"uv":[7.75,6.75,8.125,7.125],"texture":"#0"},"west":{"uv":[6.5,3.25,7.375,3.625],"texture":"#0"},"up":{"uv":[7.375,4.125,6.5,3.75],"rotation":270,"texture":"#0"},"down":{"uv":[5.625,6.5,4.75,6.875],"rotation":90,"texture":"#0"}}},{"from":[8.89331,1.88089,9.37594],"to":[10.29331,3.48089,11.42594],"rotation":{"angle":-22.5,"axis":"x","origin":[9.59331,-3.32267,8]},"faces":{"north":{"uv":[7,7.75,7.375,8.125],"texture":"#0"},"east":{"uv":[7.75,0,8.25,0.375],"texture":"#0"},"south":{"uv":[7.75,7.25,8.125,7.625],"texture":"#0"},"west":{"uv":[0,7.75,0.5,8.125],"texture":"#0"},"up":{"uv":[1,8.125,0.5,7.75],"rotation":270,"texture":"#0"},"down":{"uv":[8.25,0.5,7.75,0.875],"rotation":90,"texture":"#0"}}},{"from":[8.89331,1.28716,5.44242],"to":[10.29331,2.43716,6.59242],"rotation":{"angle":0,"axis":"y","origin":[9.59331,-3.32267,8]},"faces":{"north":{"uv":[8.25,6.75,8.625,7],"texture":"#0"},"east":{"uv":[8.5,1.75,8.75,2],"texture":"#0"},"south":{"uv":[7,8.25,7.375,8.5],"texture":"#0"},"west":{"uv":[1.75,8.5,2,8.75],"texture":"#0"},"up":{"uv":[8.5,7.375,8.25,7],"rotation":270,"texture":"#0"},"down":{"uv":[7.75,8.25,7.5,8.625],"rotation":90,"texture":"#0"}}},{"from":[8.99831,6.09149,7.37161],"to":[10.18831,8.04149,9.32161],"rotation":{"angle":-22.5,"axis":"x","origin":[9.59331,-3.32267,8]},"faces":{"north":{"uv":[4,8.5,3.5,8.25],"rotation":90,"texture":"#0"},"east":{"uv":[7.5,6.25,8,5.75],"rotation":90,"texture":"#0"},"south":{"uv":[3.5,8.25,3,8.5],"rotation":90,"texture":"#0"},"west":{"uv":[5.25,8,5.75,7.5],"rotation":270,"texture":"#0"},"up":{"uv":[2.75,8.75,3,8.25],"texture":"#0"},"down":{"uv":[2.5,8.75,2.75,8.25],"rotation":180,"texture":"#0"}}},{"from":[9.19831,1.2274,3.50511],"to":[9.98831,2.7774,7.00511],"rotation":{"angle":22.5,"axis":"x","origin":[9.59331,-3.32267,8]},"faces":{"north":{"uv":[8.625,7.75,8.25,7.5],"rotation":90,"texture":"#0"},"east":{"uv":[5.75,6.75,6.125,7.625],"rotation":90,"texture":"#0"},"south":{"uv":[8.125,8.25,7.75,8.5],"rotation":90,"texture":"#0"},"west":{"uv":[6.5,5.75,6.875,6.625],"rotation":270,"texture":"#0"},"up":{"uv":[6.75,7.5,7,8.375],"texture":"#0"},"down":{"uv":[5.25,1.5,5.5,2.375],"rotation":180,"texture":"#0"}}},{"from":[9.59331,2.26195,-2.81353],"to":[9.59331,6.51195,1.23647],"rotation":{"angle":22.5,"axis":"x","origin":[9.59331,-3.32267,8]},"faces":{"north":{"uv":[0,0,0,1.125],"texture":"#0"},"east":{"uv":[5.25,1.25,4.25,2.375],"texture":"#0"},"south":{"uv":[0,0,0,1.125],"texture":"#0"},"west":{"uv":[5.25,0,4.25,1.125],"texture":"#0"},"up":{"uv":[0,0,1,0],"rotation":270,"texture":"#0"},"down":{"uv":[0,0,1,0],"rotation":90,"texture":"#0"}}},{"from":[9.59331,-1.64646,3.76263],"to":[9.59331,3.15354,8.01263],"rotation":{"angle":0,"axis":"z","origin":[9.59331,-3.32267,8]},"faces":{"north":{"uv":[0,0,0,1.25],"texture":"#0"},"east":{"uv":[4.125,1.25,3,2.5],"texture":"#0"},"south":{"uv":[0,0,0,1.25],"texture":"#0"},"west":{"uv":[4.125,0,3,1.25],"texture":"#0"},"up":{"uv":[0,0,1.125,0],"rotation":270,"texture":"#0"},"down":{"uv":[0,0,1.125,0],"rotation":90,"texture":"#0"}}},{"from":[9.58831,2.13831,2.71831],"to":[9.59831,6.18831,6.96831],"rotation":{"angle":0,"axis":"z","origin":[9.59331,-3.32267,8]},"faces":{"north":{"uv":[1,0,0,0],"rotation":270,"texture":"#0"},"east":{"uv":[4.5,3.75,5.5,4.875],"rotation":270,"texture":"#0"},"south":{"uv":[1,0,0,0],"rotation":270,"texture":"#0"},"west":{"uv":[4.5,2.5,5.5,3.625],"rotation":90,"texture":"#0"},"up":{"uv":[0,0,0,1.125],"rotation":180,"texture":"#0"},"down":{"uv":[0,0,0,1.125],"texture":"#0"}}},{"from":[8.69331,2.01212,12.38952],"to":[10.49331,3.81212,15.38952],"rotation":{"angle":-22.5,"axis":"x","origin":[9.59331,-3.32267,8]},"faces":{"north":{"uv":[5.75,7,5.25,7.5],"texture":"#0"},"east":{"uv":[7,1.25,6.25,1.75],"texture":"#0"},"south":{"uv":[5.25,7,4.75,7.5],"texture":"#0"},"west":{"uv":[7,0.75,6.25,1.25],"texture":"#0"},"up":{"uv":[6.25,2.25,7,1.75],"rotation":270,"texture":"#0"},"down":{"uv":[6.25,2.25,7,2.75],"rotation":90,"texture":"#0"}}},{"from":[8.84331,3.21191,4.73895],"to":[10.34331,4.81191,7.98895],"rotation":{"angle":45,"axis":"x","origin":[9.59331,-3.32267,8]},"faces":{"north":{"uv":[8.125,6.75,7.75,7.125],"texture":"#0"},"east":{"uv":[4.625,6.5,3.75,6.875],"texture":"#0"},"south":{"uv":[6.125,7.75,5.75,8.125],"texture":"#0"},"west":{"uv":[7.375,3.25,6.5,3.625],"texture":"#0"},"up":{"uv":[6.5,4.125,7.375,3.75],"rotation":270,"texture":"#0"},"down":{"uv":[4.75,6.5,5.625,6.875],"rotation":90,"texture":"#0"}}},{"from":[8.89331,3.10035,7.51811],"to":[10.29331,4.70035,9.56811],"rotation":{"angle":22.5,"axis":"x","origin":[9.59331,-3.32267,8]},"faces":{"north":{"uv":[8.125,7.25,7.75,7.625],"texture":"#0"},"east":{"uv":[8.25,0,7.75,0.375],"texture":"#0"},"south":{"uv":[7.375,7.75,7,8.125],"texture":"#0"},"west":{"uv":[0.5,7.75,0,8.125],"texture":"#0"},"up":{"uv":[0.5,8.125,1,7.75],"rotation":270,"texture":"#0"},"down":{"uv":[7.75,0.5,8.25,0.875],"rotation":90,"texture":"#0"}}},{"from":[8.89331,1.28716,12.5942],"to":[10.29331,2.43716,13.7442],"rotation":{"angle":0,"axis":"y","origin":[9.59331,-3.32267,8]},"faces":{"north":{"uv":[7.375,8.25,7,8.5],"texture":"#0"},"east":{"uv":[8.75,1.75,8.5,2],"texture":"#0"},"south":{"uv":[8.625,6.75,8.25,7],"texture":"#0"},"west":{"uv":[2,8.5,1.75,8.75],"texture":"#0"},"up":{"uv":[8.25,7.375,8.5,7],"rotation":270,"texture":"#0"},"down":{"uv":[7.5,8.25,7.75,8.625],"rotation":90,"texture":"#0"}}},{"from":[9.19831,0.00794,11.93894],"to":[9.98831,1.55794,15.43894],"rotation":{"angle":-22.5,"axis":"x","origin":[9.59331,-3.32267,8]},"faces":{"north":{"uv":[8.125,8.5,7.75,8.25],"rotation":90,"texture":"#0"},"east":{"uv":[5.75,7.625,6.125,6.75],"rotation":90,"texture":"#0"},"south":{"uv":[8.625,7.5,8.25,7.75],"rotation":90,"texture":"#0"},"west":{"uv":[6.5,6.625,6.875,5.75],"rotation":270,"texture":"#0"},"up":{"uv":[6.75,8.375,7,7.5],"texture":"#0"},"down":{"uv":[5.25,2.375,5.5,1.5],"rotation":180,"texture":"#0"}}},{"from":[8.49331,-0.5214,13.05455],"to":[10.69331,1.9786,15.55455],"rotation":{"angle":-45,"axis":"x","origin":[9.59331,-3.32267,8]},"faces":{"north":{"uv":[6.25,6.75,6.75,7.375],"texture":"#0"},"east":{"uv":[6.25,0,6.875,0.625],"texture":"#0"},"south":{"uv":[6.75,6.75,7.25,7.375],"texture":"#0"},"west":{"uv":[5.75,6,6.375,6.625],"texture":"#0"},"up":{"uv":[7.625,0.5,7,0],"rotation":270,"texture":"#0"},"down":{"uv":[7.625,0.5,7,1],"rotation":90,"texture":"#0"}}},{"from":[8.99331,1.03926,14.61521],"to":[10.19331,2.53926,16.11521],"rotation":{"angle":-45,"axis":"x","origin":[9.59331,-3.32267,8]},"faces":{"north":{"uv":[8.25,7.75,8.5,8.125],"texture":"#0"},"east":{"uv":[1.5,8,1.875,8.375],"texture":"#0"},"south":{"uv":[8.25,8.25,8.5,8.625],"texture":"#0"},"west":{"uv":[8,1,8.375,1.375],"texture":"#0"},"up":{"uv":[8.875,0.5,8.5,0.25],"rotation":270,"texture":"#0"},"down":{"uv":[0.875,8.5,0.5,8.75],"rotation":90,"texture":"#0"}}},{"from":[8.94331,-11.80866,8.94331],"to":[10.24331,-5.80866,10.24331],"rotation":{"angle":0,"axis":"y","origin":[9.59331,-3.32267,8]},"faces":{"north":{"uv":[5.5,1.5,5.875,3],"texture":"#0"},"east":{"uv":[5.5,3,5.875,4.5],"texture":"#0"},"south":{"uv":[5.75,4.5,6.125,6],"texture":"#0"},"west":{"uv":[5.25,5,5.625,6.5],"texture":"#0"},"up":{"uv":[7.875,8.125,7.5,7.75],"rotation":270,"texture":"#0"},"down":{"uv":[1.375,8,1,8.375],"rotation":90,"texture":"#0"}}},{"from":[8.99831,-6.11533,7.46062],"to":[10.18831,-4.16533,9.41062],"rotation":{"angle":-45,"axis":"x","origin":[9.59331,-3.32267,8]},"faces":{"north":{"uv":[3.5,8.25,4,8.5],"rotation":270,"texture":"#0"},"east":{"uv":[8,5.75,7.5,6.25],"rotation":270,"texture":"#0"},"south":{"uv":[3,8.5,3.5,8.25],"rotation":270,"texture":"#0"},"west":{"uv":[5.75,7.5,5.25,8],"rotation":90,"texture":"#0"},"up":{"uv":[3,8.25,2.75,8.75],"rotation":180,"texture":"#0"},"down":{"uv":[2.75,8.25,2.5,8.75],"texture":"#0"}}},{"from":[8.94331,-2.80866,8.94331],"to":[10.24331,3.19134,10.24331],"rotation":{"angle":0,"axis":"y","origin":[9.59331,-3.32267,8]},"faces":{"north":{"uv":[5.5,1.5,5.875,3],"texture":"#0"},"east":{"uv":[5.5,3,5.875,4.5],"texture":"#0"},"south":{"uv":[5.75,4.5,6.125,6],"texture":"#0"},"west":{"uv":[5.25,5,5.625,6.5],"texture":"#0"},"up":{"uv":[7.875,8.125,7.5,7.75],"rotation":270,"texture":"#0"},"down":{"uv":[1.375,8,1,8.375],"rotation":90,"texture":"#0"}}},{"from":[8.69331,2.19134,8.69331],"to":[10.49331,3.19134,10.49331],"rotation":{"angle":0,"axis":"y","origin":[9.59331,-3.32267,8]},"faces":{"north":{"uv":[8,2,8.5,2.25],"texture":"#0"},"east":{"uv":[8,2.25,8.5,2.5],"texture":"#0"},"south":{"uv":[2.5,8,3,8.25],"texture":"#0"},"west":{"uv":[7,2.5,7.5,2.75],"texture":"#0"},"up":{"uv":[7.5,6.25,7,5.75],"rotation":270,"texture":"#0"},"down":{"uv":[7.5,6.25,7,6.75],"rotation":90,"texture":"#0"}}},{"from":[8.69331,1.19134,8.69331],"to":[10.49331,1.94134,10.49331],"rotation":{"angle":0,"axis":"y","origin":[9.59331,-3.32267,8]},"faces":{"north":{"uv":[8,2.75,8.5,3],"texture":"#0"},"east":{"uv":[3,8,3.5,8.25],"texture":"#0"},"south":{"uv":[8,3,8.5,3.25],"texture":"#0"},"west":{"uv":[8,2.5,8.5,2.75],"texture":"#0"},"up":{"uv":[0.5,7.75,0,7.25],"rotation":270,"texture":"#0"},"down":{"uv":[1,7.25,0.5,7.75],"rotation":90,"texture":"#0"}}},{"from":[8.59331,-12.21899,1.35696],"to":[10.59331,-10.21899,3.35696],"rotation":{"angle":-45,"axis":"x","origin":[9.59331,-3.32267,8]},"faces":{"north":{"uv":[1.5,7.25,2,7.75],"texture":"#0"},"east":{"uv":[2,7.25,2.5,7.75],"texture":"#0"},"south":{"uv":[2.5,7.25,3,7.75],"texture":"#0"},"west":{"uv":[1,7.25,1.5,7.75],"texture":"#0"},"up":{"uv":[7.75,4.75,7.25,4.25],"rotation":270,"texture":"#0"},"down":{"uv":[7.75,4.75,7.25,5.25],"rotation":90,"texture":"#0"}}},{"from":[8.69331,-12.44134,8.69331],"to":[10.49331,-11.44134,10.49331],"rotation":{"angle":0,"axis":"y","origin":[9.59331,-3.32267,8]},"faces":{"north":{"uv":[3.5,8,4,8.25],"texture":"#0"},"east":{"uv":[8,3.5,8.5,3.75],"texture":"#0"},"south":{"uv":[8,3.75,8.5,4],"texture":"#0"},"west":{"uv":[8,3.25,8.5,3.5],"texture":"#0"},"up":{"uv":[7.75,5.75,7.25,5.25],"rotation":270,"texture":"#0"},"down":{"uv":[7.75,6.75,7.25,7.25],"rotation":90,"texture":"#0"}}},{"from":[8.69331,-11.19134,8.69331],"to":[10.49331,-10.44134,10.49331],"rotation":{"angle":0,"axis":"y","origin":[9.59331,-3.32267,8]},"faces":{"north":{"uv":[5,8,5.5,8.25],"texture":"#0"},"east":{"uv":[8,5.75,8.5,6],"texture":"#0"},"south":{"uv":[8,6,8.5,6.25],"texture":"#0"},"west":{"uv":[4.5,8,5,8.25],"texture":"#0"},"up":{"uv":[7.75,7.75,7.25,7.25],"rotation":270,"texture":"#0"},"down":{"uv":[8,1,7.5,1.5],"rotation":90,"texture":"#0"}}},{"from":[8.69331,-3.69134,8.69331],"to":[10.49331,-2.69134,10.49331],"rotation":{"angle":0,"axis":"y","origin":[9.59331,-3.32267,8]},"faces":{"north":{"uv":[3.5,8,4,8.25],"texture":"#0"},"east":{"uv":[8,3.5,8.5,3.75],"texture":"#0"},"south":{"uv":[8,3.75,8.5,4],"texture":"#0"},"west":{"uv":[8,3.25,8.5,3.5],"texture":"#0"},"up":{"uv":[7.75,5.75,7.25,5.25],"rotation":270,"texture":"#0"},"down":{"uv":[7.75,6.75,7.25,7.25],"rotation":90,"texture":"#0"}}},{"from":[8.69331,-5.81634,8.69331],"to":[10.49331,-4.81634,10.49331],"rotation":{"angle":0,"axis":"y","origin":[9.59331,-3.32267,8]},"faces":{"north":{"uv":[8,3.75,8.5,4],"rotation":180,"texture":"#0"},"east":{"uv":[8,3.5,8.5,3.75],"rotation":180,"texture":"#0"},"south":{"uv":[3.5,8,4,8.25],"rotation":180,"texture":"#0"},"west":{"uv":[8,3.25,8.5,3.5],"rotation":180,"texture":"#0"},"up":{"uv":[7.75,6.75,7.25,7.25],"rotation":90,"texture":"#0"},"down":{"uv":[7.75,5.75,7.25,5.25],"rotation":270,"texture":"#0"}}},{"from":[8.34331,1.77854,6.19331],"to":[10.84331,8.52854,12.99331],"rotation":{"angle":0,"axis":"y","origin":[9.59331,-3.32267,8]},"faces":{"north":{"uv":[0,0,0.25,0.1875],"texture":"#0"},"east":{"uv":[0,0,16,16],"texture":"#1"},"south":{"uv":[0,0,0.125,0.1875],"texture":"#0"},"west":{"uv":[0,0,16,16],"texture":"#1"},"up":{"uv":[0,0,0.2,0.125],"rotation":270,"texture":"#0"},"down":{"uv":[0,0,0.2,0.125],"rotation":90,"texture":"#0"}}},{"from":[9.59331,-15.96169,7.56831],"to":[9.59331,-11.71169,11.61831],"rotation":{"angle":0,"axis":"y","origin":[9.59331,-3.32267,8]},"faces":{"north":{"uv":[0,0,0,1.125],"texture":"#0"},"east":{"uv":[4.5,3.75,5.5,4.875],"texture":"#0"},"south":{"uv":[0,0,0,1.125],"texture":"#0"},"west":{"uv":[4.5,2.5,5.5,3.625],"texture":"#0"},"up":{"uv":[1,0,0,0],"rotation":270,"texture":"#0"},"down":{"uv":[1,0,0,0],"rotation":90,"texture":"#0"}}}],"gui_light":"front","display":{"thirdperson_righthand":{"translation":[-1.5,12.75,0],"scale":[0.9,0.9,0.9]},"thirdperson_lefthand":{"translation":[-1.5,12.75,0],"scale":[0.9,0.9,0.9]},"firstperson_righthand":{"rotation":[-9,21,3],"translation":[12,8.75,-19.5],"scale":[1.4375,1.4375,1.4375]},"firstperson_lefthand":{"rotation":[-9,21,3],"translation":[12,8.75,-19.5],"scale":[1.4375,1.4375,1.4375]},"ground":{"rotation":[-84,92,0],"translation":[0,-0.25,-6.5],"scale":[0.54,0.54,0.54]},"gui":{"rotation":[-90,49,90],"translation":[-4,4,0],"scale":[0.59,0.59,0.59]},"head":{"rotation":[104,180,119],"translation":[7.25,12.25,-7.75]},"fixed":{"rotation":[0,90,0],"translation":[-1.75,15.25,-1],"scale":[1.32422,1.32422,1.32422]}},"groups":[{"name":"axe","origin":[8,19.37678,7.955],"color":0,"boneType":"","children":[{"name":"left","origin":[15,-5.00502,8],"color":0,"boneType":"","children":[0,1,2,3,4,5,6,7,8,9,10,11,12,13,14,15]},{"name":"right","origin":[15,-5.00502,8],"color":0,"boneType":"","children":[16,17,18,19,20]},{"name":"mid","origin":[8,-3.5,8],"color":0,"boneType":"","children":[21,22]},23,24,25,26,27,28,29,30,31,32,33,34]}]}